player_id,transfer_date,transfer_season,from_club_id,to_club_id,from_club_name,to_club_name,transfer_fee,market_value_in_eur,premium_discount_pct,player_name
1052439,2027-06-30,26/27,209,631,River Plate,Chelsea,$0.00,"$8,000,000.00",-100.00%,Kendry Páez
1043003,2027-01-27,26/27,114,405,Besiktas,Aston Villa,$0.00,"$5,000,000.00",-100.00%,Yasin Özcan
1179146,2026-08-12,26/27,10482,631,Kairat Almaty,Chelsea,"$2,400,000.00","$3,000,000.00",-20.00%,Dastan Satpaev
95810,2026-07-01,26/27,762,543,Newcastle,Wolves,$0.00,"$1,500,000.00",-100.00%,Kieran Trippier
118302,2026-07-01,26/27,7006,5551,Melb. Victory,Newcastle,$0.00,"$450,000.00",-100.00%,Nikolaos Vergos
206040,2026-07-01,26/27,931,543,Fulham,Wolves,$0.00,"$3,000,000.00",-100.00%,Raúl Jiménez
345911,2026-07-01,26/27,12321,543,Girona,Wolves,"$7,500,000.00","$22,000,000.00",-65.91%,Ladislav Krejci
468539,2026-07-01,26/27,27,180,Bayern Munich,Southampton,"$8,000,000.00","$4,000,000.00",100.00%,Daniel Peretz
559328,2026-07-01,26/27,667,631,R. Strasbourg,Chelsea,,"$25,000,000.00",-100.00%,Emmanuel Emegha
608832,2026-07-01,26/27,60,29,Freiburg,Everton,"$25,000,000.00","$16,000,000.00",56.25%,Merlin Röhl
659813,2026-07-01,26/27,15,11,Leverkusen,Arsenal,"$52,000,000.00","$50,000,000.00",4.00%,Piero Hincapié
703772,2026-07-01,26/27,1435,512,Go Ahead Eagles,Stoke City,"$5,500,000.00","$2,000,000.00",175.00%,Milan Smit
931102,2026-07-01,26/27,2553,355,Kilmarnock FC,Bolton,$0.00,"$2,000,000.00",-100.00%,David Watson
1004301,2026-07-01,26/27,273,31,Stade Rennais,Liverpool,"$63,600,000.00","$55,000,000.00",15.64%,Jérémy Jacquet
1138758,2026-07-01,26/27,336,631,Sporting,Chelsea,"$50,700,000.00","$42,000,000.00",20.71%,Geovany Quenda
1282860,2026-07-01,26/27,413,405,LASK,Aston Villa,"$5,500,000.00","$6,000,000.00",-8.33%,Modou Kéba Cissé
75489,2026-06-30,25/26,5,379,AC Milan,West Ham,$0.00,"$3,500,000.00",-100.00%,Niclas Füllkrug
124419,2026-06-30,25/26,368,762,Sevilla FC,Newcastle,$0.00,"$3,000,000.00",-100.00%,Odysseas Vlachodimos
181380,2026-06-30,25/26,826,289,Lens,Sunderland,$0.00,"$2,000,000.00",-100.00%,Arthur Masuaku
181579,2026-06-30,25/26,1132,379,Burnley,West Ham,$0.00,"$5,000,000.00",-100.00%,James Ward-Prowse
195633,2026-06-30,25/26,984,180,West Brom,Southampton,$0.00,"$2,000,000.00",-100.00%,Charlie Taylor
203460,2026-06-30,25/26,29,281,Everton,Man City,$0.00,"$20,000,000.00",-100.00%,Jack Grealish
234509,2026-06-30,25/26,449,985,Trabzonspor,Man Utd,$0.00,"$10,000,000.00",-100.00%,André Onana
234781,2026-06-30,25/26,252,379,Genoa,West Ham,$0.00,"$2,000,000.00",-100.00%,Maxwel Cornet
258923,2026-06-30,25/26,131,985,Barcelona,Man Utd,$0.00,"$40,000,000.00",-100.00%,Marcus Rashford
284730,2026-06-30,25/26,46,281,Inter,Man City,$0.00,"$17,000,000.00",-100.00%,Manuel Akanji
292808,2026-06-30,25/26,162,1003,Monaco,Leicester,$0.00,"$10,000,000.00",-100.00%,Wout Faes
326029,2026-06-30,25/26,12,405,Roma,Aston Villa,$0.00,"$45,000,000.00",-100.00%,Donyell Malen
338070,2026-06-30,25/26,12,31,Roma,Liverpool,$0.00,"$4,500,000.00",-100.00%,Konstantinos Tsimikas
340325,2026-06-30,25/26,1148,11,Brentford,Arsenal,$0.00,"$8,000,000.00",-100.00%,Reiss Nelson
351749,2026-06-30,25/26,350,281,Sheff Utd,Man City,$0.00,"$2,500,000.00",-100.00%,Kalvin Phillips
366729,2026-06-30,25/26,6107,289,Arka Gdynia,Sunderland,$0.00,"$600,000.00",-100.00%,Nazariy Rusyn
369567,2026-06-30,25/26,413,543,LASK,Wolves,$0.00,"$4,000,000.00",-100.00%,Sasa Kalajdzic
381469,2026-06-30,25/26,234,931,Feyenoord,Fulham,$0.00,"$1,000,000.00",-100.00%,Steven Benda
386047,2026-06-30,25/26,379,631,West Ham,Chelsea,$0.00,"$15,000,000.00",-100.00%,Axel Disasi
401173,2026-06-30,25/26,405,985,Aston Villa,Man Utd,$0.00,"$18,000,000.00",-100.00%,Jadon Sancho
401356,2026-06-30,25/26,36,379,Fenerbahçe,West Ham,$0.00,"$15,000,000.00",-100.00%,Edson Álvarez
405385,2026-06-30,25/26,86,180,Werder Bremen,Southampton,$0.00,"$5,500,000.00",-100.00%,Yukinari Sugawara
414908,2026-06-30,25/26,10004,543,Paris FC,Wolves,$0.00,"$15,000,000.00",-100.00%,Marshall Munetsi
425918,2026-06-30,25/26,720,11,Porto,Arsenal,$0.00,"$35,000,000.00",-100.00%,Jakub Kiwior
427568,2026-06-30,25/26,762,180,Newcastle,Southampton,$0.00,"$12,000,000.00",-100.00%,Aaron Ramsdale
444211,2026-06-30,25/26,1028,180,Millwall,Southampton,$0.00,"$3,500,000.00",-100.00%,Will Smallbone
486604,2026-06-30,25/26,610,31,Ajax,Liverpool,$0.00,"$5,000,000.00",-100.00%,Vitezslav Jaros
493513,2026-06-30,25/26,86,11,Werder Bremen,Arsenal,$0.00,"$3,000,000.00",-100.00%,Karl Hein
500689,2026-06-30,25/26,873,405,Crystal Palace,Aston Villa,$0.00,"$25,000,000.00",-100.00%,Evann Guessand
537598,2026-06-30,25/26,41,11,Hamburg,Arsenal,$0.00,"$18,000,000.00",-100.00%,Fábio Vieira
538998,2026-06-30,25/26,738,289,Le Havre AC,Sunderland,$0.00,"$1,800,000.00",-100.00%,Timothée Pembélé
555074,2026-06-30,25/26,9644,405,Raków,Aston Villa,$0.00,"$2,000,000.00",-100.00%,Oliwier Zych
565822,2026-06-30,25/26,405,31,Aston Villa,Liverpool,$0.00,"$20,000,000.00",-100.00%,Harvey Elliott
576121,2026-06-30,25/26,7154,281,Radomiak,Man City,$0.00,"$2,500,000.00",-100.00%,Josh Wilson-Esbrand
581672,2026-06-30,25/26,4172,405,Pisa,Aston Villa,$0.00,"$6,500,000.00",-100.00%,Samuel Iling-Junior
591844,2026-06-30,25/26,1211,405,Port Vale,Aston Villa,$0.00,"$1,200,000.00",-100.00%,Joe Gauci
592975,2026-06-30,25/26,6574,1003,Sassuolo,Leicester,$0.00,"$2,000,000.00",-100.00%,Woyo Coulibaly
610442,2026-06-30,25/26,6195,985,Napoli,Man Utd,$0.00,"$60,000,000.00",-100.00%,Rasmus Højlund
617755,2026-06-30,25/26,82,289,Wolfsburg,Sunderland,$0.00,"$5,000,000.00",-100.00%,Jenson Seelt
627248,2026-06-30,25/26,466,405,Preston,Aston Villa,$0.00,"$7,000,000.00",-100.00%,Lewis Dobbin
646738,2026-06-30,25/26,142,180,Real Zaragoza,Southampton,$0.00,"$2,000,000.00",-100.00%,Juan Larios
649020,2026-06-30,25/26,347,543,FC Metz,Wolves,$0.00,"$4,000,000.00",-100.00%,Boubacar Traoré
649452,2026-06-30,25/26,1112,281,Wrexham,Man City,$0.00,"$4,000,000.00",-100.00%,Issa Kaboré
654253,2026-06-30,25/26,3008,985,Hull City,Man Utd,$0.00,"$5,000,000.00",-100.00%,Toby Collyer
654982,2026-06-30,25/26,79,1003,Stuttgart,Leicester,$0.00,"$35,000,000.00",-100.00%,Bilal El Khannouss
658536,2026-06-30,25/26,162,289,Monaco,Sunderland,$0.00,"$22,000,000.00",-100.00%,Simon Adingra
671915,2026-06-30,25/26,294,405,Benfica,Aston Villa,$0.00,"$12,000,000.00",-100.00%,Enzo Barrenechea
743597,2026-06-30,25/26,978,873,Vasco da Gama,Crystal Palace,$0.00,"$6,000,000.00",-100.00%,Matheus França
776890,2026-06-30,25/26,27,631,Bayern Munich,Chelsea,$0.00,"$40,000,000.00",-100.00%,Nicolas Jackson
787232,2026-06-30,25/26,667,631,R. Strasbourg,Chelsea,$0.00,"$4,000,000.00",-100.00%,David Datro Fofana
814848,2026-06-30,25/26,349,873,Barnsley,Crystal Palace,$0.00,"$550,000.00",-100.00%,Owen Goodman
820241,2026-06-30,25/26,41,180,Hamburg,Southampton,$0.00,"$4,000,000.00",-100.00%,Damion Downs
834397,2026-06-30,25/26,667,631,R. Strasbourg,Chelsea,$0.00,"$25,000,000.00",-100.00%,Mike Penders
840687,2026-06-30,25/26,979,289,Moreirense,Sunderland,$0.00,"$600,000.00",-100.00%,Luís Semedo
845321,2026-06-30,25/26,1150,379,Leyton Orient,West Ham,$0.00,"$1,000,000.00",-100.00%,Kaelan Casey
848682,2026-06-30,25/26,23826,405,Leipzig,Aston Villa,$0.00,"$6,000,000.00",-100.00%,Kosta Nedeljkovic
888639,2026-06-30,25/26,1027,985,Bradford,Man Utd,$0.00,"$250,000.00",-100.00%,Ethan Wheatley
890719,2026-06-30,25/26,244,11,Marseille,Arsenal,$0.00,"$35,000,000.00",-100.00%,Ethan Nwaneri
936874,2026-06-30,25/26,29,631,Everton,Chelsea,$0.00,"$20,000,000.00",-100.00%,Tyrique George
953135,2026-06-30,25/26,80,379,VfL Bochum,West Ham,$0.00,"$2,000,000.00",-100.00%,Callum Marshall
994536,2026-06-30,25/26,12321,281,Girona,Man City,$0.00,"$15,000,000.00",-100.00%,Claudio Echeverri
1005575,2026-06-30,25/26,12321,281,Girona,Man City,$0.00,"$30,000,000.00",-100.00%,Vitor Reis
1011738,2026-06-30,25/26,1123,985,Norwich,Man Utd,$0.00,"$5,000,000.00",-100.00%,Harry Amass
1064471,2026-06-30,25/26,940,543,Celta de Vigo,Wolves,$0.00,"$16,000,000.00",-100.00%,Fer López
1121298,2026-06-30,25/26,417,281,Nice,Man City,$0.00,"$10,000,000.00",-100.00%,Juma Bah
1145504,2026-06-30,25/26,667,631,R. Strasbourg,Chelsea,$0.00,"$10,000,000.00",-100.00%,Aarón Anselmino
250478,2026-05-31,25/26,641,762,Middlesbrough,Newcastle,$0.00,"$3,000,000.00",-100.00%,Matt Targett
256773,2026-05-31,25/26,903,641,Hibernian FC,Middlesbrough,$0.00,"$1,200,000.00",-100.00%,Dan Barlaser
426192,2026-05-31,25/26,22,180,Derby,Southampton,$0.00,"$5,000,000.00",-100.00%,Ben Brereton Díaz
433183,2026-05-31,25/26,337,543,Birmingham,Wolves,$0.00,"$7,000,000.00",-100.00%,Tommy Doyle
468198,2026-05-31,25/26,1003,180,Leicester,Southampton,$0.00,"$1,800,000.00",-100.00%,Joe Aribo
485583,2026-05-31,25/26,350,543,Sheff Utd,Wolves,$0.00,"$3,500,000.00",-100.00%,Ki-Jana Hoever
559130,2026-05-31,25/26,1027,762,Bradford,Newcastle,$0.00,"$1,200,000.00",-100.00%,Harrison Ashby
585550,2026-05-31,25/26,512,180,Stoke City,Southampton,$0.00,"$8,000,000.00",-100.00%,Gavin Bazunu
586834,2026-05-31,25/26,512,873,Stoke City,Crystal Palace,$0.00,"$6,000,000.00",-100.00%,Jesurun Rak-Sakyi
614811,2026-05-31,25/26,1027,762,Bradford,Newcastle,$0.00,"$200,000.00",-100.00%,Joe White
663225,2026-05-31,25/26,1098,29,Stockport,Everton,$0.00,"$350,000.00",-100.00%,Tyler Onyango
724783,2026-05-31,25/26,349,543,Barnsley,Wolves,$0.00,"$450,000.00",-100.00%,Tawanda Chirewa
817612,2026-05-31,25/26,2805,931,Wycombe,Fulham,$0.00,"$900,000.00",-100.00%,Luke Harris
862297,2026-05-31,25/26,124,543,Rangers,Wolves,$0.00,"$6,000,000.00",-100.00%,Nasser Djiga
865993,2026-05-31,25/26,22,873,Derby,Crystal Palace,$0.00,"$2,200,000.00",-100.00%,David Ozoh
967319,2026-05-31,25/26,990,873,Coventry,Crystal Palace,$0.00,"$10,000,000.00",-100.00%,Romain Esse
911424,2026-04-01,25/26,9251,985,Man Utd U21,Man Utd,,"$3,000,000.00",-100.00%,Tyler Fredricson
183318,2026-02-02,25/26,762,1003,Newcastle,Leicester,$0.00,"$2,000,000.00",-100.00%,Jamaal Lascelles
250426,2026-02-02,25/26,180,543,Southampton,Wolves,"$8,100,000.00","$9,000,000.00",-10.00%,Adam Armstrong
343463,2026-02-02,25/26,237,180,RCD Mallorca,Southampton,$0.00,"$3,500,000.00",-100.00%,Cyle Larin
386047,2026-02-02,25/26,631,379,Chelsea,West Ham,$0.00,"$15,000,000.00",-100.00%,Axel Disasi
392770,2026-02-02,25/26,244,543,Marseille,Wolves,$0.00,"$18,000,000.00",-100.00%,Angel Gomes
429983,2026-02-02,25/26,543,873,Wolves,Crystal Palace,"$49,700,000.00","$40,000,000.00",24.25%,Jørgen Strand Larsen
468198,2026-02-02,25/26,180,1003,Southampton,Leicester,$0.00,"$4,000,000.00",-100.00%,Joe Aribo
581672,2026-02-02,25/26,984,405,West Brom,Aston Villa,$0.00,"$10,000,000.00",-100.00%,Samuel Iling-Junior
586834,2026-02-02,25/26,873,512,Crystal Palace,Stoke City,$0.00,"$6,000,000.00",-100.00%,Jesurun Rak-Sakyi
706815,2026-02-02,25/26,3537,31,Crawley Town,Liverpool,$0.00,"$500,000.00",-100.00%,Harvey Davies
875208,2026-02-02,25/26,371,355,Celtic,Bolton,$0.00,"$600,000.00",-100.00%,Johnny Kenny
903611,2026-02-02,25/26,58,289,RSC Anderlecht,Sunderland,"$17,340,000.00","$7,000,000.00",147.71%,Nilson Angulo
910905,2026-02-02,25/26,667,631,R. Strasbourg,Chelsea,$0.00,"$25,000,000.00",-100.00%,Mamadou Sarr
911736,2026-02-02,25/26,641,281,Middlesbrough,Man City,$0.00,"$15,000,000.00",-100.00%,Sverre Nypan
936874,2026-02-02,25/26,631,29,Chelsea,Everton,$0.00,"$22,000,000.00",-100.00%,Tyrique George
954105,2026-02-02,25/26,12124,984,Aston Villa U21,West Brom,$0.00,"$300,000.00",-100.00%,Jamaldeen Jimoh-Aloba
467563,2026-02-01,25/26,276,180,Hellas Verona,Southampton,$0.00,"$7,500,000.00",-100.00%,Armel Bella-Kotchap
605426,2026-02-01,25/26,496,289,Malmö,Sunderland,"$3,450,000.00","$500,000.00",590.00%,Melker Ellborg
203853,2026-01-31,25/26,703,11,Nott'm Forest,Arsenal,$0.00,"$15,000,000.00",-100.00%,Oleksandr Zinchenko
500689,2026-01-30,25/26,405,873,Aston Villa,Crystal Palace,$0.00,"$28,000,000.00",-100.00%,Evann Guessand
661207,2026-01-30,25/26,281,931,Man City,Fulham,"$31,200,000.00","$25,000,000.00",24.80%,Oscar Bobb
1052439,2026-01-29,25/26,667,631,R. Strasbourg,Chelsea,$0.00,"$10,000,000.00",-100.00%,Kendry Páez
204103,2026-01-28,25/26,931,379,Fulham,West Ham,"$2,300,000.00","$8,000,000.00",-71.25%,Adama Traoré
447661,2026-01-28,25/26,506,405,Juventus,Aston Villa,$0.00,"$25,000,000.00",-100.00%,Douglas Luiz
331726,2026-01-27,25/26,114,405,Besiktas,Aston Villa,"$21,000,000.00","$14,000,000.00",50.00%,Tammy Abraham
568005,2026-01-27,25/26,1237,641,Brighton,Middlesbrough,$0.00,"$5,000,000.00",-100.00%,Jeremy Sarmiento
1043003,2026-01-27,25/26,58,405,RSC Anderlecht,Aston Villa,$0.00,"$5,000,000.00",-100.00%,Yasin Özcan
1145504,2026-01-26,25/26,16,631,Dortmund,Chelsea,$0.00,"$12,000,000.00",-100.00%,Aarón Anselmino
703772,2026-01-25,25/26,1435,512,Go Ahead Eagles,Stoke City,$0.00,"$2,000,000.00",-100.00%,Milan Smit
942738,2026-01-25,25/26,5689,289,Cracovia,Sunderland,$0.00,"$700,000.00",-100.00%,Milan Aleksic
1011738,2026-01-23,25/26,1035,985,Sheff Wed,Man Utd,$0.00,"$5,000,000.00",-100.00%,Harry Amass
296582,2026-01-22,25/26,698,984,Bristol City,West Brom,,"$2,500,000.00",-100.00%,Max O'Leary
1004203,2026-01-22,25/26,26468,379,Dep. La Guaira,West Ham,$0.00,"$1,200,000.00",-100.00%,Keiber Lamadrid
387626,2026-01-21,25/26,12,405,Roma,Aston Villa,$0.00,"$18,000,000.00",-100.00%,Leon Bailey
787232,2026-01-21,25/26,6646,631,Karagümrük,Chelsea,$0.00,"$5,000,000.00",-100.00%,David Datro Fofana
392757,2026-01-19,25/26,873,281,Crystal Palace,Man City,"$23,000,000.00","$55,000,000.00",-58.18%,Marc Guéhi
731466,2026-01-19,25/26,9250,631,Chelsea U21,Chelsea,,"$550,000.00",-100.00%,Teddy Sharman-Lowe
324223,2026-01-17,25/26,358,180,Charlton,Southampton,$0.00,"$2,500,000.00",-100.00%,James Bree
646738,2026-01-16,25/26,4542,180,CyD Leonesa,Southampton,$0.00,"$2,000,000.00",-100.00%,Juan Larios
1322090,2026-01-16,25/26,5223,289,Maccabi Netanya,Sunderland,"$4,000,000.00","$375,000.00",966.67%,Jocelin Ta Bi
542796,2026-01-15,25/26,501,164,Bodø/Glimt,Blackburn,"$4,000,000.00","$2,500,000.00",60.00%,Mathias Jørgensen
845321,2026-01-15,25/26,2288,379,Swansea,West Ham,$0.00,"$1,000,000.00",-100.00%,Kaelan Casey
246351,2026-01-14,25/26,15831,5551,Selangor FC,Newcastle,,"$650,000.00",-100.00%,Zach Clough
585550,2026-01-13,25/26,180,512,Southampton,Stoke City,$0.00,"$9,000,000.00",-100.00%,Gavin Bazunu
381469,2026-01-12,25/26,1028,931,Millwall,Fulham,$0.00,"$1,000,000.00",-100.00%,Steven Benda
888639,2026-01-12,25/26,1302,985,Northampton,Man Utd,$0.00,"$150,000.00",-100.00%,Ethan Wheatley
586834,2026-01-10,25/26,126,873,C. Rizespor,Crystal Palace,$0.00,"$6,000,000.00",-100.00%,Jesurun Rak-Sakyi
583255,2026-01-09,25/26,989,281,Bournemouth,Man City,"$72,000,000.00","$65,000,000.00",10.77%,Antoine Semenyo
746833,2026-01-09,25/26,1010,631,Watford,Chelsea,$0.00,"$8,000,000.00",-100.00%,Caleb Wiley
468539,2026-01-08,25/26,27,180,Bayern Munich,Southampton,$0.00,"$2,000,000.00",-100.00%,Daniel Peretz
814848,2026-01-08,25/26,1110,873,Huddersfield,Crystal Palace,$0.00,"$550,000.00",-100.00%,Owen Goodman
817612,2026-01-07,25/26,988,931,Oxford United,Fulham,$0.00,"$1,000,000.00",-100.00%,Luke Harris
581330,2026-01-06,25/26,1237,164,Brighton,Blackburn,$0.00,"$7,000,000.00",-100.00%,Eiran Cashin
843595,2026-01-06,25/26,9265,281,Man City U21,Man City,,"$800,000.00",-100.00%,Max Alleyne
522784,2026-01-05,25/26,398,379,Lazio,West Ham,"$29,000,000.00","$25,000,000.00",16.00%,Taty Castellanos
614811,2026-01-05,25/26,1150,762,Leyton Orient,Newcastle,$0.00,"$250,000.00",-100.00%,Joe White
470607,2026-01-02,25/26,148,873,Tottenham,Crystal Palace,"$40,000,000.00","$35,000,000.00",14.29%,Brennan Johnson
817665,2026-01-02,25/26,2424,379,Gil Vicente,West Ham,"$23,000,000.00","$5,000,000.00",360.00%,Pablo
654253,2026-01-01,25/26,984,985,West Brom,Man Utd,$0.00,"$5,000,000.00",-100.00%,Toby Collyer
986298,2026-01-01,25/26,1154,180,Red Star FC,Southampton,$0.00,"$1,200,000.00",-100.00%,Joachim Kayi Sanda
1005583,2026-01-01,25/26,210,405,Grêmio,Aston Villa,"$10,000,000.00","$8,000,000.00",25.00%,Alysson
1107733,2026-01-01,25/26,466,29,Preston,Everton,$0.00,"$1,200,000.00",-100.00%,Harrison Armstrong
511534,2025-12-31,25/26,51772,641,Cincinnati,Middlesbrough,$0.00,"$3,000,000.00",-100.00%,Lukas Engel
994536,2025-12-31,25/26,15,281,Leverkusen,Man City,$0.00,"$15,000,000.00",-100.00%,Claudio Echeverri
1193867,2025-12-31,25/26,10331,543,FC Porto B,Wolves,$0.00,"$4,000,000.00",-100.00%,Pedro Lima
66100,2025-11-06,25/26,515,180,Without Club,Southampton,,"$800,000.00",-100.00%,Oriol Romeu
1081995,2025-10-27,25/26,9267,379,West Ham U21,West Ham,,"$200,000.00",-100.00%,Mohamadou Kanté
1050131,2025-09-23,25/26,26208,5551,Newcastle U21,Newcastle,,"$50,000.00",-100.00%,Lucas Scicluna
29692,2025-09-10,25/26,515,379,Without Club,West Ham,,"$500,000.00",-100.00%,Lukasz Fabianski
131996,2025-09-01,25/26,610,289,Ajax,Sunderland,"$2,900,000.00","$8,000,000.00",-63.75%,Bertrand Traoré
184573,2025-09-01,25/26,985,405,Man Utd,Aston Villa,$0.00,"$8,000,000.00",-100.00%,Victor Lindelöf
195633,2025-09-01,25/26,180,984,Southampton,West Brom,$0.00,"$2,200,000.00",-100.00%,Charlie Taylor
315858,2025-09-01,25/26,583,281,PSG,Man City,"$30,000,000.00","$40,000,000.00",-25.00%,Gianluigi Donnarumma
349066,2025-09-01,25/26,762,31,Newcastle,Liverpool,"$145,000,000.00","$120,000,000.00",20.83%,Alexander Isak
380350,2025-09-01,25/26,1237,379,Brighton,West Ham,$0.00,"$20,000,000.00",-100.00%,Igor Julio
388165,2025-09-01,25/26,1148,762,Brentford,Newcastle,"$57,700,000.00","$32,000,000.00",80.31%,Yoane Wissa
401173,2025-09-01,25/26,985,405,Man Utd,Aston Villa,$0.00,"$28,000,000.00",-100.00%,Jadon Sancho
401922,2025-09-01,25/26,5,931,AC Milan,Fulham,$0.00,"$10,000,000.00",-100.00%,Samuel Chukwueze
420210,2025-09-01,25/26,23826,289,Leipzig,Sunderland,$0.00,"$20,000,000.00",-100.00%,Lutsharel Geertruida
473169,2025-09-01,25/26,610,289,Ajax,Sunderland,"$20,000,000.00","$22,000,000.00",-9.09%,Brian Brobbey
482836,2025-09-01,25/26,540,641,Slo. Bratislava,Middlesbrough,"$7,500,000.00","$8,000,000.00",-6.25%,David Strelec
491707,2025-09-01,25/26,234,1003,Feyenoord,Leicester,$0.00,"$5,000,000.00",-100.00%,Julián Carranza
503883,2025-09-01,25/26,1096,985,Royal Antwerp,Man Utd,"$21,000,000.00","$9,000,000.00",133.33%,Senne Lammens
565822,2025-09-01,25/26,31,405,Liverpool,Aston Villa,$0.00,"$30,000,000.00",-100.00%,Harvey Elliott
581672,2025-09-01,25/26,405,984,Aston Villa,West Brom,$0.00,"$10,000,000.00",-100.00%,Samuel Iling-Junior
608832,2025-09-01,25/26,60,29,Freiburg,Everton,$0.00,"$12,000,000.00",-100.00%,Merlin Röhl
646658,2025-09-01,25/26,1132,1003,Burnley,Leicester,$0.00,"$10,000,000.00",-100.00%,Aaron Ramsey
659813,2025-09-01,25/26,15,11,Leverkusen,Arsenal,$0.00,"$50,000,000.00",-100.00%,Piero Hincapié
667517,2025-09-01,25/26,273,1003,Stade Rennais,Leicester,$0.00,"$8,000,000.00",-100.00%,Jordan James
683571,2025-09-01,25/26,1184,543,Genk,Wolves,"$26,000,000.00","$18,000,000.00",44.44%,Tolu Arokodare
804219,2025-09-01,25/26,2036,180,Heidenheim,Southampton,"$9,000,000.00","$3,000,000.00",200.00%,Léo Scienza
900195,2025-09-01,25/26,660,931,Shakhtar D.,Fulham,"$40,000,000.00","$12,000,000.00",233.33%,Kevin
938158,2025-09-01,25/26,289,631,Sunderland,Chelsea,$0.00,"$8,000,000.00",-100.00%,Marc Guiu
983989,2025-09-01,25/26,1237,631,Brighton,Chelsea,$0.00,"$20,000,000.00",-100.00%,Facundo Buonanotte
1006411,2025-09-01,25/26,415,873,Toulouse,Crystal Palace,"$23,000,000.00","$4,000,000.00",475.00%,Jaydee Canvot
1069512,2025-09-01,25/26,27,931,Bayern Munich,Fulham,$0.00,"$2,500,000.00",-100.00%,Jonah Kusi-Asare
1124005,2025-09-01,25/26,3709,873,Getafe,Crystal Palace,$0.00,"$15,000,000.00",-100.00%,Christantus Uche
490967,2025-08-31,25/26,157,164,KAA Gent,Blackburn,"$2,200,000.00","$2,000,000.00",10.00%,Andri Gudjohnsen
455661,2025-08-30,25/26,79,762,Stuttgart,Newcastle,"$75,000,000.00","$30,000,000.00",150.00%,Nick Woltemade
728679,2025-08-30,25/26,377,512,Banik Ostrava,Stoke City,"$4,000,000.00","$4,000,000.00",0.00%,Tomas Rigo
811779,2025-08-30,25/26,985,631,Man Utd,Chelsea,"$46,200,000.00","$45,000,000.00",2.67%,Alejandro Garnacho
480723,2025-08-29,25/26,641,180,Middlesbrough,Southampton,"$13,900,000.00","$16,000,000.00",-13.13%,Finn Azaz
568157,2025-08-29,25/26,1050,873,Villarreal,Crystal Palace,"$30,000,000.00","$30,000,000.00",0.00%,Yéremy Pino
745181,2025-08-29,25/26,162,379,Monaco,West Ham,"$17,000,000.00","$12,000,000.00",41.67%,Soungoutou Magassa
880245,2025-08-29,25/26,180,379,Southampton,West Ham,"$44,000,000.00","$15,000,000.00",193.33%,Mateus Fernandes
345911,2025-08-28,25/26,12321,543,Girona,Wolves,$0.00,"$12,000,000.00",-100.00%,Ladislav Krejci
480987,2025-08-28,25/26,989,984,Bournemouth,West Brom,"$1,150,000.00","$6,000,000.00",-80.83%,Chris Mepham
250478,2025-08-27,25/26,762,641,Newcastle,Middlesbrough,$0.00,"$5,000,000.00",-100.00%,Matt Targett
679903,2025-08-25,25/26,255,164,Legia Warszawa,Blackburn,"$2,100,000.00","$3,000,000.00",-30.00%,Ryoya Morishita
866655,2025-08-25,25/26,180,29,Southampton,Everton,"$40,500,000.00","$25,000,000.00",62.00%,Tyler Dibling
662332,2025-08-24,25/26,1467,180,Göztepe,Southampton,$0.00,"$2,500,000.00",-100.00%,Juan
479999,2025-08-23,25/26,873,11,Crystal Palace,Arsenal,"$69,300,000.00","$55,000,000.00",26.00%,Eberechi Eze
391005,2025-08-21,25/26,1148,180,Brentford,Southampton,"$3,460,000.00","$6,000,000.00",-42.33%,Mads Roerslev
848509,2025-08-19,25/26,276,543,Hellas Verona,Wolves,"$12,500,000.00","$8,000,000.00",56.25%,Jackson Tchatchoua
911736,2025-08-19,25/26,281,641,Man City,Middlesbrough,$0.00,"$15,000,000.00",-100.00%,Sverre Nypan
348026,2025-08-17,25/26,583,289,PSG,Sunderland,"$12,000,000.00","$10,000,000.00",20.00%,Nordi Mukiele
503749,2025-08-17,25/26,405,762,Aston Villa,Newcastle,"$45,150,000.00","$32,000,000.00",41.09%,Jacob Ramsey
215810,2025-08-15,25/26,543,29,Wolves,Everton,,"$200,000.00",-100.00%,Tom King
654253,2025-08-15,25/26,985,984,Man Utd,West Brom,$0.00,"$5,000,000.00",-100.00%,Toby Collyer
1086619,2025-08-15,25/26,130,31,Parma,Liverpool,"$29,450,000.00","$18,000,000.00",63.61%,Giovanni Leoni
353479,2025-08-13,25/26,1045,355,Notts County,Bolton,$0.00,"$150,000.00",-100.00%,Tyler Miller
203460,2025-08-12,25/26,281,29,Man City,Everton,$0.00,"$28,000,000.00",-100.00%,Jack Grealish
353032,2025-08-12,25/26,3709,289,Getafe,Sunderland,"$11,600,000.00","$8,000,000.00",45.00%,Omar Alderete
521964,2025-08-12,25/26,5,762,AC Milan,Newcastle,"$35,000,000.00","$18,000,000.00",94.44%,Malick Thiaw
181380,2025-08-10,25/26,114,289,Besiktas,Sunderland,$0.00,"$3,000,000.00",-100.00%,Arthur Masuaku
400536,2025-08-09,25/26,1003,379,Leicester,West Ham,"$20,800,000.00","$15,000,000.00",38.67%,Mads Hermansen
627442,2025-08-09,25/26,23826,985,Leipzig,Man Utd,"$76,500,000.00","$70,000,000.00",9.29%,Benjamin Sesko
500689,2025-08-08,25/26,417,405,Nice,Aston Villa,"$30,000,000.00","$25,000,000.00",20.00%,Evann Guessand
475188,2025-08-06,25/26,631,29,Chelsea,Everton,"$28,650,000.00","$20,000,000.00",43.25%,Kiernan Dewsbury-Hall
796305,2025-08-06,25/26,9254,512,Tottenham U21,Stoke City,$0.00,"$1,500,000.00",-100.00%,Jamie Donley
938158,2025-08-06,25/26,631,289,Chelsea,Sunderland,$0.00,"$8,000,000.00",-100.00%,Marc Guiu
603864,2025-08-04,25/26,903,164,Hibernian FC,Blackburn,"$860,000.00","$900,000.00",-4.44%,Lewis Miller
904802,2025-08-03,25/26,610,631,Ajax,Chelsea,"$44,180,000.00","$35,000,000.00",26.23%,Jorrel Hato
123682,2025-08-02,25/26,762,379,Newcastle,West Ham,$0.00,"$8,000,000.00",-100.00%,Callum Wilson
427568,2025-08-02,25/26,180,762,Southampton,Newcastle,$0.00,"$16,000,000.00",-100.00%,Aaron Ramsdale
661427,2025-08-02,25/26,1090,543,AZ Alkmaar,Wolves,"$12,000,000.00","$9,000,000.00",33.33%,David Møller Wolfe
646991,2025-08-01,25/26,467,289,NEC Nijmegen,Sunderland,"$10,500,000.00","$4,000,000.00",162.50%,Robin Roefs
111455,2025-07-30,25/26,15,289,Leverkusen,Sunderland,"$15,000,000.00","$12,000,000.00",25.00%,Granit Xhaka
33873,2025-07-29,25/26,29,1003,Everton,Leicester,$0.00,"$250,000.00",-100.00%,Asmir Begovic
566799,2025-07-29,25/26,1132,281,Burnley,Man City,"$31,200,000.00","$22,000,000.00",41.82%,James Trafford
938146,2025-07-29,25/26,27,29,Bayern Munich,Everton,"$9,000,000.00","$4,000,000.00",125.00%,Adam Aznou
127181,2025-07-26,25/26,969,931,Montpellier,Fulham,"$500,000.00","$1,500,000.00",-66.67%,Benjamin Lecomte
325443,2025-07-26,25/26,336,11,Sporting,Arsenal,"$66,900,000.00","$75,000,000.00",-10.80%,Viktor Gyökeres
340990,2025-07-25,25/26,3008,641,Hull City,Middlesbrough,"$4,200,000.00","$4,000,000.00",5.00%,Alfie Jones
454576,2025-07-24,25/26,2503,512,Boavista,Stoke City,$0.00,"$4,000,000.00",-100.00%,Róbert Boženík
588989,2025-07-24,25/26,2462,543,Fluminense,Wolves,"$17,000,000.00","$17,000,000.00",0.00%,Jhon Arias
646750,2025-07-24,25/26,1049,11,Valencia,Arsenal,"$15,000,000.00","$30,000,000.00",-50.00%,Cristhian Mosquera
709726,2025-07-23,25/26,24,31,Frankfurt,Liverpool,"$95,000,000.00","$75,000,000.00",26.67%,Hugo Ekitiké
413039,2025-07-21,25/26,1148,985,Brentford,Man Utd,"$75,000,000.00","$55,000,000.00",36.36%,Bryan Mbeumo
341051,2025-07-20,25/26,180,379,Southampton,West Ham,$0.00,"$15,000,000.00",-100.00%,Kyle Walker-Peters
503987,2025-07-18,25/26,631,11,Chelsea,Arsenal,"$56,000,000.00","$40,000,000.00",40.00%,Noni Madueke
585769,2025-07-18,25/26,4078,984,Montréal,West Brom,"$1,300,000.00","$1,200,000.00",8.33%,George Campbell
911736,2025-07-17,25/26,195,281,Rosenborg BK,Man City,"$15,000,000.00","$15,000,000.00",0.00%,Sverre Nypan
399981,2025-07-16,25/26,875,5551,Adelaide United,Newcastle,$0.00,"$300,000.00",-100.00%,James Delianov
124884,2025-07-15,25/26,3911,405,Stade Brestois,Aston Villa,"$500,000.00","$3,000,000.00",-83.33%,Marco Bizot
357658,2025-07-15,25/26,989,29,Bournemouth,Everton,"$4,600,000.00","$4,000,000.00",15.00%,Mark Travers
1111589,2025-07-15,25/26,62,379,Slavia Praha,West Ham,"$22,000,000.00","$18,000,000.00",22.22%,El Hadji Malick Diouf
1056993,2025-07-14,25/26,1023,631,Palmeiras,Chelsea,"$45,000,000.00","$60,000,000.00",-25.00%,Estêvão
293194,2025-07-11,25/26,610,873,Ajax,Crystal Palace,"$2,300,000.00","$4,500,000.00",-48.89%,Borna Sosa
583189,2025-07-11,25/26,703,762,Nott'm Forest,Newcastle,"$61,400,000.00","$42,000,000.00",46.19%,Anthony Elanga
92571,2025-07-10,25/26,379,512,West Ham,Stoke City,$0.00,"$500,000.00",-100.00%,Aaron Cresswell
148367,2025-07-10,25/26,1148,11,Brentford,Arsenal,"$11,600,000.00","$11,000,000.00",5.45%,Christian Nørgaard
610649,2025-07-10,25/26,601,164,KV Kortrijk,Blackburn,"$576,000.00","$500,000.00",15.20%,Ryan Alebiosu
658536,2025-07-10,25/26,1237,289,Brighton,Sunderland,"$24,400,000.00","$28,000,000.00",-12.86%,Simon Adingra
119574,2025-07-09,25/26,511,5551,Dundee FC,Newcastle,$0.00,"$150,000.00",-100.00%,Joe Shaughnessy
743384,2025-07-09,25/26,2282,289,Club Brugge,Sunderland,"$20,000,000.00","$8,000,000.00",150.00%,Chemsdine Talbi
820241,2025-07-09,25/26,3,180,1.FC Köln,Southampton,"$8,000,000.00","$6,000,000.00",33.33%,Damion Downs
937941,2025-07-09,25/26,1050,29,Villarreal,Everton,"$30,000,000.00","$20,000,000.00",50.00%,Thierno Barry
240692,2025-07-08,25/26,13,289,Atlético,Sunderland,$0.00,"$5,000,000.00",-100.00%,Reinildo Mandava
587222,2025-07-07,25/26,1100,984,SK Brann,West Brom,"$5,500,000.00","$3,500,000.00",57.14%,Aune Heggebø
423440,2025-07-06,25/26,681,11,Real Sociedad,Arsenal,"$70,000,000.00","$60,000,000.00",16.67%,Martín Zubimendi
659459,2025-07-06,25/26,16,631,Dortmund,Chelsea,$0.00,"$18,000,000.00",-100.00%,Carney Chukwuemeka
668557,2025-07-05,25/26,2262,512,Plymouth,Stoke City,"$2,000,000.00","$3,000,000.00",-33.33%,Maksym Taloverov
670848,2025-07-05,25/26,9265,512,Man City U21,Stoke City,$0.00,"$4,000,000.00",-100.00%,Divin Mubama
670882,2025-07-05,25/26,16,631,Dortmund,Chelsea,"$56,000,000.00","$50,000,000.00",12.00%,Jamie Gittens
878150,2025-07-05,25/26,1237,355,Brighton,Bolton,$0.00,"$2,000,000.00",-100.00%,Amario Cozier-Duberry
1283997,2025-07-05,25/26,1214,985,Cerro Porteño,Man Utd,"$4,000,000.00","$4,000,000.00",0.00%,Diego León
727089,2025-07-04,25/26,3948,289,Union SG,Sunderland,"$17,000,000.00","$12,000,000.00",41.67%,Noah Sadiki
626724,2025-07-02,25/26,1237,631,Brighton,Chelsea,"$63,700,000.00","$50,000,000.00",27.40%,João Pedro
192279,2025-07-01,25/26,631,11,Chelsea,Arsenal,"$5,800,000.00","$10,000,000.00",-42.00%,Kepa Arrizabalaga
226049,2025-07-01,25/26,466,31,Preston,Liverpool,$0.00,"$3,500,000.00",-100.00%,Freddie Woodman
296802,2025-07-01,25/26,383,873,PSV,Crystal Palace,$0.00,"$7,500,000.00",-100.00%,Walter Benítez
343049,2025-07-01,25/26,8054,5551,Sydney FC,Newcastle,$0.00,"$250,000.00",-100.00%,Max Burgess
429983,2025-07-01,25/26,940,543,Celta de Vigo,Wolves,"$27,000,000.00","$30,000,000.00",-10.00%,Jørgen Strand Larsen
470128,2025-07-01,25/26,1112,355,Wrexham,Bolton,$0.00,"$900,000.00",-100.00%,Sam Dalby
475416,2025-07-01,25/26,1110,512,Huddersfield,Stoke City,,"$3,500,000.00",-100.00%,Sorba Thomas
484547,2025-07-01,25/26,15,31,Leverkusen,Liverpool,"$40,000,000.00","$50,000,000.00",-20.00%,Jeremie Frimpong
502245,2025-07-01,25/26,601,164,KV Kortrijk,Blackburn,"$750,000.00","$900,000.00",-16.67%,Dion De Neve
511813,2025-07-01,25/26,979,164,Moreirense,Blackburn,"$2,000,000.00","$800,000.00",150.00%,Sidnei Tavares
517894,2025-07-01,25/26,543,985,Wolves,Man Utd,"$74,200,000.00","$60,000,000.00",23.67%,Matheus Cunha
555074,2025-07-01,25/26,12124,405,Aston Villa U21,Aston Villa,,"$800,000.00",-100.00%,Oliwier Zych
559130,2025-07-01,25/26,9253,762,Newcastle U21,Newcastle,,"$1,400,000.00",-100.00%,Harrison Ashby
598577,2025-07-01,25/26,15,31,Leverkusen,Liverpool,"$125,000,000.00","$140,000,000.00",-10.71%,Florian Wirtz
605184,2025-07-01,25/26,417,379,Nice,West Ham,"$40,000,000.00","$25,000,000.00",60.00%,Jean-Clair Todibo
633652,2025-07-01,25/26,9252,31,Liverpool U21,Liverpool,,"$2,500,000.00",-100.00%,Calvin Ramsay
633992,2025-07-01,25/26,12,289,Roma,Sunderland,"$23,750,000.00","$18,000,000.00",31.94%,Enzo Le Fée
663225,2025-07-01,25/26,9261,29,Everton U21,Everton,,"$300,000.00",-100.00%,Tyler Onyango
696893,2025-07-01,25/26,465,355,St. Mirren,Bolton,$0.00,"$400,000.00",-100.00%,Richard Taylor
698164,2025-07-01,25/26,9267,379,West Ham U21,West Ham,,"$1,400,000.00",-100.00%,Freddie Potts
730861,2025-07-01,25/26,989,31,Bournemouth,Liverpool,"$46,900,000.00","$45,000,000.00",4.22%,Milos Kerkez
731466,2025-07-01,25/26,9250,355,Chelsea U21,Bolton,$0.00,"$500,000.00",-100.00%,Teddy Sharman-Lowe
748319,2025-07-01,25/26,614,29,Flamengo,Everton,"$15,000,000.00","$14,000,000.00",7.14%,Carlos Alcaraz
814848,2025-07-01,25/26,6945,873,Palace U21,Crystal Palace,,"$600,000.00",-100.00%,Owen Goodman
845321,2025-07-01,25/26,9267,379,West Ham U21,West Ham,,"$1,000,000.00",-100.00%,Kaelan Casey
876631,2025-07-01,25/26,667,289,R. Strasbourg,Sunderland,"$31,500,000.00","$20,000,000.00",57.50%,Habib Diarra
900601,2025-07-01,25/26,9253,762,Newcastle U21,Newcastle,,"$300,000.00",-100.00%,Alex Murphy
937840,2025-07-01,25/26,9264,289,Sunderland U21,Sunderland,,"$150,000.00",-100.00%,Harrison Jones
953135,2025-07-01,25/26,9267,379,West Ham U21,West Ham,,"$1,800,000.00",-100.00%,Callum Marshall
957230,2025-07-01,25/26,36100,5551,Western Sydney,Newcastle,,"$175,000.00",-100.00%,Alex Badolato
1042886,2025-07-01,25/26,5242,985,Man Utd U18,Man Utd,,"$5,000,000.00",-100.00%,Chido Obi
1043003,2025-07-01,25/26,10484,405,Kasimpasa,Aston Villa,"$7,000,000.00","$7,500,000.00",-6.67%,Yasin Özcan
1045123,2025-07-01,25/26,9252,31,Liverpool U21,Liverpool,,"$4,500,000.00",-100.00%,Trey Nyoni
1052439,2025-07-01,25/26,19309,631,Independiente,Chelsea,"$10,000,000.00","$10,000,000.00",0.00%,Kendry Páez
1064471,2025-07-01,25/26,940,543,Celta de Vigo,Wolves,"$23,000,000.00","$5,000,000.00",360.00%,Fer López
1230661,2025-07-01,25/26,12801,543,Wolves U18,Wolves,,"$200,000.00",-100.00%,Mateus Mané
80444,2025-06-30,24/25,978,405,Vasco da Gama,Aston Villa,$0.00,"$7,500,000.00",-100.00%,Philippe Coutinho
95424,2025-06-30,24/25,5,281,AC Milan,Man City,$0.00,"$4,000,000.00",-100.00%,Kyle Walker
134425,2025-06-30,24/25,11,631,Arsenal,Chelsea,$0.00,"$10,000,000.00",-100.00%,Raheem Sterling
157506,2025-06-30,24/25,371,873,Celtic,Crystal Palace,$0.00,"$3,000,000.00",-100.00%,Jeffrey Schlupp
168157,2025-06-30,24/25,58,405,RSC Anderlecht,Aston Villa,$0.00,"$4,500,000.00",-100.00%,Leander Dendoncker
192279,2025-06-30,24/25,989,631,Bournemouth,Chelsea,$0.00,"$10,000,000.00",-100.00%,Kepa Arrizabalaga
193098,2025-06-30,24/25,703,405,Nott'm Forest,Aston Villa,$0.00,"$7,000,000.00",-100.00%,Álex Moreno
206225,2025-06-30,24/25,1020,762,Portsmouth,Newcastle,$0.00,"$700,000.00",-100.00%,Isaac Hayden
217115,2025-06-30,24/25,244,29,Marseille,Everton,$0.00,"$8,000,000.00",-100.00%,Neal Maupay
234781,2025-06-30,24/25,252,379,Genoa,West Ham,$0.00,"$8,000,000.00",-100.00%,Maxwel Cornet
253341,2025-06-30,24/25,350,873,Sheff Utd,Crystal Palace,$0.00,"$3,500,000.00",-100.00%,Rob Holding
258923,2025-06-30,24/25,405,985,Aston Villa,Man Utd,$0.00,"$50,000,000.00",-100.00%,Marcus Rashford
298091,2025-06-30,24/25,350,1003,Sheff Utd,Leicester,$0.00,"$6,000,000.00",-100.00%,Harry Souttar
316125,2025-06-30,24/25,873,631,Crystal Palace,Chelsea,$0.00,"$15,000,000.00",-100.00%,Ben Chilwell
321247,2025-06-30,24/25,15,405,Leverkusen,Aston Villa,$0.00,"$15,000,000.00",-100.00%,Emiliano Buendía
339340,2025-06-30,24/25,383,985,PSV,Man Utd,$0.00,"$8,000,000.00",-100.00%,Tyrell Malacia
340325,2025-06-30,24/25,931,11,Fulham,Arsenal,$0.00,"$16,000,000.00",-100.00%,Reiss Nelson
341501,2025-06-30,24/25,350,1003,Sheff Utd,Leicester,$0.00,"$4,500,000.00",-100.00%,Hamza Choudhury
344152,2025-06-30,24/25,1003,873,Leicester,Crystal Palace,$0.00,"$8,000,000.00",-100.00%,Odsonne Édouard
348623,2025-06-30,24/25,984,29,West Brom,Everton,$0.00,"$4,000,000.00",-100.00%,Mason Holgate
351749,2025-06-30,24/25,677,281,Ipswich,Man City,$0.00,"$12,000,000.00",-100.00%,Kalvin Phillips
361914,2025-06-30,24/25,681,379,Real Sociedad,West Ham,$0.00,"$18,000,000.00",-100.00%,Nayef Aguerd
366729,2025-06-30,24/25,447,289,Hajduk Split,Sunderland,$0.00,"$1,000,000.00",-100.00%,Nazariy Rusyn
381967,2025-06-30,24/25,368,11,Sevilla FC,Arsenal,$0.00,"$8,000,000.00",-100.00%,Albert Sambi Lokonga
386047,2025-06-30,24/25,405,631,Aston Villa,Chelsea,$0.00,"$22,000,000.00",-100.00%,Axel Disasi
401173,2025-06-30,24/25,631,985,Chelsea,Man Utd,$0.00,"$28,000,000.00",-100.00%,Jadon Sancho
426192,2025-06-30,24/25,350,180,Sheff Utd,Southampton,$0.00,"$7,500,000.00",-100.00%,Ben Brereton Díaz
462250,2025-06-30,24/25,5,631,AC Milan,Chelsea,$0.00,"$20,000,000.00",-100.00%,João Félix
465555,2025-06-30,24/25,667,631,R. Strasbourg,Chelsea,$0.00,"$20,000,000.00",-100.00%,Djordje Petrovic
480116,2025-06-30,24/25,506,762,Juventus,Newcastle,$0.00,"$16,000,000.00",-100.00%,Lloyd Kelly
485583,2025-06-30,24/25,290,543,AJ Auxerre,Wolves,$0.00,"$5,000,000.00",-100.00%,Ki-Jana Hoever
493513,2025-06-30,24/25,366,11,Real Valladolid,Arsenal,$0.00,"$3,000,000.00",-100.00%,Karl Hein
502676,2025-06-30,24/25,1049,31,Valencia,Liverpool,$0.00,"$30,000,000.00",-100.00%,Giorgi Mamardashvili
503679,2025-06-30,24/25,3697,31,Morecambe FC,Liverpool,$0.00,"$700,000.00",-100.00%,Rhys Williams
505653,2025-06-30,24/25,472,543,UD Las Palmas,Wolves,$0.00,"$20,000,000.00",-100.00%,Fábio Silva
535955,2025-06-30,24/25,398,11,Lazio,Arsenal,$0.00,"$25,000,000.00",-100.00%,Nuno Tavares
537598,2025-06-30,24/25,720,11,Porto,Arsenal,$0.00,"$22,000,000.00",-100.00%,Fábio Vieira
538971,2025-06-30,24/25,273,873,Stade Rennais,Crystal Palace,$0.00,"$3,500,000.00",-100.00%,Naouirou Ahamada
538998,2025-06-30,24/25,738,289,Le Havre AC,Sunderland,$0.00,"$2,500,000.00",-100.00%,Timothée Pembélé
571743,2025-06-30,24/25,29,631,Everton,Chelsea,$0.00,"$12,000,000.00",-100.00%,Armando Broja
576121,2025-06-30,24/25,512,281,Stoke City,Man City,$0.00,"$4,000,000.00",-100.00%,Josh Wilson-Esbrand
581672,2025-06-30,24/25,641,405,Middlesbrough,Aston Villa,$0.00,"$10,000,000.00",-100.00%,Samuel Iling-Junior
586834,2025-06-30,24/25,350,873,Sheff Utd,Crystal Palace,$0.00,"$6,000,000.00",-100.00%,Jesurun Rak-Sakyi
586986,2025-06-30,24/25,987,873,Motherwell FC,Crystal Palace,$0.00,"$500,000.00",-100.00%,Luke Plange
591844,2025-06-30,24/25,349,405,Barnsley,Aston Villa,$0.00,"$1,500,000.00",-100.00%,Joe Gauci
602105,2025-06-30,24/25,150,985,Real Betis,Man Utd,$0.00,"$35,000,000.00",-100.00%,Antony
612517,2025-06-30,24/25,1132,631,Burnley,Chelsea,$0.00,"$7,000,000.00",-100.00%,Bashir Humphreys
627228,2025-06-30,24/25,16,281,Dortmund,Man City,$0.00,"$20,000,000.00",-100.00%,Yan Couto
627248,2025-06-30,24/25,1123,405,Norwich,Aston Villa,$0.00,"$2,500,000.00",-100.00%,Lewis Dobbin
649452,2025-06-30,24/25,86,281,Werder Bremen,Man City,$0.00,"$4,000,000.00",-100.00%,Issa Kaboré
654412,2025-06-30,24/25,9202,289,USL Dunkerque,Sunderland,$0.00,"$2,500,000.00",-100.00%,Abdoullah Ba
668268,2025-06-30,24/25,609,11,Cruzeiro,Arsenal,$0.00,"$5,500,000.00",-100.00%,Marquinhos
668547,2025-06-30,24/25,1047,281,Como,Man City,$0.00,"$12,000,000.00",-100.00%,Máximo Perrone
671915,2025-06-30,24/25,1049,405,Valencia,Aston Villa,$0.00,"$10,000,000.00",-100.00%,Enzo Barrenechea
680531,2025-06-30,24/25,1181,641,Blackpool,Middlesbrough,$0.00,"$800,000.00",-100.00%,Sam Silvera
680806,2025-06-30,24/25,58,180,RSC Anderlecht,Southampton,$0.00,"$6,000,000.00",-100.00%,Samuel Edozie
695454,2025-06-30,24/25,237,543,RCD Mallorca,Wolves,$0.00,"$2,000,000.00",-100.00%,Chiquinho
698678,2025-06-30,24/25,234,543,Feyenoord,Wolves,$0.00,"$8,000,000.00",-100.00%,Hugo Bueno
711999,2025-06-30,24/25,180,631,Southampton,Chelsea,$0.00,"$18,000,000.00",-100.00%,Lesley Ugochukwu
719673,2025-06-30,24/25,641,31,Middlesbrough,Liverpool,$0.00,"$14,000,000.00",-100.00%,Ben Gannon-Doak
732165,2025-06-30,24/25,1039,180,QPR,Southampton,$0.00,"$3,800,000.00",-100.00%,Ronnie Edwards
817612,2025-06-30,24/25,337,931,Birmingham,Fulham,$0.00,"$1,000,000.00",-100.00%,Luke Harris
840687,2025-06-30,24/25,41101,289,Juve Next Gen,Sunderland,$0.00,"$500,000.00",-100.00%,Luís Semedo
864799,2025-06-30,24/25,472,31,UD Las Palmas,Liverpool,$0.00,"$9,000,000.00",-100.00%,Stefan Bajcetic
902021,2025-06-30,24/25,1467,180,Göztepe,Southampton,$0.00,"$2,400,000.00",-100.00%,Kuryu Matsuki
933900,2025-06-30,24/25,667,180,R. Strasbourg,Southampton,$0.00,"$4,000,000.00",-100.00%,Samuel Amo-Ameyaw
957224,2025-06-30,24/25,903,289,Hibernian FC,Sunderland,$0.00,"$1,000,000.00",-100.00%,Nectarios Triantis
1107733,2025-06-30,24/25,22,29,Derby,Everton,$0.00,"$800,000.00",-100.00%,Harrison Armstrong
1121298,2025-06-30,24/25,826,281,Lens,Man City,$0.00,"$6,000,000.00",-100.00%,Juma Bah
116648,2025-06-10,25/26,631,281,Chelsea,Man City,"$2,400,000.00","$600,000.00",300.00%,Marcus Bettinelli
460939,2025-06-10,25/26,5,281,AC Milan,Man City,"$54,900,000.00","$50,000,000.00",9.80%,Tijjani Reijnders
607223,2025-06-10,25/26,1041,281,Lyon,Man City,"$36,500,000.00","$45,000,000.00",-18.89%,Rayan Cherki
670717,2025-06-10,25/26,336,631,Sporting,Chelsea,"$22,270,000.00","$20,000,000.00",11.35%,Dário Essugo
805714,2025-06-10,24/25,506,631,Juventus,Chelsea,$0.00,"$18,000,000.00",-100.00%,Renato Veiga
578391,2025-06-09,25/26,543,281,Wolves,Man City,"$36,800,000.00","$35,000,000.00",5.14%,Rayan Aït-Nouri
910905,2025-06-09,25/26,667,631,R. Strasbourg,Chelsea,"$14,000,000.00","$20,000,000.00",-30.00%,Mamadou Sarr
610849,2025-06-04,25/26,677,631,Ipswich,Chelsea,"$35,500,000.00","$40,000,000.00",-11.25%,Liam Delap
834397,2025-06-01,24/25,1184,631,Genk,Chelsea,$0.00,"$10,000,000.00",-100.00%,Mike Penders
250426,2025-05-31,24/25,984,180,West Brom,Southampton,$0.00,"$12,000,000.00",-100.00%,Adam Armstrong
346482,2025-05-31,24/25,986,355,Cambridge Utd.,Bolton,$0.00,"$350,000.00",-100.00%,Dan Nlundulu
503975,2025-05-31,24/25,1110,543,Huddersfield,Wolves,$0.00,"$1,200,000.00",-100.00%,Joe Hodge
610863,2025-05-31,24/25,1042,405,Crewe Alexandra,Aston Villa,$0.00,"$800,000.00",-100.00%,Filip Marschall
614603,2025-05-31,24/25,1032,543,Reading,Wolves,$0.00,"$900,000.00",-100.00%,Chem Campbell
614811,2025-05-31,24/25,991,762,MK Dons,Newcastle,$0.00,"$275,000.00",-100.00%,Joe White
714458,2025-05-31,24/25,988,1003,Oxford United,Leicester,$0.00,"$500,000.00",-100.00%,Ben Nelson
724783,2025-05-31,24/25,1110,543,Huddersfield,Wolves,$0.00,"$500,000.00",-100.00%,Tawanda Chirewa
743600,2025-05-31,24/25,667,631,R. Strasbourg,Chelsea,$0.00,"$25,000,000.00",-100.00%,Andrey Santos
747951,2025-05-31,24/25,1035,180,Sheff Wed,Southampton,$0.00,"$10,000,000.00",-100.00%,Shea Charles
865993,2025-05-31,24/25,22,873,Derby,Crystal Palace,$0.00,"$700,000.00",-100.00%,David Ozoh
585550,2025-04-24,24/25,3057,180,Standard Liège,Southampton,$0.00,"$11,000,000.00",-100.00%,Gavin Bazunu
52769,2025-02-06,24/25,515,931,Without Club,Fulham,,"$1,000,000.00",-100.00%,Willian
181579,2025-02-03,24/25,703,379,Nott'm Forest,West Ham,$0.00,"$16,000,000.00",-100.00%,James Ward-Prowse
250426,2025-02-03,24/25,180,984,Southampton,West Brom,$0.00,"$16,000,000.00",-100.00%,Adam Armstrong
258032,2025-02-03,24/25,1075,164,Braga,Blackburn,$0.00,"$1,200,000.00",-100.00%,Yuri Ribeiro
295330,2025-02-03,24/25,368,641,Sevilla FC,Middlesbrough,$0.00,"$5,000,000.00",-100.00%,Kelechi Iheanacho
296622,2025-02-03,24/25,583,405,PSG,Aston Villa,$0.00,"$20,000,000.00",-100.00%,Marco Asensio
316125,2025-02-03,24/25,631,873,Chelsea,Crystal Palace,$0.00,"$20,000,000.00",-100.00%,Ben Chilwell
386047,2025-02-03,24/25,631,405,Chelsea,Aston Villa,$0.00,"$30,000,000.00",-100.00%,Axel Disasi
414908,2025-02-03,24/25,1421,543,Stade Reims,Wolves,"$18,000,000.00","$10,000,000.00",80.00%,Marshall Munetsi
448854,2025-02-03,24/25,703,164,Nott'm Forest,Blackburn,$0.00,"$4,000,000.00",-100.00%,Emmanuel Dennis
466805,2025-02-03,24/25,720,281,Porto,Man City,"$60,000,000.00","$18,000,000.00",233.33%,Nico González
581672,2025-02-03,24/25,405,641,Aston Villa,Middlesbrough,$0.00,"$11,000,000.00",-100.00%,Samuel Iling-Junior
648046,2025-02-03,24/25,1237,379,Brighton,West Ham,$0.00,"$40,000,000.00",-100.00%,Evan Ferguson
748319,2025-02-03,24/25,614,29,Flamengo,Everton,$0.00,"$14,000,000.00",-100.00%,Carlos Alcaraz
801989,2025-02-03,24/25,5724,984,Randers FC,West Brom,"$4,000,000.00","$500,000.00",700.00%,Tammer Bany
862297,2025-02-03,24/25,159,543,Red Star,Wolves,"$12,000,000.00","$7,000,000.00",71.43%,Nasser Djiga
939290,2025-02-03,24/25,9252,289,Liverpool U21,Sunderland,$0.00,"$800,000.00",-100.00%,Jayden Danns
1010854,2025-02-03,24/25,618,631,Saint-Étienne,Chelsea,"$15,000,000.00","$5,000,000.00",200.00%,Mathis Amougou
258923,2025-02-02,24/25,985,405,Man Utd,Aston Villa,$0.00,"$55,000,000.00",-100.00%,Marcus Rashford
581672,2025-02-02,24/25,1025,405,Bologna,Aston Villa,$0.00,"$11,000,000.00",-100.00%,Samuel Iling-Junior
746833,2025-02-02,24/25,667,631,R. Strasbourg,Chelsea,$0.00,"$8,000,000.00",-100.00%,Caleb Wiley
926952,2025-02-02,24/25,1005,985,Lecce,Man Utd,"$30,000,000.00","$20,000,000.00",50.00%,Patrick Dorgu
494237,2025-02-01,24/25,964,289,Zenit S-Pb,Sunderland,"$6,000,000.00","$4,000,000.00",50.00%,Wilson Isidor
1078163,2025-02-01,24/25,9249,985,Arsenal U21,Man Utd,"$1,800,000.00","$300,000.00",500.00%,Ayden Heaven
624967,2025-01-31,24/25,603,355,Cardiff,Bolton,$0.00,"$1,200,000.00",-100.00%,Kion Etete
864799,2025-01-30,24/25,409,31,Salzburg,Liverpool,$0.00,"$9,000,000.00",-100.00%,Stefan Bajcetic
357658,2025-01-29,24/25,989,641,Bournemouth,Middlesbrough,$0.00,"$4,000,000.00",-100.00%,Mark Travers
787232,2025-01-28,24/25,1467,631,Göztepe,Chelsea,$0.00,"$8,500,000.00",-100.00%,David Datro Fofana
1121298,2025-01-27,24/25,366,281,Real Valladolid,Man City,"$6,000,000.00","$1,000,000.00",500.00%,Juma Bah
385848,2025-01-25,24/25,677,641,Ipswich,Middlesbrough,"$710,000.00","$350,000.00",102.86%,George Edmundson
610581,2025-01-24,24/25,677,512,Ipswich,Stoke City,$0.00,"$2,500,000.00",-100.00%,Ali Al-Hamadi
445939,2025-01-23,24/25,24,281,Frankfurt,Man City,"$75,000,000.00","$60,000,000.00",25.00%,Omar Marmoush
576121,2025-01-22,24/25,281,512,Man City,Stoke City,$0.00,"$4,000,000.00",-100.00%,Josh Wilson-Esbrand
612749,2025-01-22,24/25,3057,984,Standard Liège,West Brom,"$3,000,000.00","$3,000,000.00",0.00%,Isaac Price
79419,2025-01-21,24/25,3828,5551,Yokohama F. M.,Newcastle,,"$350,000.00",-100.00%,Kota Mizunuma
503866,2025-01-21,24/25,273,180,Stade Rennais,Southampton,$0.00,"$15,000,000.00",-100.00%,Albert Grønbaek
1005575,2025-01-21,24/25,1023,281,Palmeiras,Man City,"$37,000,000.00","$14,000,000.00",164.29%,Vitor Reis
1063329,2025-01-21,24/25,3368,405,Levante,Aston Villa,"$7,000,000.00","$1,200,000.00",483.33%,Andrés García
763079,2025-01-20,24/25,826,281,Lens,Man City,"$40,000,000.00","$12,000,000.00",233.33%,Abdukodir Khusanov
900601,2025-01-20,24/25,9253,355,Newcastle U21,Bolton,$0.00,"$250,000.00",-100.00%,Alex Murphy
234781,2025-01-19,24/25,180,379,Southampton,West Ham,$0.00,"$8,000,000.00",-100.00%,Maxwel Cornet
967319,2025-01-18,24/25,1028,873,Millwall,Crystal Palace,"$14,200,000.00","$5,000,000.00",184.00%,Romain Esse
346314,2025-01-15,24/25,873,631,Crystal Palace,Chelsea,$0.00,"$13,000,000.00",-100.00%,Trevoh Chalobah
592975,2025-01-15,24/25,130,1003,Parma,Leicester,"$2,000,000.00","$2,000,000.00",0.00%,Woyo Coulibaly
669366,2025-01-15,24/25,512,1003,Stoke City,Leicester,$0.00,"$6,000,000.00",-100.00%,Tom Cannon
326029,2025-01-14,24/25,16,405,Dortmund,Aston Villa,"$25,000,000.00","$28,000,000.00",-10.71%,Donyell Malen
724783,2025-01-13,24/25,22,543,Derby,Wolves,$0.00,"$500,000.00",-100.00%,Tawanda Chirewa
680531,2025-01-12,24/25,1020,641,Portsmouth,Middlesbrough,$0.00,"$800,000.00",-100.00%,Sam Silvera
633992,2025-01-10,24/25,12,289,Roma,Sunderland,$0.00,"$18,000,000.00",-100.00%,Enzo Le Fée
683895,2025-01-09,24/25,1421,543,Stade Reims,Wolves,"$20,000,000.00","$10,000,000.00",100.00%,Emmanuel Agbadou
986298,2025-01-09,24/25,1423,180,Valenciennes FC,Southampton,"$5,000,000.00","$800,000.00",525.00%,Joachim Kayi Sanda
662334,2025-01-05,24/25,1241,31,Livingston FC,Liverpool,$0.00,"$200,000.00",-100.00%,Marcelo Pitaluga
512354,2025-01-03,24/25,988,873,Oxford United,Crystal Palace,$0.00,"$1,200,000.00",-100.00%,Malcolm Ebiowei
1145504,2025-01-03,24/25,189,631,Boca Juniors,Chelsea,$0.00,"$8,000,000.00",-100.00%,Aarón Anselmino
627248,2025-01-02,24/25,984,405,West Brom,Aston Villa,$0.00,"$2,500,000.00",-100.00%,Lewis Dobbin
729264,2025-01-01,24/25,585,180,São Paulo,Southampton,$0.00,"$3,500,000.00",-100.00%,Welington
922563,2025-01-01,24/25,9267,379,West Ham U21,West Ham,,"$400,000.00",-100.00%,Oliver Scarles
992686,2025-01-01,24/25,9262,931,Fulham U21,Fulham,,"$600,000.00",-100.00%,Martial Godo
346018,2024-12-31,24/25,585,762,São Paulo,Newcastle,$0.00,"$3,000,000.00",-100.00%,Jamal Lewis
586986,2024-12-31,24/25,1008,873,HJK Helsinki,Crystal Palace,$0.00,"$500,000.00",-100.00%,Luke Plange
649452,2024-12-31,24/25,294,281,Benfica,Man City,$0.00,"$6,000,000.00",-100.00%,Issa Kaboré
656316,2024-12-31,24/25,349,631,Barnsley,Chelsea,$0.00,"$4,000,000.00",-100.00%,Gabriel Slonina
668268,2024-12-31,24/25,2462,11,Fluminense,Arsenal,$0.00,"$6,000,000.00",-100.00%,Marquinhos
994536,2024-12-31,24/25,209,281,River Plate,Man City,$0.00,"$18,000,000.00",-100.00%,Claudio Echeverri
1004708,2024-12-18,24/25,9250,631,Chelsea U21,Chelsea,,"$1,000,000.00",-100.00%,Josh Acheampong
863741,2024-12-12,24/25,3508,543,Zulte Waregem,Wolves,$0.00,"$800,000.00",-100.00%,Nathan Fraser
110864,2024-08-30,24/25,873,543,Crystal Palace,Wolves,"$11,900,000.00","$10,000,000.00",19.00%,Sam Johnstone
111819,2024-08-30,24/25,989,11,Bournemouth,Arsenal,$0.00,"$2,500,000.00",-100.00%,Neto
134425,2024-08-30,24/25,631,11,Chelsea,Arsenal,$0.00,"$35,000,000.00",-100.00%,Raheem Sterling
146795,2024-08-30,24/25,762,180,Newcastle,Southampton,$0.00,"$3,000,000.00",-100.00%,Ryan Fraser
234781,2024-08-30,24/25,379,180,West Ham,Southampton,$0.00,"$9,000,000.00",-100.00%,Maxwel Cornet
289592,2024-08-30,24/25,1041,29,Lyon,Everton,$0.00,"$20,000,000.00",-100.00%,Orel Mangala
297257,2024-08-30,24/25,371,984,Celtic,West Brom,"$3,500,000.00","$3,000,000.00",16.67%,Mikey Johnston
340324,2024-08-30,24/25,11,873,Arsenal,Crystal Palace,"$29,700,000.00","$30,000,000.00",-1.00%,Eddie Nketiah
340325,2024-08-30,24/25,11,931,Arsenal,Fulham,$0.00,"$15,000,000.00",-100.00%,Reiss Nelson
344152,2024-08-30,24/25,873,1003,Crystal Palace,Leicester,$0.00,"$18,000,000.00",-100.00%,Odsonne Édouard
346314,2024-08-30,24/25,631,873,Chelsea,Crystal Palace,$0.00,"$13,000,000.00",-100.00%,Trevoh Chalobah
348623,2024-08-30,24/25,29,984,Everton,West Brom,$0.00,"$5,000,000.00",-100.00%,Mason Holgate
372246,2024-08-30,24/25,583,379,PSG,West Ham,$0.00,"$20,000,000.00",-100.00%,Carlos Soler
385848,2024-08-30,24/25,677,641,Ipswich,Middlesbrough,$0.00,"$350,000.00",-100.00%,George Edmundson
400044,2024-08-30,24/25,11107,164,Fehérvár,Blackburn,"$1,200,000.00","$700,000.00",71.43%,Balázs Tóth
401173,2024-08-30,24/25,985,631,Man Utd,Chelsea,$0.00,"$30,000,000.00",-100.00%,Jadon Sancho
425306,2024-08-30,24/25,703,873,Nott'm Forest,Crystal Palace,$0.00,"$7,000,000.00",-100.00%,Matt Turner
427568,2024-08-30,24/25,11,180,Arsenal,Southampton,"$21,400,000.00","$25,000,000.00",-14.40%,Aaron Ramsdale
434224,2024-08-30,24/25,82,873,Wolfsburg,Crystal Palace,"$18,000,000.00","$20,000,000.00",-10.00%,Maxence Lacroix
476701,2024-08-30,24/25,583,985,PSG,Man Utd,"$50,000,000.00","$45,000,000.00",11.11%,Manuel Ugarte
480987,2024-08-30,24/25,989,289,Bournemouth,Sunderland,$0.00,"$6,000,000.00",-100.00%,Chris Mepham
571743,2024-08-30,24/25,631,29,Chelsea,Everton,$0.00,"$22,000,000.00",-100.00%,Armando Broja
669366,2024-08-30,24/25,1003,512,Leicester,Stoke City,$0.00,"$4,000,000.00",-100.00%,Tom Cannon
688707,2024-08-30,24/25,826,289,Lens,Sunderland,$0.00,"$8,000,000.00",-100.00%,Salis Abdul Samed
719673,2024-08-30,24/25,31,641,Liverpool,Middlesbrough,$0.00,"$10,000,000.00",-100.00%,Ben Gannon-Doak
742451,2024-08-30,24/25,610,543,Ajax,Wolves,$0.00,"$8,000,000.00",-100.00%,Carlos Forbs
800176,2024-08-30,24/25,2462,543,Fluminense,Wolves,"$22,000,000.00","$25,000,000.00",-12.00%,André
878150,2024-08-30,24/25,1237,164,Brighton,Blackburn,$0.00,"$2,000,000.00",-100.00%,Amario Cozier-Duberry
942738,2024-08-30,24/25,4645,289,Radnicki 1923,Sunderland,"$3,500,000.00","$700,000.00",400.00%,Milan Aleksic
341092,2024-08-29,24/25,506,31,Juventus,Liverpool,"$12,000,000.00","$35,000,000.00",-65.71%,Federico Chiesa
654982,2024-08-29,24/25,1184,1003,Genk,Leicester,"$22,500,000.00","$30,000,000.00",-25.00%,Bilal El Khannouss
338424,2024-08-27,24/25,681,11,Real Sociedad,Arsenal,"$32,000,000.00","$50,000,000.00",-36.00%,Mikel Merino
502676,2024-08-27,24/25,1049,31,Valencia,Liverpool,"$30,000,000.00","$45,000,000.00",-33.33%,Giorgi Mamardashvili
834397,2024-08-27,24/25,1184,631,Genk,Chelsea,"$20,000,000.00","$1,000,000.00",1900.00%,Mike Penders
435062,2024-08-24,24/25,349,984,Barnsley,West Brom,"$600,000.00","$2,500,000.00",-76.00%,Callum Styles
33873,2024-08-23,24/25,1039,29,QPR,Everton,$0.00,"$300,000.00",-100.00%,Asmir Begovic
53622,2024-08-23,24/25,131,281,Barcelona,Man City,$0.00,"$15,000,000.00",-100.00%,İlkay Gündoğan
108354,2024-08-23,24/25,873,1003,Crystal Palace,Leicester,"$5,900,000.00","$4,000,000.00",47.50%,Jordan Ayew
260827,2024-08-23,24/25,873,931,Crystal Palace,Fulham,"$29,500,000.00","$35,000,000.00",-15.71%,Joachim Andersen
494237,2024-08-23,24/25,964,289,Zenit S-Pb,Sunderland,$0.00,"$4,000,000.00",-100.00%,Wilson Isidor
859951,2024-08-23,24/25,148,512,Tottenham,Stoke City,$0.00,"$2,200,000.00",-100.00%,Ashley Phillips
333014,2024-08-22,24/25,1132,931,Burnley,Fulham,"$23,550,000.00","$20,000,000.00",17.75%,Sander Berge
417575,2024-08-22,24/25,6574,984,Sassuolo,West Brom,$0.00,"$2,500,000.00",-100.00%,Uros Racic
462250,2024-08-21,24/25,13,631,Atlético,Chelsea,"$52,000,000.00","$30,000,000.00",73.33%,João Félix
880245,2024-08-20,24/25,336,180,Sporting,Southampton,"$15,000,000.00","$8,000,000.00",87.50%,Mateus Fernandes
406638,2024-08-19,24/25,148,1003,Tottenham,Leicester,"$23,500,000.00","$15,000,000.00",56.67%,Oliver Skipp
533662,2024-08-16,24/25,405,180,Aston Villa,Southampton,"$17,600,000.00","$13,000,000.00",35.38%,Cameron Archer
711999,2024-08-16,24/25,631,180,Chelsea,Southampton,$0.00,"$25,000,000.00",-100.00%,Lesley Ugochukwu
724537,2024-08-16,24/25,39336,512,Brighton U21,Stoke City,$0.00,"$3,000,000.00",-100.00%,Andrew Moran
801426,2024-08-16,24/25,698,641,Bristol City,Middlesbrough,"$5,300,000.00","$4,000,000.00",32.50%,Tommy Conway
662332,2024-08-15,24/25,585,180,São Paulo,Southampton,"$900,000.00","$800,000.00",12.50%,Juan
326031,2024-08-13,24/25,27,985,Bayern Munich,Man Utd,"$45,000,000.00","$65,000,000.00",-30.77%,Matthijs de Ligt
340456,2024-08-13,24/25,27,985,Bayern Munich,Man Utd,"$15,000,000.00","$30,000,000.00",-50.00%,Noussair Mazraoui
477758,2024-08-13,24/25,985,379,Man Utd,West Ham,"$17,600,000.00","$20,000,000.00",-12.00%,Aaron Wan-Bissaka
724540,2024-08-12,24/25,9043,512,Celtic B,Stoke City,"$2,340,000.00","$300,000.00",680.00%,Bosun Lawal
487465,2024-08-11,24/25,543,631,Wolves,Chelsea,"$60,000,000.00","$55,000,000.00",9.09%,Pedro Neto
605184,2024-08-10,24/25,417,379,Nice,West Ham,$0.00,"$35,000,000.00",-100.00%,Jean-Clair Todibo
922462,2024-08-10,24/25,9252,512,Liverpool U21,Stoke City,$0.00,"$1,000,000.00",-100.00%,Lewis Koumas
983989,2024-08-10,24/25,1237,1003,Brighton,Leicester,$0.00,"$18,000,000.00",-100.00%,Facundo Buonanotte
609556,2024-08-08,24/25,350,762,Sheff Utd,Newcastle,"$11,600,000.00","$3,000,000.00",286.67%,William Osula
1145504,2024-08-08,24/25,189,631,Boca Juniors,Chelsea,"$16,500,000.00","$3,000,000.00",450.00%,Aarón Anselmino
342385,2024-08-06,24/25,150,379,Real Betis,West Ham,$0.00,"$20,000,000.00",-100.00%,Guido Rodríguez
627248,2024-08-06,24/25,405,984,Aston Villa,West Brom,$0.00,"$2,500,000.00",-100.00%,Lewis Dobbin
75489,2024-08-05,24/25,16,379,Dortmund,West Ham,"$27,000,000.00","$15,000,000.00",80.00%,Niclas Füllkrug
474701,2024-08-03,24/25,399,379,Leeds,West Ham,"$29,300,000.00","$20,000,000.00",46.50%,Crysencio Summerville
494880,2024-08-03,24/25,1050,931,Villarreal,Fulham,"$6,700,000.00","$6,000,000.00",11.67%,Jorge Cuenca
392765,2024-08-02,24/25,11,931,Arsenal,Fulham,"$31,800,000.00","$22,000,000.00",44.55%,Emile Smith Rowe
49693,2024-08-01,24/25,698,164,Bristol City,Blackburn,$0.00,"$900,000.00",-100.00%,Andreas Weimann
410225,2024-08-01,24/25,244,873,Marseille,Crystal Palace,"$15,000,000.00","$18,000,000.00",-16.67%,Ismaïla Sarr
592116,2024-07-31,24/25,2697,164,Sanf. Hiroshima,Blackburn,,"$900,000.00",-100.00%,Yuki Ohashi
426192,2024-07-30,24/25,1050,180,Villarreal,Southampton,"$8,300,000.00","$8,000,000.00",3.75%,Ben Brereton Díaz
585323,2024-07-30,24/25,1050,631,Villarreal,Chelsea,"$24,500,000.00","$20,000,000.00",22.50%,Filip Jørgensen
711544,2024-07-30,24/25,1041,29,Lyon,Everton,"$19,500,000.00","$12,000,000.00",62.50%,Jake O'Brien
502821,2024-07-29,24/25,1025,11,Bologna,Arsenal,"$43,700,000.00","$45,000,000.00",-2.89%,Riccardo Calafiori
902021,2024-07-29,24/25,6631,180,FC Tokyo,Southampton,,"$1,500,000.00",-100.00%,Kuryu Matsuki
167268,2024-07-26,24/25,114977,984,San Diego,West Brom,$0.00,"$3,500,000.00",-100.00%,Paddy McNair
392775,2024-07-26,24/25,148,931,Tottenham,Fulham,$0.00,"$10,000,000.00",-100.00%,Ryan Sessegnon
513245,2024-07-26,24/25,6195,29,Napoli,Everton,$0.00,"$22,000,000.00",-100.00%,Jesper Lindstrøm
392763,2024-07-24,24/25,399,289,Leeds,Sunderland,$0.00,"$900,000.00",-100.00%,Ian Poveda
485706,2024-07-22,24/25,29,405,Everton,Aston Villa,"$59,350,000.00","$50,000,000.00",18.70%,Amadou Onana
746833,2024-07-22,24/25,51663,631,Atlanta,Chelsea,"$10,100,000.00","$5,000,000.00",102.00%,Caleb Wiley
840008,2024-07-21,24/25,71085,5551,Macarthur,Newcastle,,"$325,000.00",-100.00%,Lachlan Rose
665390,2024-07-19,24/25,3008,405,Hull City,Aston Villa,"$16,000,000.00","$15,000,000.00",6.67%,Jaden Philogene
743591,2024-07-18,24/25,1095,281,Troyes,Man City,"$25,000,000.00","$50,000,000.00",-50.00%,Savinho
923831,2024-07-18,24/25,1082,985,Lille,Man Utd,"$62,000,000.00","$50,000,000.00",24.00%,Leny Yoro
506189,2024-07-16,24/25,379,180,West Ham,Southampton,"$17,850,000.00","$9,000,000.00",98.33%,Flynn Downes
405385,2024-07-14,24/25,1090,180,AZ Alkmaar,Southampton,"$7,000,000.00","$12,000,000.00",-41.67%,Yukinari Sugawara
435648,2024-07-14,24/25,1025,985,Bologna,Man Utd,"$42,500,000.00","$50,000,000.00",-15.00%,Joshua Zirkzee
55291,2024-07-12,24/25,78435,355,Charlotte,Bolton,$0.00,"$250,000.00",-100.00%,Scott Arfield
805714,2024-07-12,24/25,26,631,Basel,Chelsea,"$14,000,000.00","$3,000,000.00",366.67%,Renato Veiga
533662,2024-07-11,24/25,350,405,Sheff Utd,Aston Villa,"$16,650,000.00","$13,000,000.00",28.08%,Cameron Archer
461833,2024-07-09,24/25,800,1003,Atalanta BC,Leicester,"$14,000,000.00","$8,000,000.00",75.00%,Caleb Okoli
936842,2024-07-07,24/25,9250,1003,Chelsea U21,Leicester,"$5,900,000.00","$300,000.00",1866.67%,Michael Golding
186186,2024-07-06,24/25,931,1003,Fulham,Leicester,$0.00,"$5,000,000.00",-100.00%,Bobby De Cordova-Reid
525247,2024-07-06,24/25,543,379,Wolves,West Ham,"$47,500,000.00","$32,000,000.00",48.44%,Maximilian Kilman
503990,2024-07-05,24/25,2288,180,Swansea,Southampton,"$3,500,000.00","$3,800,000.00",-7.89%,Nathan Wood
262749,2024-07-04,24/25,1148,11,Brentford,Arsenal,"$31,900,000.00","$35,000,000.00",-8.86%,David Raya
464469,2024-07-04,24/25,1092,984,Brommapojkarna,West Brom,"$600,000.00","$500,000.00",20.00%,Torbjørn Heggem
623570,2024-07-03,24/25,244,29,Marseille,Everton,"$18,000,000.00","$15,000,000.00",20.00%,Iliman Ndiaye
732165,2024-07-03,24/25,1072,180,Peterborough,Southampton,"$3,500,000.00","$3,800,000.00",-7.89%,Ronnie Edwards
429983,2024-07-02,24/25,940,543,Celta de Vigo,Wolves,$0.00,"$25,000,000.00",-100.00%,Jørgen Strand Larsen
475188,2024-07-02,24/25,1003,631,Leicester,Chelsea,"$35,400,000.00","$30,000,000.00",18.00%,Kiernan Dewsbury-Hall
689637,2024-07-02,24/25,150,873,Real Betis,Crystal Palace,"$15,000,000.00","$15,000,000.00",0.00%,Chadi Riad
29712,2024-07-01,24/25,337,762,Birmingham,Newcastle,$0.00,"$200,000.00",-100.00%,John Ruddy
43530,2024-07-01,24/25,1237,180,Brighton,Southampton,$0.00,"$1,000,000.00",-100.00%,Adam Lallana
61697,2024-07-01,24/25,350,379,Sheff Utd,West Ham,$0.00,"$900,000.00",-100.00%,Wes Foderingham
123536,2024-07-01,24/25,990,289,Coventry,Sunderland,$0.00,"$200,000.00",-100.00%,Simon Moore
124419,2024-07-01,24/25,703,762,Nott'm Forest,Newcastle,"$23,600,000.00","$7,000,000.00",237.14%,Odysseas Vlachodimos
131978,2024-07-01,24/25,1031,405,Luton,Aston Villa,"$5,900,000.00","$8,000,000.00",-26.25%,Ross Barkley
195633,2024-07-01,24/25,1132,180,Burnley,Southampton,$0.00,"$3,000,000.00",-100.00%,Charlie Taylor
258878,2024-07-01,24/25,931,631,Fulham,Chelsea,$0.00,"$20,000,000.00",-100.00%,Tosin Adarabioyo
273742,2024-07-01,24/25,1194,512,Rotherham,Stoke City,"$1,000,000.00","$2,800,000.00",-64.29%,Viktor Johansson
356141,2024-07-01,24/25,398,873,Lazio,Crystal Palace,$0.00,"$18,000,000.00",-100.00%,Daichi Kamada
398063,2024-07-01,24/25,3371,355,Cheltenham,Bolton,$0.00,"$500,000.00",-100.00%,Luke Southwood
433181,2024-07-01,24/25,9250,631,Chelsea U21,Chelsea,,"$700,000.00",-100.00%,Tino Anjorin
433183,2024-07-01,24/25,281,543,Man City,Wolves,"$5,000,000.00","$10,000,000.00",-50.00%,Tommy Doyle
480116,2024-07-01,24/25,989,762,Bournemouth,Newcastle,$0.00,"$18,000,000.00",-100.00%,Lloyd Kelly
485585,2024-07-01,24/25,631,405,Chelsea,Aston Villa,"$44,500,000.00","$40,000,000.00",11.25%,Ian Maatsen
503977,2024-07-01,24/25,281,180,Man City,Southampton,"$23,000,000.00","$22,000,000.00",4.55%,Taylor Harwood-Bellis
513968,2024-07-01,24/25,813,641,Columbus,Middlesbrough,"$3,730,000.00","$3,000,000.00",24.33%,Aidan Morris
581672,2024-07-01,24/25,506,405,Juventus,Aston Villa,"$14,000,000.00","$13,000,000.00",7.69%,Samuel Iling-Junior
612517,2024-07-01,24/25,9250,631,Chelsea U21,Chelsea,,"$4,800,000.00",-100.00%,Bashir Humphreys
618494,2024-07-01,24/25,9252,31,Liverpool U21,Liverpool,,"$8,000,000.00",-100.00%,Tyler Morton
627248,2024-07-01,24/25,29,405,Everton,Aston Villa,"$11,800,000.00","$2,500,000.00",372.00%,Lewis Dobbin
645686,2024-07-01,24/25,12124,405,Aston Villa U21,Aston Villa,,"$450,000.00",-100.00%,Lamare Bogarde
654253,2024-07-01,24/25,9251,985,Man Utd U21,Man Utd,,"$200,000.00",-100.00%,Toby Collyer
667121,2024-07-01,24/25,1075,543,Braga,Wolves,"$15,000,000.00","$12,000,000.00",25.00%,Rodrigo Gomes
670858,2024-07-01,24/25,631,762,Chelsea,Newcastle,"$33,000,000.00","$18,000,000.00",83.33%,Lewis Hall
671915,2024-07-01,24/25,506,405,Juventus,Aston Villa,"$8,000,000.00","$7,500,000.00",6.67%,Enzo Barrenechea
696589,2024-07-01,24/25,405,29,Aston Villa,Everton,"$10,700,000.00","$4,000,000.00",167.50%,Tim Iroegbunam
706815,2024-07-01,24/25,9252,31,Liverpool U21,Liverpool,,"$500,000.00",-100.00%,Harvey Davies
712117,2024-07-01,24/25,9252,31,Liverpool U21,Liverpool,,"$1,000,000.00",-100.00%,Bobby Clark
740529,2024-07-01,24/25,475,512,Sint-Truiden,Stoke City,"$1,200,000.00","$2,200,000.00",-45.45%,Eric-Junior Bocat
747009,2024-07-01,24/25,6945,873,Palace U21,Crystal Palace,,"$150,000.00",-100.00%,Justin Devenny
817612,2024-07-01,24/25,9262,931,Fulham U21,Fulham,,"$1,000,000.00",-100.00%,Luke Harris
864121,2024-07-01,24/25,336,1003,Sporting,Leicester,"$16,250,000.00","$10,000,000.00",62.50%,Abdul Fatawu
890719,2024-07-01,24/25,9249,11,Arsenal U21,Arsenal,,"$8,000,000.00",-100.00%,Ethan Nwaneri
890721,2024-07-01,24/25,9249,11,Arsenal U21,Arsenal,,"$2,000,000.00",-100.00%,Myles Lewis-Skelly
899856,2024-07-01,24/25,7006,5551,Melb. Victory,Newcastle,$0.00,"$125,000.00",-100.00%,Eli Adams
926135,2024-07-01,24/25,12124,631,Aston Villa U21,Chelsea,"$22,500,000.00","$1,000,000.00",2150.00%,Omari Kellyman
938158,2024-07-01,24/25,131,631,Barcelona,Chelsea,"$6,000,000.00","$7,500,000.00",-20.00%,Marc Guiu
991800,2024-07-01,24/25,1023,379,Palmeiras,West Ham,"$23,000,000.00","$24,000,000.00",-4.17%,Luís Guilherme
1011131,2024-07-01,24/25,6942,931,Fulham U18,Fulham,,"$200,000.00",-100.00%,Josh King
1193867,2024-07-01,24/25,8718,543,Sport Recife,Wolves,"$10,000,000.00","$2,500,000.00",300.00%,Pedro Lima
80444,2024-06-30,23/24,26091,405,Al-Duhail SC,Aston Villa,$0.00,"$7,500,000.00",-100.00%,Philippe Coutinho
96341,2024-06-30,23/24,12,631,Roma,Chelsea,$0.00,"$30,000,000.00",-100.00%,Romelu Lukaku
168157,2024-06-30,23/24,6195,405,Napoli,Aston Villa,$0.00,"$7,000,000.00",-100.00%,Leander Dendoncker
174094,2024-06-30,23/24,417,405,Nice,Aston Villa,$0.00,"$8,000,000.00",-100.00%,Morgan Sanson
182712,2024-06-30,23/24,131,281,Barcelona,Man City,$0.00,"$25,000,000.00",-100.00%,João Cancelo
183321,2024-06-30,23/24,167,931,Augsburg,Fulham,$0.00,"$4,000,000.00",-100.00%,Kevin Mbabu
192279,2024-06-30,23/24,418,631,Real Madrid,Chelsea,$0.00,"$12,000,000.00",-100.00%,Kepa Arrizabalaga
206225,2024-06-30,23/24,1039,762,QPR,Newcastle,$0.00,"$1,800,000.00",-100.00%,Isaac Hayden
217111,2024-06-30,23/24,141,631,Galatasaray,Chelsea,$0.00,"$9,000,000.00",-100.00%,Hakim Ziyech
217115,2024-06-30,23/24,1148,29,Brentford,Everton,$0.00,"$12,000,000.00",-100.00%,Neal Maupay
225122,2024-06-30,23/24,1050,543,Villarreal,Wolves,$0.00,"$15,000,000.00",-100.00%,Gonçalo Guedes
228948,2024-06-30,23/24,162,379,Monaco,West Ham,$0.00,"$10,000,000.00",-100.00%,Thilo Kehrer
238266,2024-06-30,23/24,1041,180,Lyon,Southampton,$0.00,"$7,000,000.00",-100.00%,Duje Caleta-Car
256977,2024-06-30,23/24,683,543,Olympiacos,Wolves,$0.00,"$13,000,000.00",-100.00%,Daniel Podence
272855,2024-06-30,23/24,449,180,Trabzonspor,Southampton,$0.00,"$13,000,000.00",-100.00%,Paul Onuachu
288255,2024-06-30,23/24,24,985,Frankfurt,Man Utd,$0.00,"$5,000,000.00",-100.00%,Donny van de Beek
290532,2024-06-30,23/24,1041,379,Lyon,West Ham,$0.00,"$20,000,000.00",-100.00%,Saïd Benrahma
300716,2024-06-30,23/24,681,11,Real Sociedad,Arsenal,$0.00,"$12,000,000.00",-100.00%,Kieran Tierney
318523,2024-06-30,23/24,417,180,Nice,Southampton,$0.00,"$5,000,000.00",-100.00%,Romain Perraud
344605,2024-06-30,23/24,368,1003,Sevilla FC,Leicester,$0.00,"$14,000,000.00",-100.00%,Boubakary Soumaré
345437,2024-06-30,23/24,1467,180,Göztepe,Southampton,$0.00,"$1,600,000.00",-100.00%,Mateusz Lis
351749,2024-06-30,23/24,379,281,West Ham,Man City,$0.00,"$25,000,000.00",-100.00%,Kalvin Phillips
369567,2024-06-30,23/24,24,543,Frankfurt,Wolves,$0.00,"$5,000,000.00",-100.00%,Sasa Kalajdzic
379807,2024-06-30,23/24,6297,180,Al-Gharafa,Southampton,$0.00,"$3,000,000.00",-100.00%,Lyanco
401173,2024-06-30,23/24,16,985,Dortmund,Man Utd,$0.00,"$30,000,000.00",-100.00%,Jadon Sancho
430310,2024-06-30,23/24,28760,379,A. Klagenfurt,West Ham,$0.00,"$2,000,000.00",-100.00%,Andrew Irving
431422,2024-06-30,23/24,443,379,Vejle BK,West Ham,$0.00,"$1,000,000.00",-100.00%,Nathan Trott
439351,2024-06-30,23/24,61,543,Servette FC,Wolves,$0.00,"$2,000,000.00",-100.00%,Bendegúz Bolla
467563,2024-06-30,23/24,383,180,PSV,Southampton,$0.00,"$12,000,000.00",-100.00%,Armel Bella-Kotchap
485585,2024-06-30,23/24,16,631,Dortmund,Chelsea,$0.00,"$40,000,000.00",-100.00%,Ian Maatsen
486604,2024-06-30,23/24,122,31,Sturm Graz,Liverpool,$0.00,"$5,000,000.00",-100.00%,Vitezslav Jaros
505653,2024-06-30,23/24,124,543,Rangers,Wolves,$0.00,"$11,000,000.00",-100.00%,Fábio Silva
512354,2024-06-30,23/24,54189,873,RWDM,Crystal Palace,$0.00,"$1,500,000.00",-100.00%,Malcolm Ebiowei
525287,2024-06-30,23/24,141,931,Galatasaray,Fulham,$0.00,"$4,000,000.00",-100.00%,Carlos Vinícius
528888,2024-06-30,23/24,443,931,Vejle BK,Fulham,$0.00,"$600,000.00",-100.00%,Tyrese Francois
532826,2024-06-30,23/24,3709,985,Getafe,Man Utd,$0.00,"$25,000,000.00",-100.00%,Mason Greenwood
535955,2024-06-30,23/24,703,11,Nott'm Forest,Arsenal,$0.00,"$15,000,000.00",-100.00%,Nuno Tavares
541231,2024-06-30,23/24,39,31,Mainz,Liverpool,$0.00,"$12,000,000.00",-100.00%,Sepp van den Berg
559263,2024-06-30,23/24,3008,31,Hull City,Liverpool,$0.00,"$14,000,000.00",-100.00%,Fábio Carvalho
564529,2024-06-30,23/24,1025,1003,Bologna,Leicester,$0.00,"$15,000,000.00",-100.00%,Victor Kristiansen
571743,2024-06-30,23/24,931,631,Fulham,Chelsea,$0.00,"$22,000,000.00",-100.00%,Armando Broja
576121,2024-06-30,23/24,603,281,Cardiff,Man City,$0.00,"$4,000,000.00",-100.00%,Josh Wilson-Esbrand
607224,2024-06-30,23/24,368,985,Sevilla FC,Man Utd,$0.00,"$9,000,000.00",-100.00%,Hannibal
627228,2024-06-30,23/24,12321,281,Girona,Man City,$0.00,"$25,000,000.00",-100.00%,Yan Couto
656316,2024-06-30,23/24,1245,631,KAS Eupen,Chelsea,$0.00,"$4,000,000.00",-100.00%,Gabriel Slonina
662334,2024-06-30,23/24,1189,31,St. Pat's,Liverpool,$0.00,"$300,000.00",-100.00%,Marcelo Pitaluga
668547,2024-06-30,23/24,472,281,UD Las Palmas,Man City,$0.00,"$9,000,000.00",-100.00%,Máximo Perrone
670858,2024-06-30,23/24,762,631,Newcastle,Chelsea,$0.00,"$18,000,000.00",-100.00%,Lewis Hall
676318,2024-06-30,23/24,16795,985,Granada CF,Man Utd,$0.00,"$8,000,000.00",-100.00%,Facundo Pellistri
695454,2024-06-30,23/24,3329,543,Famalicão,Wolves,$0.00,"$3,000,000.00",-100.00%,Chiquinho
716276,2024-06-30,23/24,1050,543,Villarreal,Wolves,$0.00,"$6,000,000.00",-100.00%,Yerson Mosquera
741238,2024-06-30,23/24,677,631,Ipswich,Chelsea,$0.00,"$7,000,000.00",-100.00%,Omari Hutchinson
743598,2024-06-30,23/24,667,631,R. Strasbourg,Chelsea,$0.00,"$15,000,000.00",-100.00%,Ângelo
743627,2024-06-30,23/24,605,289,Aris Saloniki,Sunderland,$0.00,"$900,000.00",-100.00%,Jewison Bennette
748319,2024-06-30,23/24,506,180,Juventus,Southampton,$0.00,"$15,000,000.00",-100.00%,Carlos Alcaraz
811778,2024-06-30,23/24,294,985,Benfica,Man Utd,$0.00,"$7,000,000.00",-100.00%,Álvaro Carreras
848682,2024-06-30,23/24,159,405,Red Star,Aston Villa,$0.00,"$8,000,000.00",-100.00%,Kosta Nedeljkovic
1012534,2024-06-30,23/24,234,762,Feyenoord,Newcastle,$0.00,"$16,000,000.00",-100.00%,Yankuba Minteh
490606,2024-06-18,23/24,1092,631,Brommapojkarna,Chelsea,$0.00,"$700,000.00",-100.00%,Lucas Bergström
146795,2024-05-31,23/24,180,762,Southampton,Newcastle,$0.00,"$3,000,000.00",-100.00%,Ryan Fraser
148262,2024-05-31,23/24,1035,762,Sheff Wed,Newcastle,$0.00,"$500,000.00",-100.00%,Jeff Hendrick
238585,2024-05-31,23/24,34888,355,Salford,Bolton,$0.00,"$450,000.00",-100.00%,Declan John
260841,2024-05-31,23/24,512,1003,Stoke City,Leicester,$0.00,"$3,000,000.00",-100.00%,Daniel Iversen
346018,2024-05-31,23/24,1010,762,Watford,Newcastle,$0.00,"$3,500,000.00",-100.00%,Jamal Lewis
348623,2024-05-31,23/24,350,29,Sheff Utd,Everton,$0.00,"$5,000,000.00",-100.00%,Mason Holgate
371814,2024-05-31,23/24,603,31,Cardiff,Liverpool,$0.00,"$3,500,000.00",-100.00%,Nathaniel Phillips
381967,2024-05-31,23/24,1031,11,Luton,Arsenal,$0.00,"$15,000,000.00",-100.00%,Albert Sambi Lokonga
433183,2024-05-31,23/24,543,281,Wolves,Man City,$0.00,"$10,000,000.00",-100.00%,Tommy Doyle
444641,2024-05-31,23/24,1302,543,Northampton,Wolves,$0.00,"$200,000.00",-100.00%,Louie Moulden
484389,2024-05-31,23/24,1071,762,Wigan,Newcastle,$0.00,"$250,000.00",-100.00%,Kell Watts
484838,2024-05-31,23/24,6699,405,Exeter City,Aston Villa,$0.00,"$600,000.00",-100.00%,Viljami Sinisalo
485583,2024-05-31,23/24,512,543,Stoke City,Wolves,$0.00,"$4,500,000.00",-100.00%,Ki-Jana Hoever
496660,2024-05-31,23/24,987,164,Motherwell FC,Blackburn,$0.00,"$500,000.00",-100.00%,Jack Vale
503769,2024-05-31,23/24,1112,11,Wrexham,Arsenal,$0.00,"$1,800,000.00",-100.00%,Arthur Okonkwo
503975,2024-05-31,23/24,1039,543,QPR,Wolves,$0.00,"$1,500,000.00",-100.00%,Joe Hodge
503977,2024-05-31,23/24,180,281,Southampton,Man City,$0.00,"$22,000,000.00",-100.00%,Taylor Harwood-Bellis
505194,2024-05-31,23/24,641,1003,Middlesbrough,Leicester,$0.00,"$6,000,000.00",-100.00%,Luke Thomas
506189,2024-05-31,23/24,180,379,Southampton,West Ham,$0.00,"$9,000,000.00",-100.00%,Flynn Downes
507700,2024-05-31,23/24,677,985,Ipswich,Man Utd,$0.00,"$2,500,000.00",-100.00%,Brandon Williams
532541,2024-05-31,23/24,512,543,Stoke City,Wolves,$0.00,"$5,000,000.00",-100.00%,Luke Cundle
583199,2024-05-31,23/24,350,281,Sheff Utd,Man City,$0.00,"$12,000,000.00",-100.00%,James McAtee
610863,2024-05-31,23/24,991,405,MK Dons,Aston Villa,$0.00,"$800,000.00",-100.00%,Filip Marschall
614603,2024-05-31,23/24,2805,543,Wycombe,Wolves,$0.00,"$900,000.00",-100.00%,Chem Campbell
649452,2024-05-31,23/24,1031,281,Luton,Man City,$0.00,"$10,000,000.00",-100.00%,Issa Kaboré
696346,2024-05-31,23/24,337,931,Birmingham,Fulham,$0.00,"$3,500,000.00",-100.00%,Jay Stansfield
699018,2024-05-31,23/24,355,984,Bolton,West Brom,$0.00,"$250,000.00",-100.00%,Zac Ashworth
708271,2024-05-31,23/24,34888,984,Salford,West Brom,$0.00,"$275,000.00",-100.00%,Ethan Ingram
743414,2024-05-31,23/24,2262,405,Plymouth,Aston Villa,$0.00,"$2,000,000.00",-100.00%,Lino Sousa
747153,2024-05-31,23/24,1211,985,Port Vale,Man Utd,$0.00,"$900,000.00",-100.00%,Dan Gore
787232,2024-05-31,23/24,1132,631,Burnley,Chelsea,$0.00,"$12,000,000.00",-100.00%,David Datro Fofana
957224,2024-05-31,23/24,903,289,Hibernian FC,Sunderland,$0.00,"$300,000.00",-100.00%,Nectarios Triantis
967346,2024-05-31,23/24,903,289,Hibernian FC,Sunderland,$0.00,"$700,000.00",-100.00%,Eliezer Mayenda
54383,2024-02-01,23/24,350,164,Sheff Utd,Blackburn,$0.00,"$900,000.00",-100.00%,John Fleck
297257,2024-02-01,23/24,371,984,Celtic,West Brom,$0.00,"$1,200,000.00",-100.00%,Mikey Johnston
435062,2024-02-01,23/24,349,289,Barnsley,Sunderland,$0.00,"$2,500,000.00",-100.00%,Callum Styles
503679,2024-02-01,23/24,1211,31,Port Vale,Liverpool,$0.00,"$1,800,000.00",-100.00%,Rhys Williams
503743,2024-02-01,23/24,641,405,Middlesbrough,Aston Villa,"$9,400,000.00","$2,800,000.00",235.71%,Morgan Rogers
564449,2024-02-01,23/24,499,512,Vitesse,Stoke City,"$4,000,000.00","$3,500,000.00",14.29%,Million Manhoef
571743,2024-02-01,23/24,631,931,Chelsea,Fulham,$0.00,"$28,000,000.00",-100.00%,Armando Broja
591844,2024-02-01,23/24,875,405,Adelaide United,Aston Villa,"$1,500,000.00","$550,000.00",172.73%,Joe Gauci
696181,2024-02-01,23/24,3057,289,Standard Liège,Sunderland,"$1,800,000.00","$600,000.00",200.00%,Romaine Mundle
696324,2024-02-01,23/24,9252,164,Liverpool U21,Blackburn,$0.00,"$500,000.00",-100.00%,Billy Koumetio
743414,2024-02-01,23/24,9249,405,Arsenal U21,Aston Villa,,"$2,000,000.00",-100.00%,Lino Sousa
744149,2024-02-01,23/24,164,873,Blackburn,Crystal Palace,"$21,100,000.00","$10,000,000.00",111.00%,Adam Wharton
205657,2024-01-31,23/24,603,11,Cardiff,Arsenal,$0.00,"$800,000.00",-100.00%,Rúnar Alex Rúnarsson
348623,2024-01-31,23/24,180,29,Southampton,Everton,$0.00,"$5,000,000.00",-100.00%,Mason Holgate
576121,2024-01-31,23/24,1421,281,Stade Reims,Man City,$0.00,"$2,000,000.00",-100.00%,Josh Wilson-Esbrand
816124,2024-01-31,23/24,583,543,Paris SG,Wolves,$0.00,"$500,000.00",-100.00%,Noha Lemina
277033,2024-01-30,23/24,989,180,Bournemouth,Southampton,$0.00,"$9,000,000.00",-100.00%,David Brooks
493003,2024-01-30,23/24,1184,873,Genk,Crystal Palace,"$8,000,000.00","$10,000,000.00",-20.00%,Daniel Muñoz
633652,2024-01-29,23/24,9252,355,Liverpool U21,Bolton,$0.00,"$4,000,000.00",-100.00%,Calvin Ramsay
351749,2024-01-26,23/24,281,379,Man City,West Ham,$0.00,"$28,000,000.00",-100.00%,Kalvin Phillips
505194,2024-01-26,23/24,1003,641,Leicester,Middlesbrough,$0.00,"$10,000,000.00",-100.00%,Luke Thomas
953135,2024-01-26,23/24,9267,984,West Ham U21,West Brom,$0.00,"$1,000,000.00",-100.00%,Callum Marshall
994536,2024-01-25,23/24,209,281,River Plate,Man City,"$18,500,000.00","$12,000,000.00",54.17%,Claudio Echeverri
655006,2024-01-22,23/24,1041,631,Lyon,Chelsea,$0.00,"$3,000,000.00",-100.00%,Diego Moreira
848682,2024-01-22,23/24,159,405,Red Star,Aston Villa,"$7,600,000.00","$2,500,000.00",204.00%,Kosta Nedeljkovic
622380,2024-01-19,23/24,1003,631,Leicester,Chelsea,$0.00,"$10,000,000.00",-100.00%,Cesare Casadei
225122,2024-01-18,23/24,294,543,Benfica,Wolves,$0.00,"$18,000,000.00",-100.00%,Gonçalo Guedes
49693,2024-01-15,23/24,698,984,Bristol City,West Brom,$0.00,"$1,200,000.00",-100.00%,Andreas Weimann
183293,2024-01-15,23/24,989,180,Bournemouth,Southampton,$0.00,"$4,000,000.00",-100.00%,Joe Rothwell
444641,2024-01-15,23/24,1088,543,Rochdale,Wolves,$0.00,"$200,000.00",-100.00%,Louie Moulden
614603,2024-01-15,23/24,358,543,Charlton,Wolves,$0.00,"$900,000.00",-100.00%,Chem Campbell
626888,2024-01-15,23/24,12124,405,Aston Villa U21,Aston Villa,,"$2,200,000.00",-100.00%,Kaine Kesler-Hayden
614811,2024-01-14,23/24,1042,762,Crewe Alexandra,Newcastle,$0.00,"$300,000.00",-100.00%,Joe White
811778,2024-01-14,23/24,16795,985,Granada CF,Man Utd,$0.00,"$7,000,000.00",-100.00%,Álvaro Carreras
505194,2024-01-12,23/24,350,1003,Sheff Utd,Leicester,$0.00,"$10,000,000.00",-100.00%,Luke Thomas
668268,2024-01-12,23/24,995,11,FC Nantes,Arsenal,$0.00,"$7,000,000.00",-100.00%,Marquinhos
206225,2024-01-11,23/24,3057,762,Standard Liège,Newcastle,$0.00,"$3,000,000.00",-100.00%,Isaac Hayden
787232,2024-01-11,23/24,89,631,Union Berlin,Chelsea,$0.00,"$8,000,000.00",-100.00%,David Datro Fofana
532541,2024-01-09,23/24,543,512,Wolves,Stoke City,$0.00,"$4,000,000.00",-100.00%,Luke Cundle
532541,2024-01-07,23/24,2262,543,Plymouth,Wolves,$0.00,"$4,000,000.00",-100.00%,Luke Cundle
260841,2024-01-05,23/24,1003,512,Leicester,Stoke City,$0.00,"$4,000,000.00",-100.00%,Daniel Iversen
480723,2024-01-05,23/24,12124,641,Aston Villa U21,Middlesbrough,"$2,900,000.00","$1,500,000.00",93.33%,Finn Azaz
496660,2024-01-05,23/24,1198,164,Lincoln City,Blackburn,$0.00,"$450,000.00",-100.00%,Jack Vale
505652,2024-01-05,23/24,358,281,Charlton,Man City,$0.00,"$500,000.00",-100.00%,Slobodan Tedic
667287,2024-01-05,23/24,1237,164,Brighton,Blackburn,$0.00,"$5,000,000.00",-100.00%,Yasin Ayari
586986,2024-01-04,23/24,1220,873,Carlisle United,Crystal Palace,$0.00,"$1,200,000.00",-100.00%,Luke Plange
371814,2024-01-03,23/24,371,31,Celtic,Liverpool,$0.00,"$4,000,000.00",-100.00%,Nathaniel Phillips
503679,2024-01-03,23/24,370,31,Aberdeen FC,Liverpool,$0.00,"$1,800,000.00",-100.00%,Rhys Williams
743600,2024-01-03,23/24,703,631,Nott'm Forest,Chelsea,$0.00,"$14,000,000.00",-100.00%,Andrey Santos
503781,2024-01-02,23/24,1035,164,Sheff Wed,Blackburn,$0.00,"$2,200,000.00",-100.00%,John Buckley
377665,2024-01-01,23/24,2410,164,CSKA Moscow,Blackburn,$0.00,"$3,500,000.00",-100.00%,Arnór Sigurdsson
670845,2024-01-01,23/24,9251,985,Man Utd U21,Man Utd,,"$1,000,000.00",-100.00%,Omari Forson
724783,2024-01-01,23/24,24226,543,Wolves U21,Wolves,,"$100,000.00",-100.00%,Tawanda Chirewa
780630,2024-01-01,23/24,9251,985,Man Utd U21,Man Utd,,"$2,000,000.00",-100.00%,Willy Kambwala
790992,2024-01-01,23/24,9250,631,Chelsea U21,Chelsea,,"$300,000.00",-100.00%,Alfie Gilchrist
863741,2024-01-01,23/24,24226,543,Wolves U21,Wolves,,"$1,000,000.00",-100.00%,Nathan Fraser
865993,2024-01-01,23/24,6945,873,Palace U21,Crystal Palace,,"$700,000.00",-100.00%,David Ozoh
559263,2023-12-31,23/24,23826,31,Leipzig,Liverpool,$0.00,"$14,000,000.00",-100.00%,Fábio Carvalho
678194,2023-12-31,23/24,218,641,SJ Earthquakes,Middlesbrough,$0.00,"$1,000,000.00",-100.00%,Matthew Hoppe
716276,2023-12-31,23/24,51772,543,Cincinnati,Wolves,$0.00,"$3,500,000.00",-100.00%,Yerson Mosquera
182904,2023-09-01,23/24,131,405,Barcelona,Aston Villa,$0.00,"$10,000,000.00",-100.00%,Clément Lenglet
242631,2023-09-01,23/24,29,931,Everton,Fulham,"$25,700,000.00","$28,000,000.00",-8.21%,Alex Iwobi
253341,2023-09-01,23/24,11,873,Arsenal,Crystal Palace,"$1,200,000.00","$8,000,000.00",-85.00%,Rob Holding
282429,2023-09-01,23/24,148,985,Tottenham,Man Utd,$0.00,"$10,000,000.00",-100.00%,Sergio Reguilón
287579,2023-09-01,23/24,430,985,Fiorentina,Man Utd,$0.00,"$30,000,000.00",-100.00%,Sofyan Amrabat
296422,2023-09-01,23/24,5,931,AC Milan,Fulham,$0.00,"$3,500,000.00",-100.00%,Fodé Ballo-Touré
336077,2023-09-01,23/24,36,985,Fenerbahçe,Man Utd,"$5,000,000.00","$11,000,000.00",-54.55%,Altay Bayındır
349300,2023-09-01,23/24,371,512,Celtic,Stoke City,$0.00,"$4,000,000.00",-100.00%,Sead Haksabanovic
366729,2023-09-01,23/24,10690,289,Zorya Lugansk,Sunderland,"$2,500,000.00","$2,000,000.00",25.00%,Nazariy Rusyn
433183,2023-09-01,23/24,281,543,Man City,Wolves,$0.00,"$7,000,000.00",-100.00%,Tommy Doyle
447995,2023-09-01,23/24,289,180,Sunderland,Southampton,"$9,300,000.00","$2,800,000.00",232.14%,Ross Stewart
450050,2023-09-01,23/24,667,543,R. Strasbourg,Wolves,"$15,000,000.00","$10,000,000.00",50.00%,Jean-Ricner Bellegarde
478573,2023-09-01,23/24,27,31,Bayern Munich,Liverpool,"$40,000,000.00","$30,000,000.00",33.33%,Ryan Gravenberch
503977,2023-09-01,23/24,281,180,Man City,Southampton,$0.00,"$25,000,000.00",-100.00%,Taylor Harwood-Bellis
538998,2023-09-01,23/24,583,289,PSG,Sunderland,"$1,000,000.00","$5,000,000.00",-80.00%,Timothée Pembélé
568177,2023-09-01,23/24,281,631,Man City,Chelsea,"$47,000,000.00","$18,000,000.00",161.11%,Cole Palmer
601883,2023-09-01,23/24,543,281,Wolves,Man City,"$62,000,000.00","$45,000,000.00",37.78%,Matheus Nunes
669366,2023-09-01,23/24,29,1003,Everton,Leicester,"$8,800,000.00","$5,000,000.00",76.00%,Tom Cannon
874080,2023-09-01,23/24,9250,289,Chelsea U21,Sunderland,$0.00,"$200,000.00",-100.00%,Mason Burstow
258919,2023-08-31,23/24,985,873,Man Utd,Crystal Palace,"$17,500,000.00","$18,000,000.00",-2.78%,Dean Henderson
430310,2023-08-31,23/24,28760,379,A. Klagenfurt,West Ham,"$1,750,000.00","$800,000.00",118.75%,Andrew Irving
438001,2023-08-31,23/24,12321,543,Girona,Wolves,"$12,000,000.00","$8,000,000.00",50.00%,Santiago Bueno
532178,2023-08-31,23/24,399,641,Leeds,Middlesbrough,$0.00,"$5,000,000.00",-100.00%,Sam Greenwood
560694,2023-08-31,23/24,703,641,Nott'm Forest,Middlesbrough,$0.00,"$8,000,000.00",-100.00%,Lewis O'Brien
611793,2023-08-31,23/24,989,164,Bournemouth,Blackburn,$0.00,"$1,000,000.00",-100.00%,James Hill
695454,2023-08-31,23/24,512,543,Stoke City,Wolves,$0.00,"$2,000,000.00",-100.00%,Chiquinho
864121,2023-08-31,23/24,336,1003,Sporting,Leicester,$0.00,"$4,000,000.00",-100.00%,Abdul Fatawu
912081,2023-08-31,23/24,6499,512,Daejeon Hana C.,Stoke City,"$2,000,000.00","$275,000.00",627.27%,Jun-ho Bae
1060740,2023-08-31,23/24,9875,543,Libertad,Wolves,"$6,000,000.00","$1,900,000.00",215.79%,Enso González
381469,2023-08-30,23/24,2288,931,Swansea,Fulham,"$870,000.00","$400,000.00",117.50%,Steven Benda
262226,2023-08-29,23/24,1003,931,Leicester,Fulham,"$13,000,000.00","$25,000,000.00",-48.00%,Timothy Castagne
595809,2023-08-29,23/24,410,29,Udinese,Everton,"$25,000,000.00","$25,000,000.00",0.00%,Beto
543499,2023-08-27,23/24,610,379,Ajax,West Ham,"$43,000,000.00","$40,000,000.00",7.50%,Mohammed Kudus
396908,2023-08-26,23/24,141,1003,Galatasaray,Leicester,$0.00,"$7,000,000.00",-100.00%,Yunus Akgün
465555,2023-08-26,23/24,626,631,New England,Chelsea,"$16,000,000.00","$6,000,000.00",166.67%,Djordje Petrovic
724537,2023-08-26,23/24,39336,164,Brighton U21,Blackburn,$0.00,"$300,000.00",-100.00%,Andrew Moran
146795,2023-08-25,23/24,762,180,Newcastle,Southampton,$0.00,"$6,000,000.00",-100.00%,Ryan Fraser
348623,2023-08-25,23/24,29,180,Everton,Southampton,$0.00,"$9,000,000.00",-100.00%,Mason Holgate
412953,2023-08-25,23/24,26,512,Basel,Stoke City,"$5,800,000.00","$4,500,000.00",28.89%,Wouter Burger
486049,2023-08-24,23/24,273,281,Stade Rennais,Man City,"$60,000,000.00","$28,000,000.00",114.29%,Jérémy Doku
1082850,2023-08-24,23/24,221,631,Santos,Chelsea,"$16,000,000.00","$4,000,000.00",300.00%,Deivid Washington
348601,2023-08-22,23/24,1038,512,Sampdoria,Stoke City,"$2,500,000.00","$2,500,000.00",0.00%,Mehdi Léris
415912,2023-08-22,23/24,79,379,Stuttgart,West Ham,"$20,000,000.00","$15,000,000.00",33.33%,Konstantinos Mavropanos
670858,2023-08-22,23/24,631,762,Chelsea,Newcastle,$0.00,"$10,000,000.00",-100.00%,Lewis Hall
506189,2023-08-21,23/24,379,180,West Ham,Southampton,$0.00,"$9,000,000.00",-100.00%,Flynn Downes
146310,2023-08-18,23/24,79,31,Stuttgart,Liverpool,"$20,000,000.00","$6,500,000.00",207.69%,Wataru Endo
392085,2023-08-18,23/24,141,405,Galatasaray,Aston Villa,$0.00,"$27,000,000.00",-100.00%,Nicolò Zaniolo
628451,2023-08-18,23/24,180,631,Southampton,Chelsea,"$62,100,000.00","$32,000,000.00",94.06%,Roméo Lavia
262749,2023-08-15,23/24,1148,11,Brentford,Arsenal,$0.00,"$30,000,000.00",-100.00%,David Raya
392964,2023-08-15,23/24,800,641,Atalanta,Middlesbrough,"$7,100,000.00","$1,500,000.00",373.33%,Emmanuel Latte Lath
511534,2023-08-15,23/24,1177,641,Silkeborg IF,Middlesbrough,"$3,000,000.00","$700,000.00",328.57%,Lukas Engel
622380,2023-08-15,23/24,631,1003,Chelsea,Leicester,$0.00,"$12,000,000.00",-100.00%,Cesare Casadei
181579,2023-08-14,23/24,180,379,Southampton,West Ham,"$34,800,000.00","$38,000,000.00",-8.42%,James Ward-Prowse
417346,2023-08-14,23/24,399,29,Leeds,Everton,$0.00,"$22,000,000.00",-100.00%,Jack Harrison
687626,2023-08-14,23/24,1237,631,Brighton,Chelsea,"$116,000,000.00","$75,000,000.00",54.67%,Moisés Caicedo
204103,2023-08-12,23/24,543,931,Wolves,Fulham,$0.00,"$10,000,000.00",-100.00%,Adama Traoré
670688,2023-08-11,23/24,336,29,Sporting,Everton,"$12,500,000.00","$3,000,000.00",316.67%,Youssef Chermiti
401356,2023-08-10,23/24,610,379,Ajax,West Ham,"$38,000,000.00","$35,000,000.00",8.57%,Edson Álvarez
441892,2023-08-08,23/24,1058,164,Odd,Blackburn,"$1,000,000.00","$1,700,000.00",-41.18%,Leopold Wahlstedt
503981,2023-08-08,23/24,180,762,Southampton,Newcastle,"$37,200,000.00","$25,000,000.00",48.80%,Tino Livramento
336367,2023-08-07,23/24,641,180,Middlesbrough,Southampton,$0.00,"$800,000.00",-100.00%,Joe Lumley
403151,2023-08-05,23/24,1237,631,Brighton,Chelsea,"$23,000,000.00","$22,000,000.00",4.55%,Robert Sánchez
475959,2023-08-05,23/24,23826,281,Leipzig,Man City,"$90,000,000.00","$75,000,000.00",20.00%,Josko Gvardiol
610442,2023-08-05,23/24,800,985,Atalanta,Man Utd,"$79,800,000.00","$45,000,000.00",77.33%,Rasmus Højlund
743597,2023-08-05,23/24,614,873,Flamengo,Crystal Palace,"$20,000,000.00","$9,000,000.00",122.22%,Matheus França
386047,2023-08-04,23/24,162,631,Monaco,Chelsea,"$45,000,000.00","$30,000,000.00",50.00%,Axel Disasi
535927,2023-08-02,23/24,1132,512,Burnley,Stoke City,$0.00,"$2,200,000.00",-100.00%,Luke McNally
711999,2023-08-01,23/24,273,631,Stade Rennais,Chelsea,"$27,000,000.00","$9,000,000.00",200.00%,Lesley Ugochukwu
340328,2023-07-31,23/24,969,1003,Montpellier,Leicester,"$7,500,000.00","$6,000,000.00",25.00%,Stephy Mavididi
470596,2023-07-31,23/24,1148,355,Brentford,Bolton,$0.00,"$350,000.00",-100.00%,Paris Maghoma
461883,2023-07-28,23/24,610,931,Ajax,Fulham,"$22,500,000.00","$15,000,000.00",50.00%,Calvin Bassey
967346,2023-07-28,23/24,750,289,FC Sochaux,Sunderland,"$800,000.00","$300,000.00",166.67%,Eliezer Mayenda
357658,2023-07-27,23/24,989,512,Bournemouth,Stoke City,$0.00,"$2,000,000.00",-100.00%,Mark Travers
206040,2023-07-25,23/24,543,931,Wolves,Fulham,"$6,400,000.00","$6,000,000.00",6.67%,Raúl Jiménez
568005,2023-07-25,23/24,1237,984,Brighton,West Brom,$0.00,"$5,000,000.00",-100.00%,Jeremy Sarmiento
355861,2023-07-23,23/24,1050,29,Villarreal,Everton,$0.00,"$25,000,000.00",-100.00%,Arnaut Danjuma
398065,2023-07-23,23/24,1003,762,Leicester,Newcastle,"$44,000,000.00","$35,000,000.00",25.71%,Harvey Barnes
395516,2023-07-22,23/24,15,405,Leverkusen,Aston Villa,"$55,000,000.00","$50,000,000.00",10.00%,Moussa Diaby
695454,2023-07-22,23/24,543,512,Wolves,Stoke City,$0.00,"$2,000,000.00",-100.00%,Chiquinho
485583,2023-07-21,23/24,543,512,Wolves,Stoke City,$0.00,"$3,500,000.00",-100.00%,Ki-Jana Hoever
171679,2023-07-20,23/24,13,543,Atlético,Wolves,$0.00,"$5,000,000.00",-100.00%,Matt Doherty
234509,2023-07-20,23/24,46,985,Inter,Man Utd,"$50,200,000.00","$35,000,000.00",43.43%,André Onana
699018,2023-07-20,23/24,984,355,West Brom,Bolton,$0.00,"$250,000.00",-100.00%,Zac Ashworth
169092,2023-07-19,23/24,466,512,Preston,Stoke City,$0.00,"$900,000.00",-100.00%,Daniel Johnson
42412,2023-07-18,23/24,1003,985,Leicester,Man Utd,$0.00,"$2,000,000.00",-100.00%,Jonny Evans
400536,2023-07-18,23/24,206,1003,Bröndby IF,Leicester,"$9,040,000.00","$3,500,000.00",158.29%,Mads Hermansen
743598,2023-07-16,23/24,221,631,Santos,Chelsea,"$15,000,000.00","$13,000,000.00",15.38%,Ângelo
357662,2023-07-15,23/24,379,11,West Ham,Arsenal,"$116,600,000.00","$90,000,000.00",29.56%,Declan Rice
420243,2023-07-14,23/24,610,11,Ajax,Arsenal,"$40,000,000.00","$42,000,000.00",-4.76%,Jurriën Timber
14086,2023-07-13,23/24,405,29,Aston Villa,Everton,$0.00,"$600,000.00",-100.00%,Ashley Young
399776,2023-07-12,23/24,1050,405,Villarreal,Aston Villa,"$33,000,000.00","$45,000,000.00",-26.67%,Pau Torres
262300,2023-07-11,23/24,2288,180,Swansea,Southampton,$0.00,"$2,500,000.00",-100.00%,Ryan Manning
335615,2023-07-07,23/24,25580,641,Melbourne City,Middlesbrough,$0.00,"$750,000.00",-100.00%,Tom Glover
503743,2023-07-07,23/24,9265,641,Man City U21,Middlesbrough,"$1,200,000.00","$1,800,000.00",-33.33%,Morgan Rogers
547924,2023-07-07,23/24,2671,5551,PAS Giannina,Newcastle,$0.00,"$250,000.00",-100.00%,Apostolos Stamatelopoulos
680531,2023-07-07,23/24,6954,641,Central Coast,Middlesbrough,"$585,000.00","$300,000.00",95.00%,Sam Silvera
640556,2023-07-06,23/24,1269,641,PEC Zwolle,Middlesbrough,,"$400,000.00",-100.00%,Rav van den Berg
346483,2023-07-05,23/24,631,985,Chelsea,Man Utd,"$67,700,000.00","$60,000,000.00",12.83%,Mason Mount
215810,2023-07-03,23/24,1302,543,Northampton,Wolves,$0.00,"$175,000.00",-100.00%,Tom King
397033,2023-07-03,23/24,5,762,AC Milan,Newcastle,"$60,800,000.00","$50,000,000.00",21.60%,Sandro Tonali
451276,2023-07-02,23/24,23826,31,Leipzig,Liverpool,"$70,000,000.00","$50,000,000.00",40.00%,Dominik Szoboszlai
51471,2023-07-01,23/24,631,281,Chelsea,Man City,"$29,100,000.00","$38,000,000.00",-23.42%,Mateo Kovacic
128901,2023-07-01,23/24,543,1003,Wolves,Leicester,"$8,700,000.00","$12,000,000.00",-27.50%,Conor Coady
249126,2023-07-01,23/24,148,1003,Tottenham,Leicester,"$11,600,000.00","$10,000,000.00",16.00%,Harry Winks
249565,2023-07-01,23/24,1003,405,Leicester,Aston Villa,$0.00,"$25,000,000.00",-100.00%,Youri Tielemans
262980,2023-07-01,23/24,989,873,Bournemouth,Crystal Palace,$0.00,"$20,000,000.00",-100.00%,Jefferson Lerma
309400,2023-07-01,23/24,631,11,Chelsea,Arsenal,"$75,000,000.00","$55,000,000.00",36.36%,Kai Havertz
344381,2023-07-01,23/24,23826,631,Leipzig,Chelsea,"$60,000,000.00","$80,000,000.00",-25.00%,Christopher Nkunku
346482,2023-07-01,23/24,180,355,Southampton,Bolton,$0.00,"$900,000.00",-100.00%,Dan Nlundulu
377665,2023-07-01,23/24,2410,164,CSKA Moscow,Blackburn,$0.00,"$4,500,000.00",-100.00%,Arnór Sigurdsson
433183,2023-07-01,23/24,9265,281,Man City U21,Man City,,"$7,000,000.00",-100.00%,Tommy Doyle
485585,2023-07-01,23/24,9250,631,Chelsea U21,Chelsea,,"$12,000,000.00",-100.00%,Ian Maatsen
490606,2023-07-01,23/24,9250,631,Chelsea U21,Chelsea,,"$250,000.00",-100.00%,Lucas Bergström
517894,2023-07-01,23/24,13,543,Atlético,Wolves,"$50,000,000.00","$25,000,000.00",100.00%,Matheus Cunha
534033,2023-07-01,23/24,1237,31,Brighton,Liverpool,"$42,000,000.00","$65,000,000.00",-35.38%,Alexis Mac Allister
566799,2023-07-01,23/24,9265,281,Man City U21,Man City,,"$2,500,000.00",-100.00%,James Trafford
583199,2023-07-01,23/24,9265,281,Man City U21,Man City,,"$12,000,000.00",-100.00%,James McAtee
614811,2023-07-01,23/24,9253,762,Newcastle U21,Newcastle,,"$250,000.00",-100.00%,Joe White
617755,2023-07-01,23/24,9715,289,PSV U21,Sunderland,"$2,000,000.00","$600,000.00",233.33%,Jenson Seelt
621193,2023-07-01,23/24,39341,1003,Leicester U21,Leicester,,"$250,000.00",-100.00%,Kasey McAteer
624258,2023-07-01,23/24,9252,31,Liverpool U21,Liverpool,,"$1,500,000.00",-100.00%,Conor Bradley
627248,2023-07-01,23/24,9261,29,Everton U21,Everton,,"$900,000.00",-100.00%,Lewis Dobbin
632349,2023-07-01,23/24,9252,31,Liverpool U21,Liverpool,,"$400,000.00",-100.00%,Jarell Quansah
649020,2023-07-01,23/24,347,543,FC Metz,Wolves,"$11,000,000.00","$5,000,000.00",120.00%,Boubacar Traoré
655006,2023-07-01,23/24,10330,631,Benfica B,Chelsea,$0.00,"$2,000,000.00",-100.00%,Diego Moreira
660145,2023-07-01,23/24,36100,5551,Western Sydney,Newcastle,$0.00,"$200,000.00",-100.00%,Daniel Wilmering
670848,2023-07-01,23/24,9267,379,West Ham U21,West Ham,,"$250,000.00",-100.00%,Divin Mubama
670858,2023-07-01,23/24,9250,631,Chelsea U21,Chelsea,,"$10,000,000.00",-100.00%,Lewis Hall
696346,2023-07-01,23/24,9262,931,Fulham U21,Fulham,,"$1,200,000.00",-100.00%,Jay Stansfield
708271,2023-07-01,23/24,29990,984,West Brom U21,West Brom,,"$150,000.00",-100.00%,Ethan Ingram
714458,2023-07-01,23/24,39341,1003,Leicester U21,Leicester,,"$100,000.00",-100.00%,Ben Nelson
741238,2023-07-01,23/24,9250,631,Chelsea U21,Chelsea,,"$1,000,000.00",-100.00%,Omari Hutchinson
776890,2023-07-01,23/24,1050,631,Villarreal,Chelsea,"$37,000,000.00","$30,000,000.00",23.33%,Nicolas Jackson
796297,2023-07-01,23/24,337,289,Birmingham,Sunderland,"$1,750,000.00","$5,000,000.00",-65.00%,Jobe Bellingham
840687,2023-07-01,23/24,10330,289,Benfica B,Sunderland,"$500,000.00","$600,000.00",-16.67%,Luís Semedo
957224,2023-07-01,23/24,6954,289,Central Coast,Sunderland,"$350,000.00","$250,000.00",40.00%,Nectarios Triantis
1012534,2023-07-01,23/24,173,762,Odense BK,Newcastle,"$8,000,000.00","$2,000,000.00",300.00%,Yankuba Minteh
1109358,2023-07-01,23/24,6954,5551,Central Coast,Newcastle,$0.00,"$25,000.00",-100.00%,Lachlan Bayliss
96341,2023-06-30,22/23,46,631,Inter,Chelsea,$0.00,"$40,000,000.00",-100.00%,Romelu Lukaku
108725,2023-06-30,22/23,703,762,Nott'm Forest,Newcastle,$0.00,"$8,000,000.00",-100.00%,Chris Wood
112988,2023-06-30,22/23,931,11,Fulham,Arsenal,$0.00,"$3,000,000.00",-100.00%,Cédric Soares
128899,2023-06-30,22/23,985,873,Man Utd,Crystal Palace,$0.00,"$1,500,000.00",-100.00%,Jack Butland
128901,2023-06-30,22/23,29,543,Everton,Wolves,$0.00,"$12,000,000.00",-100.00%,Conor Coady
149716,2023-06-30,22/23,11282,931,Alanyaspor,Fulham,$0.00,"$2,200,000.00",-100.00%,Ivan Cavaleiro
174094,2023-06-30,22/23,667,405,R. Strasbourg,Aston Villa,$0.00,"$6,000,000.00",-100.00%,Morgan Sanson
181380,2023-06-30,22/23,114,379,Besiktas,West Ham,$0.00,"$6,000,000.00",-100.00%,Arthur Masuaku
182618,2023-06-30,22/23,5,631,AC Milan,Chelsea,$0.00,"$2,500,000.00",-100.00%,Tiemoué Bakayoko
182712,2023-06-30,22/23,27,281,Bayern Munich,Man City,$0.00,"$50,000,000.00",-100.00%,João Cancelo
182894,2023-06-30,22/23,449,29,Trabzonspor,Everton,$0.00,"$4,800,000.00",-100.00%,Jean-Philippe Gbamin
183321,2023-06-30,22/23,61,931,Servette FC,Fulham,$0.00,"$3,500,000.00",-100.00%,Kevin Mbabu
195488,2023-06-30,22/23,12321,931,Girona,Fulham,$0.00,"$3,000,000.00",-100.00%,Paulo Gazzaniga
205657,2023-06-30,22/23,11282,11,Alanyaspor,Arsenal,$0.00,"$1,500,000.00",-100.00%,Rúnar Alex Rúnarsson
206225,2023-06-30,22/23,1123,762,Norwich,Newcastle,$0.00,"$3,500,000.00",-100.00%,Isaac Hayden
207929,2023-06-30,22/23,114,29,Besiktas,Everton,$0.00,"$8,000,000.00",-100.00%,Dele Alli
210178,2023-06-30,22/23,2919,11,Monza,Arsenal,$0.00,"$5,000,000.00",-100.00%,Pablo Marí
221025,2023-06-30,22/23,1082,29,Lille,Everton,$0.00,"$16,000,000.00",-100.00%,André Gomes
225122,2023-06-30,22/23,294,543,Benfica,Wolves,$0.00,"$23,000,000.00",-100.00%,Gonçalo Guedes
246968,2023-06-30,22/23,150,1003,Real Betis,Leicester,$0.00,"$6,000,000.00",-100.00%,Ayoze Pérez
255755,2023-06-30,22/23,368,985,Sevilla FC,Man Utd,$0.00,"$7,500,000.00",-100.00%,Alex Telles
262489,2023-06-30,22/23,504,543,Grasshoppers,Wolves,$0.00,"$2,800,000.00",-100.00%,Hayao Kawabe
286384,2023-06-30,22/23,244,985,Marseille,Man Utd,$0.00,"$5,000,000.00",-100.00%,Eric Bailly
293200,2023-06-30,22/23,416,379,Torino,West Ham,$0.00,"$17,000,000.00",-100.00%,Nikola Vlašić
329813,2023-06-30,22/23,133,29,SC Cambuur,Everton,$0.00,"$600,000.00",-100.00%,João Virgínia
343052,2023-06-30,22/23,417,11,Nice,Arsenal,$0.00,"$18,000,000.00",-100.00%,Nicolas Pépé
344596,2023-06-30,22/23,162,631,Monaco,Chelsea,$0.00,"$6,000,000.00",-100.00%,Malang Sarr
345437,2023-06-30,22/23,1095,180,Troyes,Southampton,$0.00,"$900,000.00",-100.00%,Mateusz Lis
364135,2023-06-30,22/23,506,29,Juventus,Everton,$0.00,"$18,000,000.00",-100.00%,Moise Kean
378293,2023-06-30,22/23,12321,281,Girona,Man City,$0.00,"$5,000,000.00",-100.00%,Yangel Herrera
380913,2023-06-30,22/23,924,512,Istanbulspor,Stoke City,$0.00,"$325,000.00",-100.00%,Demeaco Duhaney
392768,2023-06-30,22/23,15,631,Leverkusen,Chelsea,$0.00,"$15,000,000.00",-100.00%,Callum Hudson-Odoi
392771,2023-06-30,22/23,3522,631,Spezia Calcio,Chelsea,$0.00,"$9,000,000.00",-100.00%,Ethan Ampadu
409106,2023-06-30,22/23,605,512,Aris Saloniki,Stoke City,$0.00,"$1,500,000.00",-100.00%,Peter Etebo
415646,2023-06-30,22/23,2423,543,Santa Clara,Wolves,$0.00,"$1,300,000.00",-100.00%,Bruno Jordão
439351,2023-06-30,22/23,504,543,Grasshoppers,Wolves,$0.00,"$2,700,000.00",-100.00%,Bendegúz Bolla
439629,2023-06-30,22/23,3938,281,CA Talleres,Man City,$0.00,"$3,000,000.00",-100.00%,Nahuel Bustos
503769,2023-06-30,22/23,122,11,Sturm Graz,Arsenal,$0.00,"$2,000,000.00",-100.00%,Arthur Okonkwo
503770,2023-06-30,22/23,1421,11,Stade Reims,Arsenal,$0.00,"$30,000,000.00",-100.00%,Folarin Balogun
505653,2023-06-30,22/23,383,543,PSV,Wolves,$0.00,"$13,000,000.00",-100.00%,Fábio Silva
535955,2023-06-30,22/23,244,11,Marseille,Arsenal,$0.00,"$18,000,000.00",-100.00%,Nuno Tavares
541231,2023-06-30,22/23,33,31,FC Schalke 04,Liverpool,$0.00,"$5,000,000.00",-100.00%,Sepp van den Berg
550829,2023-06-30,22/23,197,985,Sparta Prague,Man Utd,$0.00,"$1,800,000.00",-100.00%,Matej Kovar
555820,2023-06-30,22/23,189,641,Boca Juniors,Middlesbrough,$0.00,"$4,000,000.00",-100.00%,Martín Payero
591193,2023-06-30,22/23,618,29,Saint-Étienne,Everton,$0.00,"$5,000,000.00",-100.00%,Niels Nkounkou
620322,2023-06-30,22/23,1041,631,Lyon,Chelsea,$0.00,"$25,000,000.00",-100.00%,Malo Gusto
649452,2023-06-30,22/23,244,281,Marseille,Man City,$0.00,"$7,000,000.00",-100.00%,Issa Kaboré
661053,2023-06-30,22/23,383,29,PSV,Everton,$0.00,"$10,000,000.00",-100.00%,Jarrad Branthwaite
678194,2023-06-30,22/23,903,641,Hibernian FC,Middlesbrough,$0.00,"$1,000,000.00",-100.00%,Matthew Hoppe
743600,2023-06-30,22/23,978,631,Vasco da Gama,Chelsea,$0.00,"$15,000,000.00",-100.00%,Andrey Santos
795253,2023-06-30,22/23,8445,5551,Wellington,Newcastle,$0.00,"$250,000.00",-100.00%,Lucas Mauragis
99397,2023-05-31,22/23,3008,762,Hull City,Newcastle,$0.00,"$1,200,000.00",-100.00%,Karl Darlow
148262,2023-05-31,22/23,1032,762,Reading,Newcastle,$0.00,"$2,500,000.00",-100.00%,Jeff Hendrick
163744,2023-05-31,22/23,989,180,Bournemouth,Southampton,$0.00,"$5,000,000.00",-100.00%,Jack Stephens
196722,2023-05-31,22/23,2578,873,St. Johnstone,Crystal Palace,$0.00,"$350,000.00",-100.00%,Remi Matthews
221624,2023-05-31,22/23,641,281,Middlesbrough,Man City,$0.00,"$4,500,000.00",-100.00%,Zack Steffen
224884,2023-05-31,22/23,1032,631,Reading,Chelsea,$0.00,"$1,800,000.00",-100.00%,Abdul Rahman Baba
233124,2023-05-31,22/23,1010,405,Watford,Aston Villa,$0.00,"$2,800,000.00",-100.00%,Kortney Hause
258919,2023-05-31,22/23,703,985,Nott'm Forest,Man Utd,$0.00,"$22,000,000.00",-100.00%,Dean Henderson
285845,2023-05-31,22/23,180,11,Southampton,Arsenal,$0.00,"$8,000,000.00",-100.00%,Ainsley Maitland-Niles
324882,2023-05-31,22/23,1031,405,Luton,Aston Villa,$0.00,"$4,000,000.00",-100.00%,Marvelous Nakamba
336367,2023-05-31,22/23,1032,641,Reading,Middlesbrough,$0.00,"$1,000,000.00",-100.00%,Joe Lumley
340322,2023-05-31,22/23,1132,180,Burnley,Southampton,$0.00,"$12,000,000.00",-100.00%,Nathan Tella
341501,2023-05-31,22/23,1010,1003,Watford,Leicester,$0.00,"$5,000,000.00",-100.00%,Hamza Choudhury
342046,2023-05-31,22/23,512,985,Stoke City,Man Utd,$0.00,"$6,000,000.00",-100.00%,Axel Tuanzebe
346482,2023-05-31,22/23,355,180,Bolton,Southampton,$0.00,"$900,000.00",-100.00%,Dan Nlundulu
381967,2023-05-31,22/23,873,11,Crystal Palace,Arsenal,$0.00,"$15,000,000.00",-100.00%,Albert Sambi Lokonga
389253,2023-05-31,22/23,337,11,Birmingham,Arsenal,$0.00,"$9,000,000.00",-100.00%,Auston Trusty
412660,2023-05-31,22/23,1010,405,Watford,Aston Villa,$0.00,"$3,000,000.00",-100.00%,Keinan Davis
419025,2023-05-31,22/23,1194,379,Rotherham,West Ham,$0.00,"$1,500,000.00",-100.00%,Conor Coventry
420808,2023-05-31,22/23,677,1003,Ipswich,Leicester,$0.00,"$800,000.00",-100.00%,George Hirst
437573,2023-05-31,22/23,2454,164,Doncaster,Blackburn,$0.00,"$125,000.00",-100.00%,James Brown
444211,2023-05-31,22/23,512,180,Stoke City,Southampton,$0.00,"$2,200,000.00",-100.00%,Will Smallbone
484389,2023-05-31,22/23,1072,762,Peterborough,Newcastle,$0.00,"$200,000.00",-100.00%,Kell Watts
485583,2023-05-31,22/23,512,543,Stoke City,Wolves,$0.00,"$4,000,000.00",-100.00%,Ki-Jana Hoever
486604,2023-05-31,22/23,1098,31,Stockport,Liverpool,$0.00,"$150,000.00",-100.00%,Vitezslav Jaros
503977,2023-05-31,22/23,1132,281,Burnley,Man City,$0.00,"$15,000,000.00",-100.00%,Taylor Harwood-Bellis
504581,2023-05-31,22/23,641,543,Middlesbrough,Wolves,$0.00,"$7,000,000.00",-100.00%,Ryan Giles
505652,2023-05-31,22/23,349,281,Barnsley,Man City,$0.00,"$600,000.00",-100.00%,Slobodan Tedic
512354,2023-05-31,22/23,3008,873,Hull City,Crystal Palace,$0.00,"$3,000,000.00",-100.00%,Malcolm Ebiowei
532541,2023-05-31,22/23,2288,543,Swansea,Wolves,$0.00,"$1,000,000.00",-100.00%,Luke Cundle
533662,2023-05-31,22/23,641,405,Middlesbrough,Aston Villa,$0.00,"$10,000,000.00",-100.00%,Cameron Archer
536835,2023-05-31,22/23,289,985,Sunderland,Man Utd,$0.00,"$13,000,000.00",-100.00%,Amad Diallo
576121,2023-05-31,22/23,990,281,Coventry,Man City,$0.00,"$1,000,000.00",-100.00%,Josh Wilson-Esbrand
586834,2023-05-31,22/23,358,873,Charlton,Crystal Palace,$0.00,"$1,000,000.00",-100.00%,Jesurun Rak-Sakyi
586986,2023-05-31,22/23,1198,873,Lincoln City,Crystal Palace,$0.00,"$1,200,000.00",-100.00%,Luke Plange
607224,2023-05-31,22/23,337,985,Birmingham,Man Utd,$0.00,"$8,000,000.00",-100.00%,Hannibal
614258,2023-05-31,22/23,1237,631,Brighton,Chelsea,$0.00,"$16,000,000.00",-100.00%,Levi Colwill
614603,2023-05-31,22/23,2805,543,Wycombe,Wolves,$0.00,"$1,000,000.00",-100.00%,Chem Campbell
622380,2023-05-31,22/23,1032,631,Reading,Chelsea,$0.00,"$6,000,000.00",-100.00%,Cesare Casadei
665390,2023-05-31,22/23,603,405,Cardiff,Aston Villa,$0.00,"$2,500,000.00",-100.00%,Jaden Philogene
668268,2023-05-31,22/23,1123,11,Norwich,Arsenal,$0.00,"$12,000,000.00",-100.00%,Marquinhos
669366,2023-05-31,22/23,466,29,Preston,Everton,$0.00,"$3,500,000.00",-100.00%,Tom Cannon
696589,2023-05-31,22/23,1039,405,QPR,Aston Villa,$0.00,"$4,000,000.00",-100.00%,Tim Iroegbunam
699018,2023-05-31,22/23,2963,984,Burton Albion,West Brom,$0.00,"$250,000.00",-100.00%,Zac Ashworth
735571,2023-05-31,22/23,641,931,Middlesbrough,Fulham,$0.00,"$5,000,000.00",-100.00%,Rodrigo Muniz
811778,2023-05-31,22/23,466,985,Preston,Man Utd,$0.00,"$6,000,000.00",-100.00%,Álvaro Carreras
638571,2023-03-17,22/23,504,543,Grasshoppers,Wolves,$0.00,"$850,000.00",-100.00%,Sang-bin Jeong
652486,2023-02-08,22/23,6954,5551,Central Coast,Newcastle,$0.00,"$350,000.00",-100.00%,Thomas Aquilina
716810,2023-02-08,22/23,1241,5551,Livingston FC,Newcastle,$0.00,"$300,000.00",-100.00%,Phillip Cancar
102017,2023-01-31,22/23,631,11,Chelsea,Arsenal,"$11,300,000.00","$35,000,000.00",-67.71%,Jorginho
106987,2023-01-31,22/23,27,985,Bayern Munich,Man Utd,$0.00,"$20,000,000.00",-100.00%,Marcel Sabitzer
112988,2023-01-31,22/23,11,931,Arsenal,Fulham,$0.00,"$4,000,000.00",-100.00%,Cédric Soares
131996,2023-01-31,22/23,6890,405,Basaksehir,Aston Villa,$0.00,"$14,000,000.00",-100.00%,Bertrand Traoré
245056,2023-01-31,22/23,416,931,Torino,Fulham,"$9,800,000.00","$13,000,000.00",-24.62%,Saša Lukić
272855,2023-01-31,22/23,1184,180,Genk,Southampton,"$18,000,000.00","$15,000,000.00",20.00%,Paul Onuachu
298091,2023-01-31,22/23,512,1003,Stoke City,Leicester,"$17,000,000.00","$6,000,000.00",183.33%,Harry Souttar
342046,2023-01-31,22/23,985,512,Man Utd,Stoke City,$0.00,"$6,000,000.00",-100.00%,Axel Tuanzebe
381967,2023-01-31,22/23,11,873,Arsenal,Crystal Palace,$0.00,"$15,000,000.00",-100.00%,Albert Sambi Lokonga
538971,2023-01-31,22/23,79,873,Stuttgart,Crystal Palace,"$12,000,000.00","$5,500,000.00",118.18%,Naouirou Ahamada
646658,2023-01-31,22/23,12124,641,Aston Villa U21,Middlesbrough,$0.00,"$3,000,000.00",-100.00%,Aaron Ramsey
648195,2023-01-31,22/23,294,631,Benfica,Chelsea,"$121,000,000.00","$55,000,000.00",120.00%,Enzo Fernández
746695,2023-01-31,22/23,273,180,Stade Rennais,Southampton,"$25,000,000.00","$18,000,000.00",38.89%,Kamaldeen Sulemana
735570,2023-01-30,22/23,614,543,Flamengo,Wolves,"$18,700,000.00","$15,000,000.00",24.67%,João Gomes
256773,2023-01-29,22/23,1194,641,Rotherham,Middlesbrough,"$1,030,000.00","$2,000,000.00",-48.50%,Dan Barlaser
371256,2023-01-29,22/23,1041,1003,Lyon,Leicester,$0.00,"$25,000,000.00",-100.00%,Tetê
503733,2023-01-29,22/23,29,762,Everton,Newcastle,"$45,600,000.00","$40,000,000.00",14.00%,Anthony Gordon
586986,2023-01-29,22/23,54189,873,RWDM,Crystal Palace,$0.00,"$600,000.00",-100.00%,Luke Plange
620322,2023-01-29,22/23,1041,631,Lyon,Chelsea,"$30,000,000.00","$15,000,000.00",100.00%,Malo Gusto
485583,2023-01-27,22/23,543,512,Wolves,Stoke City,$0.00,"$4,000,000.00",-100.00%,Ki-Jana Hoever
229695,2023-01-26,22/23,2969,512,Dijon,Stoke City,$0.00,"$3,000,000.00",-100.00%,Bersant Celina
324223,2023-01-26,22/23,1031,180,Luton,Southampton,"$850,000.00","$3,000,000.00",-71.67%,James Bree
136401,2023-01-25,22/23,698,543,Bristol City,Wolves,"$57,000.00","$1,800,000.00",-96.83%,Daniel Bentley
475416,2023-01-25,22/23,1110,164,Huddersfield,Blackburn,$0.00,"$5,000,000.00",-100.00%,Sorba Thomas
485583,2023-01-25,22/23,383,543,PSV,Wolves,$0.00,"$4,000,000.00",-100.00%,Ki-Jana Hoever
505653,2023-01-24,22/23,58,543,RSC Anderlecht,Wolves,$0.00,"$13,000,000.00",-100.00%,Fábio Silva
576099,2023-01-24,22/23,9267,379,West Ham U21,West Ham,,"$100,000.00",-100.00%,Joseph Anang
243028,2023-01-23,22/23,405,180,Aston Villa,Southampton,$0.00,"$18,000,000.00",-100.00%,Jan Bednarek
425918,2023-01-23,22/23,3522,11,Spezia Calcio,Arsenal,"$19,500,000.00","$8,000,000.00",143.75%,Jakub Kiwior
503679,2023-01-23,22/23,1181,31,Blackpool,Liverpool,$0.00,"$3,000,000.00",-100.00%,Rhys Williams
649317,2023-01-23,22/23,432,405,Chicago,Aston Villa,"$29,500,000.00","$6,000,000.00",391.67%,Jhon Durán
668547,2023-01-23,22/23,1029,281,Vélez Sarsfield,Man City,"$11,000,000.00","$8,500,000.00",29.41%,Máximo Perrone
121477,2023-01-22,22/23,379,543,West Ham,Wolves,"$3,750,000.00","$2,500,000.00",50.00%,Craig Dawson
134294,2023-01-20,22/23,405,379,Aston Villa,West Ham,"$12,000,000.00","$16,000,000.00",-25.00%,Danny Ings
144028,2023-01-20,22/23,1237,11,Brighton,Arsenal,"$24,000,000.00","$30,000,000.00",-20.00%,Leandro Trossard
503987,2023-01-20,22/23,383,631,PSV,Chelsea,"$35,000,000.00","$15,000,000.00",133.33%,Noni Madueke
564529,2023-01-20,22/23,190,1003,Copenhagen,Leicester,"$14,000,000.00","$4,000,000.00",250.00%,Victor Kristiansen
640026,2023-01-19,22/23,9251,355,Man Utd U21,Bolton,$0.00,"$4,000,000.00",-100.00%,Shola Shoretire
74230,2023-01-17,22/23,583,543,PSG,Wolves,"$5,000,000.00","$20,000,000.00",-75.00%,Pablo Sarabia
503769,2023-01-15,22/23,1042,11,Crewe Alexandra,Arsenal,$0.00,"$1,500,000.00",-100.00%,Arthur Okonkwo
537860,2023-01-15,22/23,660,631,Shakhtar D.,Chelsea,"$70,000,000.00","$40,000,000.00",75.00%,Mykhaylo Mudryk
170934,2023-01-13,22/23,417,543,Nice,Wolves,"$11,000,000.00","$7,000,000.00",57.14%,Mario Lemina
228645,2023-01-13,22/23,1132,985,Burnley,Man Utd,$0.00,"$14,000,000.00",-100.00%,Wout Weghorst
591193,2023-01-13,22/23,603,29,Cardiff,Everton,$0.00,"$2,500,000.00",-100.00%,Niels Nkounkou
193098,2023-01-11,22/23,150,405,Real Betis,Aston Villa,"$13,500,000.00","$20,000,000.00",-32.50%,Álex Moreno
462250,2023-01-11,22/23,13,631,Atlético,Chelsea,$0.00,"$50,000,000.00",-100.00%,João Félix
748319,2023-01-11,22/23,1444,180,Racing Club,Southampton,"$13,650,000.00","$8,500,000.00",60.59%,Carlos Alcaraz
528888,2023-01-10,22/23,24575,931,HNK Gorica,Fulham,$0.00,"$500,000.00",-100.00%,Tyrese Francois
346482,2023-01-09,22/23,180,355,Southampton,Bolton,$0.00,"$1,200,000.00",-100.00%,Dan Nlundulu
437573,2023-01-09,22/23,1098,164,Stockport,Blackburn,$0.00,"$100,000.00",-100.00%,James Brown
344009,2023-01-08,22/23,1071,29,Wigan,Everton,$0.00,"$500,000.00",-100.00%,Nathan Broadhead
346482,2023-01-08,22/23,3371,180,Cheltenham,Southampton,$0.00,"$1,200,000.00",-100.00%,Dan Nlundulu
420808,2023-01-07,22/23,164,1003,Blackburn,Leicester,$0.00,"$800,000.00",-100.00%,George Hirst
119150,2023-01-06,22/23,419,180,Dinamo Zagreb,Southampton,"$5,750,000.00","$10,000,000.00",-42.50%,Mislav Orsic
128899,2023-01-06,22/23,873,985,Crystal Palace,Man Utd,$0.00,"$1,500,000.00",-100.00%,Jack Butland
533662,2023-01-06,22/23,405,641,Aston Villa,Middlesbrough,$0.00,"$8,000,000.00",-100.00%,Cameron Archer
463603,2023-01-05,22/23,162,631,Monaco,Chelsea,"$38,000,000.00","$40,000,000.00",-5.00%,Benoît Badiashile
444641,2023-01-02,22/23,12335,543,Solihull Moors,Wolves,$0.00,"$200,000.00",-100.00%,Louie Moulden
484838,2023-01-02,22/23,2963,405,Burton Albion,Aston Villa,$0.00,"$200,000.00",-100.00%,Viljami Sinisalo
74960,2023-01-01,22/23,985,762,Man Utd,Newcastle,$0.00,"$4,000,000.00",-100.00%,Martin Dúbravka
434675,2023-01-01,22/23,383,31,PSV,Liverpool,"$42,000,000.00","$60,000,000.00",-30.00%,Cody Gakpo
484387,2023-01-01,22/23,1060,762,Colchester Utd.,Newcastle,$0.00,"$1,800,000.00",-100.00%,Matty Longstaff
517894,2023-01-01,22/23,13,543,Atlético,Wolves,$0.00,"$20,000,000.00",-100.00%,Matheus Cunha
576121,2023-01-01,22/23,9265,281,Man City U21,Man City,,"$1,000,000.00",-100.00%,Josh Wilson-Esbrand
686845,2023-01-01,22/23,9251,985,Man Utd U21,Man Utd,,"$800,000.00",-100.00%,Zidane Iqbal
743600,2023-01-01,22/23,978,631,Vasco da Gama,Chelsea,"$12,500,000.00","$10,000,000.00",25.00%,Andrey Santos
787232,2023-01-01,22/23,687,631,Molde FK,Chelsea,"$12,000,000.00","$7,000,000.00",71.43%,David Datro Fofana
820374,2023-01-01,22/23,9251,985,Man Utd U21,Man Utd,,"$300,000.00",-100.00%,Kobbie Mainoo
439629,2022-12-31,22/23,585,281,São Paulo,Man City,$0.00,"$3,000,000.00",-100.00%,Nahuel Bustos
606872,2022-12-31,22/23,69261,543,Miami,Wolves,$0.00,"$3,000,000.00",-100.00%,Leonardo Campana
656316,2022-12-31,22/23,432,631,Chicago,Chelsea,$0.00,"$8,000,000.00",-100.00%,Gabriel Slonina
85864,2022-09-12,22/23,515,762,Without Club,Newcastle,,"$1,500,000.00",-100.00%,Loris Karius
181687,2022-09-08,22/23,515,641,Without Club,Middlesbrough,,"$1,600,000.00",-100.00%,Massimo Luongo
52769,2022-09-01,22/23,199,931,Corinthians,Fulham,$0.00,"$4,000,000.00",-100.00%,Willian
58864,2022-09-01,22/23,131,631,Barcelona,Chelsea,"$12,000,000.00","$15,000,000.00",-20.00%,Pierre-Emerick Aubameyang
74960,2022-09-01,22/23,762,985,Newcastle,Man Utd,$0.00,"$4,000,000.00",-100.00%,Martin Dúbravka
126665,2022-09-01,22/23,583,29,PSG,Everton,"$4,000,000.00","$12,000,000.00",-66.67%,Idrissa Gueye
126710,2022-09-01,22/23,583,931,PSG,Fulham,$0.00,"$5,000,000.00",-100.00%,Layvin Kurzawa
168157,2022-09-01,22/23,543,405,Wolves,Aston Villa,"$15,000,000.00","$28,000,000.00",-46.43%,Leander Dendoncker
238266,2022-09-01,22/23,244,180,Marseille,Southampton,"$8,000,000.00","$16,000,000.00",-50.00%,Duje Caleta-Car
243028,2022-09-01,22/23,180,405,Southampton,Aston Villa,$0.00,"$22,000,000.00",-100.00%,Jan Bednarek
284730,2022-09-01,22/23,16,281,Dortmund,Man City,"$20,000,000.00","$30,000,000.00",-33.33%,Manuel Akanji
285845,2022-09-01,22/23,11,180,Arsenal,Southampton,$0.00,"$10,000,000.00",-100.00%,Ainsley Maitland-Niles
292808,2022-09-01,22/23,1421,1003,Stade Reims,Leicester,"$17,000,000.00","$10,000,000.00",70.00%,Wout Faes
319301,2022-09-01,22/23,399,931,Leeds,Fulham,$0.00,"$18,000,000.00",-100.00%,Daniel James
334526,2022-09-01,22/23,506,631,Juventus,Chelsea,$0.00,"$27,000,000.00",-100.00%,Denis Zakaria
346315,2022-09-01,22/23,9250,512,Chelsea U21,Stoke City,$0.00,"$1,000,000.00",-100.00%,Dujon Sterling
362842,2022-09-01,22/23,506,31,Juventus,Liverpool,$0.00,"$18,000,000.00",-100.00%,Arthur Melo
505219,2022-09-01,22/23,985,29,Man Utd,Everton,"$10,400,000.00","$7,000,000.00",48.57%,James Garner
525287,2022-09-01,22/23,294,931,Benfica,Fulham,"$5,000,000.00","$8,000,000.00",-37.50%,Carlos Vinícius
649020,2022-09-01,22/23,347,543,FC Metz,Wolves,$0.00,"$1,800,000.00",-100.00%,Boubacar Traoré
680806,2022-09-01,22/23,9265,180,Man City U21,Southampton,"$8,000,000.00","$800,000.00",900.00%,Samuel Edozie
369567,2022-08-31,22/23,79,543,Stuttgart,Wolves,"$18,000,000.00","$25,000,000.00",-28.00%,Sasa Kalajdzic
420808,2022-08-31,22/23,1003,164,Leicester,Blackburn,$0.00,"$800,000.00",-100.00%,George Hirst
475411,2022-08-31,22/23,1003,631,Leicester,Chelsea,"$80,400,000.00","$40,000,000.00",101.00%,Wesley Fofana
536835,2022-08-31,22/23,985,289,Man Utd,Sunderland,$0.00,"$15,000,000.00",-100.00%,Amad Diallo
551001,2022-08-31,22/23,9252,355,Liverpool U21,Bolton,$0.00,"$400,000.00",-100.00%,Owen Beck
654412,2022-08-31,22/23,738,289,Le Havre AC,Sunderland,"$1,000,000.00","$700,000.00",42.86%,Abdoullah Ba
659521,2022-08-31,22/23,583,289,PSG,Sunderland,$0.00,"$3,000,000.00",-100.00%,Edouard Michut
602105,2022-08-30,22/23,610,985,Ajax,Man Utd,"$95,000,000.00","$35,000,000.00",171.43%,Antony
444523,2022-08-29,22/23,1041,379,Lyon,West Ham,"$42,950,000.00","$35,000,000.00",22.71%,Lucas Paquetá
217115,2022-08-26,22/23,1237,29,Brighton,Everton,"$11,800,000.00","$18,000,000.00",-34.44%,Neal Maupay
349066,2022-08-26,22/23,681,762,Real Sociedad,Newcastle,"$77,500,000.00","$30,000,000.00",158.33%,Alexander Isak
743627,2022-08-25,22/23,2677,289,Herediano,Sunderland,"$1,300,000.00","$275,000.00",372.73%,Jewison Bennette
181778,2022-08-23,22/23,631,379,Chelsea,West Ham,"$15,400,000.00","$14,000,000.00",10.00%,Emerson
16306,2022-08-22,22/23,418,985,Real Madrid,Man Utd,"$70,650,000.00","$40,000,000.00",76.63%,Casemiro
735571,2022-08-21,22/23,931,641,Fulham,Middlesbrough,$0.00,"$5,000,000.00",-100.00%,Rodrigo Muniz
622380,2022-08-19,22/23,46,631,Inter,Chelsea,"$14,860,000.00","$1,000,000.00",1386.00%,Cesare Casadei
601883,2022-08-18,22/23,336,543,Sporting,Wolves,"$47,400,000.00","$35,000,000.00",35.43%,Matheus Nunes
610849,2022-08-18,22/23,9265,512,Man City U21,Stoke City,$0.00,"$1,500,000.00",-100.00%,Liam Delap
228948,2022-08-17,22/23,583,379,PSG,West Ham,"$12,000,000.00","$22,000,000.00",-45.45%,Thilo Kehrer
366930,2022-08-16,22/23,58,281,RSC Anderlecht,Man City,"$15,000,000.00","$10,000,000.00",50.00%,Sergio Gómez
272622,2022-08-10,22/23,379,931,West Ham,Fulham,"$17,800,000.00","$10,000,000.00",78.00%,Issa Diop
678194,2022-08-10,22/23,237,641,RCD Mallorca,Middlesbrough,"$3,000,000.00","$1,000,000.00",200.00%,Matthew Hoppe
485706,2022-08-09,22/23,1082,29,Lille,Everton,"$39,870,000.00","$10,000,000.00",298.70%,Amadou Onana
128901,2022-08-08,22/23,543,29,Wolves,Everton,$0.00,"$25,000,000.00",-100.00%,Conor Coady
225122,2022-08-08,22/23,1049,543,Valencia,Wolves,"$32,600,000.00","$40,000,000.00",-18.50%,Gonçalo Guedes
234781,2022-08-05,22/23,1132,379,Burnley,West Ham,"$20,700,000.00","$15,000,000.00",38.00%,Maxwel Cornet
284857,2022-08-05,22/23,1237,631,Brighton,Chelsea,"$65,300,000.00","$28,000,000.00",133.21%,Marc Cucurella
539287,2022-08-04,22/23,970,5551,Perth Glory,Newcastle,$0.00,"$250,000.00",-100.00%,Callum Timmins
659459,2022-08-04,22/23,405,631,Aston Villa,Chelsea,"$18,000,000.00","$6,000,000.00",200.00%,Carney Chukwuemeka
72476,2022-08-02,22/23,11,931,Arsenal,Fulham,"$3,600,000.00","$9,000,000.00",-60.00%,Bernd Leno
656316,2022-08-02,22/23,432,631,Chicago,Chelsea,"$9,090,000.00","$3,000,000.00",203.00%,Gabriel Slonina
292139,2022-08-01,22/23,1072,164,Peterborough,Blackburn,"$3,000,000.00","$500,000.00",500.00%,Sammie Szmodics
618494,2022-08-01,22/23,9252,164,Liverpool U21,Blackburn,$0.00,"$3,000,000.00",-100.00%,Tyler Morton
584769,2022-07-28,22/23,1132,29,Burnley,Everton,"$17,000,000.00","$18,000,000.00",-5.56%,Dwight McNeil
183321,2022-07-27,22/23,82,931,Wolfsburg,Fulham,"$5,500,000.00","$9,000,000.00",-38.89%,Kevin Mbabu
357158,2022-07-27,22/23,336,29,Sporting,Everton,$0.00,"$5,000,000.00",-100.00%,Rúben Vinagre
480762,2022-07-27,22/23,610,985,Ajax,Man Utd,"$57,370,000.00","$32,000,000.00",79.28%,Lisandro Martínez
578539,2022-07-27,22/23,27,873,Bayern Munich,Crystal Palace,"$12,000,000.00","$7,500,000.00",60.00%,Chris Richards
315867,2022-07-26,22/23,6574,379,Sassuolo,West Ham,"$38,600,000.00","$30,000,000.00",28.67%,Gianluca Scamacca
396638,2022-07-25,22/23,660,931,Shakhtar D.,Fulham,$0.00,"$18,000,000.00",-100.00%,Manor Solomon
557612,2022-07-25,22/23,40,180,G. Bordeaux,Southampton,"$11,500,000.00","$3,000,000.00",283.33%,Sékou Mara
444211,2022-07-23,22/23,180,512,Southampton,Stoke City,$0.00,"$2,000,000.00",-100.00%,Will Smallbone
196522,2022-07-22,22/23,762,512,Newcastle,Stoke City,$0.00,"$1,500,000.00",-100.00%,Dwight Gayle
203853,2022-07-22,22/23,281,11,Man City,Arsenal,"$35,000,000.00","$25,000,000.00",40.00%,Oleksandr Zinchenko
412607,2022-07-20,22/23,920,355,Derry City,Bolton,"$100,000.00","$125,000.00",-20.00%,Eoin Toal
221624,2022-07-19,22/23,281,641,Man City,Middlesbrough,$0.00,"$6,000,000.00",-100.00%,Zack Steffen
137616,2022-07-18,22/23,940,984,Celta de Vigo,West Brom,$0.00,"$3,000,000.00",-100.00%,Okay Yokuşlu
93128,2022-07-16,22/23,6195,631,Napoli,Chelsea,"$41,900,000.00","$35,000,000.00",19.71%,Kalidou Koulibaly
69633,2022-07-15,22/23,1148,985,Brentford,Man Utd,$0.00,"$20,000,000.00",-100.00%,Christian Eriksen
471494,2022-07-15,22/23,22555,5551,Dand. Thunder,Newcastle,$0.00,"$200,000.00",-100.00%,Noah James
389253,2022-07-14,22/23,1247,11,Colorado,Arsenal,$0.00,"$2,000,000.00",-100.00%,Auston Trusty
134425,2022-07-13,22/23,281,631,Man City,Chelsea,"$56,200,000.00","$70,000,000.00",-19.71%,Raheem Sterling
469050,2022-07-12,22/23,1132,543,Burnley,Wolves,"$24,300,000.00","$10,000,000.00",143.00%,Nathan Collins
170646,2022-07-11,22/23,368,405,Sevilla FC,Aston Villa,$0.00,"$5,000,000.00",-100.00%,Ludwig Augustinsson
203394,2022-07-11,22/23,985,931,Man Utd,Fulham,"$9,500,000.00","$7,500,000.00",26.67%,Andreas Pereira
543387,2022-07-11,22/23,826,873,Lens,Crystal Palace,"$22,600,000.00","$15,000,000.00",50.67%,Cheick Doucouré
468198,2022-07-09,22/23,124,180,Rangers,Southampton,"$8,200,000.00","$10,000,000.00",-18.00%,Joe Aribo
559794,2022-07-09,22/23,148,289,Tottenham,Sunderland,,"$3,500,000.00",-100.00%,Jack Clarke
506189,2022-07-07,22/23,2288,379,Swansea,West Ham,"$10,650,000.00","$2,000,000.00",432.50%,Flynn Downes
576024,2022-07-07,22/23,209,281,River Plate,Man City,$0.00,"$23,000,000.00",-100.00%,Julián Alvarez
628451,2022-07-06,22/23,9265,180,Man City U21,Southampton,"$22,260,000.00","$2,000,000.00",1013.00%,Roméo Lavia
339340,2022-07-05,22/23,234,985,Feyenoord,Man Utd,"$15,000,000.00","$17,000,000.00",-11.76%,Tyrell Malacia
257455,2022-07-04,22/23,336,931,Sporting,Fulham,"$24,900,000.00","$25,000,000.00",-0.40%,João Palhinha
345343,2022-07-04,22/23,8445,5551,Wellington,Newcastle,$0.00,"$300,000.00",-100.00%,James McGarry
351749,2022-07-04,22/23,399,281,Leeds,Man City,"$49,000,000.00","$50,000,000.00",-2.00%,Kalvin Phillips
363205,2022-07-04,22/23,281,11,Man City,Arsenal,"$52,200,000.00","$50,000,000.00",4.40%,Gabriel Jesus
813296,2022-07-04,22/23,36100,5551,Western Sydney,Newcastle,$0.00,"$350,000.00",-100.00%,Mark Natta
173504,2022-07-02,22/23,1132,29,Burnley,Everton,$0.00,"$22,000,000.00",-100.00%,James Tarkowski
469064,2022-07-02,22/23,989,512,Bournemouth,Stoke City,$0.00,"$1,500,000.00",-100.00%,Gavin Kilkenny
75458,2022-07-01,22/23,12,405,Roma,Aston Villa,"$3,500,000.00","$2,000,000.00",75.00%,Robin Olsen
80444,2022-07-01,22/23,131,405,Barcelona,Aston Villa,"$20,000,000.00","$20,000,000.00",0.00%,Philippe Coutinho
85941,2022-07-01,22/23,10,281,Arm. Bielefeld,Man City,$0.00,"$6,000,000.00",-100.00%,Stefan Ortega
110864,2022-07-01,22/23,984,873,West Brom,Crystal Palace,$0.00,"$12,000,000.00",-100.00%,Sam Johnstone
120629,2022-07-01,22/23,583,379,PSG,West Ham,"$9,300,000.00","$8,000,000.00",16.25%,Alphonse Areola
192080,2022-07-01,22/23,1132,762,Burnley,Newcastle,"$11,500,000.00","$15,000,000.00",-23.33%,Nick Pope
218371,2022-07-01,22/23,970,5551,Perth Glory,Newcastle,$0.00,"$500,000.00",-100.00%,Brandon O'Neill
250478,2022-07-01,22/23,405,762,Aston Villa,Newcastle,"$17,500,000.00","$17,000,000.00",2.94%,Matt Targett
265093,2022-07-01,22/23,8445,5551,Wellington,Newcastle,$0.00,"$550,000.00",-100.00%,Reno Piscopo
292246,2022-07-01,22/23,23826,543,Leipzig,Wolves,"$16,700,000.00","$16,000,000.00",4.38%,Hee-chan Hwang
314241,2022-07-01,22/23,1032,512,Reading,Stoke City,$0.00,"$2,200,000.00",-100.00%,Josh Laurent
329145,2022-07-01,22/23,368,405,Sevilla FC,Aston Villa,"$31,000,000.00","$40,000,000.00",-22.50%,Diego Carlos
344009,2022-07-01,22/23,9261,29,Everton U21,Everton,,"$500,000.00",-100.00%,Nathan Broadhead
345437,2022-07-01,22/23,2375,180,Altay SK,Southampton,$0.00,"$900,000.00",-100.00%,Mateusz Lis
357656,2022-07-01,22/23,39336,984,Brighton U21,West Brom,"$1,000,000.00","$1,000,000.00",0.00%,Jayson Molumby
361093,2022-07-01,22/23,1082,762,Lille,Newcastle,"$37,000,000.00","$30,000,000.00",23.33%,Sven Botman
361914,2022-07-01,22/23,273,379,Stade Rennais,West Ham,"$35,000,000.00","$12,000,000.00",191.67%,Nayef Aguerd
394327,2022-07-01,22/23,244,405,Marseille,Aston Villa,$0.00,"$25,000,000.00",-100.00%,Boubacar Kamara
415273,2022-07-01,22/23,8054,5551,Sydney FC,Newcastle,$0.00,"$400,000.00",-100.00%,Trent Buhagiar
418560,2022-07-01,22/23,16,281,Dortmund,Man City,"$60,000,000.00","$150,000,000.00",-60.00%,Erling Haaland
425306,2022-07-01,22/23,626,11,New England,Arsenal,"$5,900,000.00","$5,000,000.00",18.00%,Matt Turner
431422,2022-07-01,22/23,9267,379,West Ham U21,West Ham,,"$500,000.00",-100.00%,Nathan Trott
467563,2022-07-01,22/23,80,180,VfL Bochum,Southampton,"$12,000,000.00","$10,000,000.00",20.00%,Armel Bella-Kotchap
484838,2022-07-01,22/23,12124,405,Aston Villa U21,Aston Villa,,"$200,000.00",-100.00%,Viljami Sinisalo
486604,2022-07-01,22/23,9252,31,Liverpool U21,Liverpool,,"$100,000.00",-100.00%,Vitezslav Jaros
488362,2022-07-01,22/23,9250,631,Chelsea U21,Chelsea,,"$25,000,000.00",-100.00%,Conor Gallagher
493513,2022-07-01,22/23,9249,11,Arsenal U21,Arsenal,,"$800,000.00",-100.00%,Karl Hein
503686,2022-07-01,22/23,9249,289,Arsenal U21,Sunderland,"$2,300,000.00","$2,000,000.00",15.00%,Dan Ballard
503770,2022-07-01,22/23,9249,11,Arsenal U21,Arsenal,,"$4,000,000.00",-100.00%,Folarin Balogun
504581,2022-07-01,22/23,543,641,Wolves,Middlesbrough,$0.00,"$3,000,000.00",-100.00%,Ryan Giles
512354,2022-07-01,22/23,22,873,Derby,Crystal Palace,$0.00,"$1,000,000.00",-100.00%,Malcolm Ebiowei
524537,2022-07-01,22/23,986,355,Cambridge Utd.,Bolton,$0.00,"$250,000.00",-100.00%,Jack Iredale
528892,2022-07-01,22/23,9249,512,Arsenal U21,Stoke City,$0.00,"$350,000.00",-100.00%,Harry Clarke
537598,2022-07-01,22/23,720,11,Porto,Arsenal,"$35,000,000.00","$25,000,000.00",40.00%,Fábio Vieira
546543,2022-07-01,22/23,294,31,Benfica,Liverpool,"$85,000,000.00","$55,000,000.00",54.55%,Darwin Núñez
550829,2022-07-01,22/23,9251,985,Man Utd U21,Man Utd,,"$400,000.00",-100.00%,Matej Kovar
559263,2022-07-01,22/23,931,31,Fulham,Liverpool,"$9,400,000.00","$12,000,000.00",-21.67%,Fábio Carvalho
567576,2022-07-01,22/23,9253,762,Newcastle U21,Newcastle,,"$200,000.00",-100.00%,Elliot Anderson
571743,2022-07-01,22/23,9250,631,Chelsea U21,Chelsea,,"$22,000,000.00",-100.00%,Armando Broja
585550,2022-07-01,22/23,9265,180,Man City U21,Southampton,"$14,000,000.00","$5,000,000.00",180.00%,Gavin Bazunu
586834,2022-07-01,22/23,6945,873,Palace U21,Crystal Palace,,"$500,000.00",-100.00%,Jesurun Rak-Sakyi
607224,2022-07-01,22/23,9251,985,Man Utd U21,Man Utd,,"$6,000,000.00",-100.00%,Hannibal
614258,2022-07-01,22/23,9250,631,Chelsea U21,Chelsea,,"$5,000,000.00",-100.00%,Levi Colwill
624258,2022-07-01,22/23,9252,355,Liverpool U21,Bolton,$0.00,"$1,000,000.00",-100.00%,Conor Bradley
668268,2022-07-01,22/23,585,11,São Paulo,Arsenal,"$3,500,000.00","$7,000,000.00",-50.00%,Marquinhos
811778,2022-07-01,22/23,9251,985,Man Utd U21,Man Utd,,"$2,000,000.00",-100.00%,Álvaro Carreras
811779,2022-07-01,22/23,9251,985,Man Utd U21,Man Utd,,"$2,000,000.00",-100.00%,Alejandro Garnacho
115989,2022-06-30,21/22,4795,641,FC Ingolstadt,Middlesbrough,$0.00,"$500,000.00",-100.00%,Dejan Stojanovic
129588,2022-06-30,21/22,416,1003,Torino,Leicester,$0.00,"$13,000,000.00",-100.00%,Dennis Praet
179184,2022-06-30,21/22,114,631,Besiktas,Chelsea,$0.00,"$10,000,000.00",-100.00%,Michy Batshuayi
181778,2022-06-30,21/22,1041,631,Lyon,Chelsea,$0.00,"$14,000,000.00",-100.00%,Emerson
182877,2022-06-30,21/22,368,985,Sevilla FC,Man Utd,$0.00,"$16,000,000.00",-100.00%,Anthony Martial
182894,2022-06-30,21/22,2410,29,CSKA Moscow,Everton,$0.00,"$9,000,000.00",-100.00%,Jean-Philippe Gbamin
183720,2022-06-30,21/22,29,405,Everton,Aston Villa,$0.00,"$9,000,000.00",-100.00%,Anwar El Ghazi
191217,2022-06-30,21/22,150,11,Real Betis,Arsenal,$0.00,"$20,000,000.00",-100.00%,Héctor Bellerín
197642,2022-06-30,21/22,1091,641,PAOK,Middlesbrough,$0.00,"$3,200,000.00",-100.00%,Chuba Akpom
203394,2022-06-30,21/22,614,985,Flamengo,Man Utd,$0.00,"$7,500,000.00",-100.00%,Andreas Pereira
204103,2022-06-30,21/22,131,543,Barcelona,Wolves,$0.00,"$20,000,000.00",-100.00%,Adama Traoré
205657,2022-06-30,21/22,2727,11,OH Leuven,Arsenal,$0.00,"$1,200,000.00",-100.00%,Rúnar Alex Rúnarsson
210178,2022-06-30,21/22,410,11,Udinese,Arsenal,$0.00,"$5,000,000.00",-100.00%,Pablo Marí
222813,2022-06-30,21/22,720,31,Porto,Liverpool,$0.00,"$12,000,000.00",-100.00%,Marko Grujić
234189,2022-06-30,21/22,6890,405,Basaksehir,Aston Villa,$0.00,"$10,000,000.00",-100.00%,Trezeguet
245893,2022-06-30,21/22,1108,631,Alavés,Chelsea,$0.00,"$2,000,000.00",-100.00%,Matt Miazga
265078,2022-06-30,21/22,749,543,FC Empoli,Wolves,$0.00,"$3,500,000.00",-100.00%,Patrick Cutrone
285845,2022-06-30,21/22,12,11,Roma,Arsenal,$0.00,"$10,000,000.00",-100.00%,Ainsley Maitland-Niles
318077,2022-06-30,21/22,430,11,Fiorentina,Arsenal,$0.00,"$20,000,000.00",-100.00%,Lucas Torreira
329813,2022-06-30,21/22,336,29,Sporting,Everton,$0.00,"$1,000,000.00",-100.00%,João Virgínia
335461,2022-06-30,21/22,7179,543,Tondela,Wolves,$0.00,"$350,000.00",-100.00%,Renat Dadashov
340325,2022-06-30,21/22,234,11,Feyenoord,Arsenal,$0.00,"$6,500,000.00",-100.00%,Reiss Nelson
342046,2022-06-30,21/22,6195,985,Napoli,Man Utd,$0.00,"$7,000,000.00",-100.00%,Axel Tuanzebe
345654,2022-06-30,21/22,601,281,KV Kortrijk,Man City,$0.00,"$900,000.00",-100.00%,Marlos Moreno
354352,2022-06-30,21/22,667,405,R. Strasbourg,Aston Villa,$0.00,"$7,000,000.00",-100.00%,Frédéric Guilbert
354361,2022-06-30,21/22,6195,931,Napoli,Fulham,$0.00,"$30,000,000.00",-100.00%,Frank Anguissa
355816,2022-06-30,21/22,33,281,FC Schalke 04,Man City,$0.00,"$5,000,000.00",-100.00%,Ko Itakura
357158,2022-06-30,21/22,336,543,Sporting,Wolves,$0.00,"$5,000,000.00",-100.00%,Rúben Vinagre
371003,2022-06-30,21/22,601,281,KV Kortrijk,Man City,$0.00,"$1,500,000.00",-100.00%,Ante Palaversa
371021,2022-06-30,21/22,3840,281,Adana Demirspor,Man City,$0.00,"$2,600,000.00",-100.00%,Arijanet Murić
378293,2022-06-30,21/22,714,281,Espanyol,Man City,$0.00,"$14,000,000.00",-100.00%,Yangel Herrera
392771,2022-06-30,21/22,607,631,Venezia,Chelsea,$0.00,"$13,000,000.00",-100.00%,Ethan Ampadu
399997,2022-06-30,21/22,5026,281,Lommel SK,Man City,$0.00,"$500,000.00",-100.00%,Daniel Arzani
415646,2022-06-30,21/22,504,543,Grasshoppers,Wolves,$0.00,"$1,600,000.00",-100.00%,Bruno Jordão
415912,2022-06-30,21/22,79,11,Stuttgart,Arsenal,$0.00,"$15,000,000.00",-100.00%,Konstantinos Mavropanos
426666,2022-06-30,21/22,1465,281,Estoril,Man City,$0.00,"$300,000.00",-100.00%,Ryotaro Meshino
439629,2022-06-30,21/22,12321,281,Girona,Man City,$0.00,"$3,000,000.00",-100.00%,Nahuel Bustos
465830,2022-06-30,21/22,244,11,Marseille,Arsenal,$0.00,"$25,000,000.00",-100.00%,Mattéo Guendouzi
495666,2022-06-30,21/22,244,11,Marseille,Arsenal,$0.00,"$30,000,000.00",-100.00%,William Saliba
505652,2022-06-30,21/22,1269,281,PEC Zwolle,Man City,$0.00,"$750,000.00",-100.00%,Slobodan Tedic
553875,2022-06-30,21/22,336,281,Sporting,Man City,$0.00,"$25,000,000.00",-100.00%,Pedro Porro
591193,2022-06-30,21/22,3057,29,Standard Liège,Everton,$0.00,"$2,200,000.00",-100.00%,Niels Nkounkou
627228,2022-06-30,21/22,1075,281,Braga,Man City,$0.00,"$5,000,000.00",-100.00%,Yan Couto
649452,2022-06-30,21/22,1095,281,Troyes,Man City,$0.00,"$4,000,000.00",-100.00%,Issa Kaboré
676318,2022-06-30,21/22,1108,985,Alavés,Man Utd,$0.00,"$2,500,000.00",-100.00%,Facundo Pellistri
148262,2022-05-31,21/22,1039,762,QPR,Newcastle,$0.00,"$5,000,000.00",-100.00%,Jeff Hendrick
224884,2022-05-31,21/22,1032,631,Reading,Chelsea,$0.00,"$2,200,000.00",-100.00%,Abdul Rahman Baba
226049,2022-05-31,21/22,989,762,Bournemouth,Newcastle,$0.00,"$9,000,000.00",-100.00%,Freddie Woodman
236510,2022-05-31,21/22,1028,31,Millwall,Liverpool,$0.00,"$2,000,000.00",-100.00%,Sheyi Ojo
245765,2022-05-31,21/22,603,641,Cardiff,Middlesbrough,$0.00,"$800,000.00",-100.00%,Uche Ikpeazu
250478,2022-05-31,21/22,762,405,Newcastle,Aston Villa,$0.00,"$17,000,000.00",-100.00%,Matt Targett
257097,2022-05-31,21/22,350,31,Sheff Utd,Liverpool,$0.00,"$2,500,000.00",-100.00%,Ben Davies
260841,2022-05-31,21/22,466,1003,Preston,Leicester,$0.00,"$2,000,000.00",-100.00%,Daniel Iversen
288255,2022-05-31,21/22,29,985,Everton,Man Utd,$0.00,"$25,000,000.00",-100.00%,Donny van de Beek
344830,2022-05-31,21/22,337,985,Birmingham,Man Utd,$0.00,"$3,500,000.00",-100.00%,Tahith Chong
346482,2022-05-31,21/22,3371,180,Cheltenham,Southampton,$0.00,"$1,500,000.00",-100.00%,Dan Nlundulu
371814,2022-05-31,21/22,989,31,Bournemouth,Liverpool,$0.00,"$8,000,000.00",-100.00%,Nathaniel Phillips
409106,2022-05-31,21/22,1010,512,Watford,Stoke City,$0.00,"$3,000,000.00",-100.00%,Peter Etebo
412660,2022-05-31,21/22,703,405,Nott'm Forest,Aston Villa,$0.00,"$2,500,000.00",-100.00%,Keinan Davis
419025,2022-05-31,21/22,991,379,MK Dons,West Ham,$0.00,"$300,000.00",-100.00%,Conor Coventry
420808,2022-05-31,21/22,1020,1003,Portsmouth,Leicester,$0.00,"$800,000.00",-100.00%,George Hirst
423744,2022-05-31,21/22,1123,631,Norwich,Chelsea,$0.00,"$12,000,000.00",-100.00%,Billy Gilmour
429014,2022-05-31,21/22,350,543,Sheff Utd,Wolves,$0.00,"$11,000,000.00",-100.00%,Morgan Gibbs-White
483348,2022-05-31,21/22,703,641,Nott'm Forest,Middlesbrough,$0.00,"$8,000,000.00",-100.00%,Djed Spence
484387,2022-05-31,21/22,3820,762,Mansfield Town,Newcastle,$0.00,"$2,500,000.00",-100.00%,Matty Longstaff
503680,2022-05-31,21/22,931,31,Fulham,Liverpool,$0.00,"$8,000,000.00",-100.00%,Neco Williams
503977,2022-05-31,21/22,512,281,Stoke City,Man City,$0.00,"$7,000,000.00",-100.00%,Taylor Harwood-Bellis
504581,2022-05-31,21/22,164,543,Blackburn,Wolves,$0.00,"$3,000,000.00",-100.00%,Ryan Giles
505219,2022-05-31,21/22,703,985,Nott'm Forest,Man Utd,$0.00,"$7,000,000.00",-100.00%,James Garner
507700,2022-05-31,21/22,1123,985,Norwich,Man Utd,$0.00,"$10,000,000.00",-100.00%,Brandon Williams
533662,2022-05-31,21/22,466,405,Preston,Aston Villa,$0.00,"$6,000,000.00",-100.00%,Cameron Archer
536835,2022-05-31,21/22,124,985,Rangers,Man Utd,$0.00,"$18,000,000.00",-100.00%,Amad Diallo
541231,2022-05-31,21/22,466,31,Preston,Liverpool,$0.00,"$5,000,000.00",-100.00%,Sepp van den Berg
548470,2022-05-31,21/22,337,985,Birmingham,Man Utd,$0.00,"$2,000,000.00",-100.00%,Teden Mengi
586986,2022-05-31,21/22,22,873,Derby,Crystal Palace,$0.00,"$800,000.00",-100.00%,Luke Plange
608175,2022-05-31,21/22,603,512,Cardiff,Stoke City,$0.00,"$600,000.00",-100.00%,Alfie Doughty
665390,2022-05-31,21/22,512,405,Stoke City,Aston Villa,$0.00,"$3,000,000.00",-100.00%,Jaden Philogene
865590,2022-05-25,21/22,26208,5551,Newcastle U21,Newcastle,,"$200,000.00",-100.00%,Archie Goodwin
337787,2022-05-17,21/22,465,543,St. Mirren,Wolves,$0.00,"$500,000.00",-100.00%,Connor Ronan
282199,2022-02-01,21/22,1095,281,Troyes,Man City,$0.00,"$1,500,000.00",-100.00%,Erik Palmer-Brown
134270,2022-01-31,21/22,1237,762,Brighton,Newcastle,"$15,000,000.00","$3,500,000.00",328.57%,Dan Burn
207929,2022-01-31,21/22,148,29,Tottenham,Everton,$0.00,"$25,000,000.00",-100.00%,Dele Alli
250478,2022-01-31,21/22,405,762,Aston Villa,Newcastle,$0.00,"$17,000,000.00",-100.00%,Matt Targett
288255,2022-01-31,21/22,985,29,Man Utd,Everton,$0.00,"$25,000,000.00",-100.00%,Donny van de Beek
389253,2022-01-31,21/22,1247,11,Colorado,Arsenal,"$1,800,000.00","$2,000,000.00",-10.00%,Auston Trusty
420002,2022-01-31,21/22,39,873,Mainz,Crystal Palace,"$11,000,000.00","$5,000,000.00",120.00%,Jean-Philippe Mateta
503680,2022-01-31,21/22,31,931,Liverpool,Fulham,$0.00,"$8,000,000.00",-100.00%,Neco Williams
504581,2022-01-31,21/22,543,164,Wolves,Blackburn,$0.00,"$2,000,000.00",-100.00%,Ryan Giles
576024,2022-01-31,21/22,209,281,River Plate,Man City,"$21,400,000.00","$20,000,000.00",7.00%,Julián Alvarez
480692,2022-01-30,21/22,720,31,Porto,Liverpool,"$49,000,000.00","$40,000,000.00",22.50%,Luis Díaz
520624,2022-01-30,21/22,1041,762,Lyon,Newcastle,"$42,100,000.00","$30,000,000.00",40.33%,Bruno Guimarães
638571,2022-01-28,21/22,3301,543,Suwon Bluewings,Wolves,"$1,200,000.00","$850,000.00",41.18%,Sang-bin Jeong
215118,2022-01-27,21/22,11,405,Arsenal,Aston Villa,$0.00,"$12,000,000.00",-100.00%,Calum Chambers
559794,2022-01-26,21/22,148,289,Tottenham,Sunderland,$0.00,"$5,000,000.00",-100.00%,Jack Clarke
340460,2022-01-25,21/22,1095,281,Troyes,Man City,$0.00,"$2,000,000.00",-100.00%,Philippe Sandler
665390,2022-01-21,21/22,405,512,Aston Villa,Stoke City,$0.00,"$500,000.00",-100.00%,Jaden Philogene
503679,2022-01-20,21/22,2288,31,Swansea,Liverpool,$0.00,"$4,000,000.00",-100.00%,Rhys Williams
606872,2022-01-19,21/22,504,543,Grasshoppers,Wolves,$0.00,"$1,200,000.00",-100.00%,Leonardo Campana
75458,2022-01-18,21/22,12,405,Roma,Aston Villa,$0.00,"$2,000,000.00",-100.00%,Robin Olsen
470152,2022-01-17,21/22,1211,355,Port Vale,Bolton,$0.00,"$200,000.00",-100.00%,Dennis Politic
695454,2022-01-17,21/22,1465,543,Estoril,Wolves,"$3,500,000.00","$1,000,000.00",250.00%,Chiquinho
428061,2022-01-14,21/22,78435,641,Charlotte,Middlesbrough,"$3,640,000.00","$600,000.00",506.67%,Riley McGree
108725,2022-01-13,21/22,1132,762,Burnley,Newcastle,"$30,000,000.00","$6,000,000.00",400.00%,Chris Wood
126664,2022-01-13,21/22,29,405,Everton,Aston Villa,"$30,000,000.00","$30,000,000.00",0.00%,Lucas Digne
183720,2022-01-13,21/22,405,29,Aston Villa,Everton,$0.00,"$10,000,000.00",-100.00%,Anwar El Ghazi
281404,2022-01-13,21/22,614,631,Flamengo,Chelsea,$0.00,"$7,000,000.00",-100.00%,Kenedy
542690,2022-01-13,21/22,289,379,Sunderland,West Ham,$0.00,"$1,000,000.00",-100.00%,Frederik Alves
503770,2022-01-12,21/22,9249,641,Arsenal U23,Middlesbrough,$0.00,"$4,000,000.00",-100.00%,Folarin Balogun
503977,2022-01-11,21/22,281,512,Man City,Stoke City,$0.00,"$3,000,000.00",-100.00%,Taylor Harwood-Bellis
503977,2022-01-10,21/22,58,281,RSC Anderlecht,Man City,$0.00,"$3,000,000.00",-100.00%,Taylor Harwood-Bellis
80444,2022-01-07,21/22,131,405,Barcelona,Aston Villa,$0.00,"$18,000,000.00",-100.00%,Philippe Coutinho
95810,2022-01-07,21/22,13,762,Atlético,Newcastle,"$14,000,000.00","$18,000,000.00",-22.22%,Kieran Trippier
438086,2022-01-07,21/22,337,641,Birmingham,Middlesbrough,,"$150,000.00",-100.00%,Caolan Boyd-Munce
342046,2022-01-06,21/22,405,985,Aston Villa,Man Utd,$0.00,"$8,000,000.00",-100.00%,Axel Tuanzebe
437573,2022-01-06,21/22,4277,164,Drogheda United,Blackburn,$0.00,"$100,000.00",-100.00%,James Brown
262489,2022-01-05,21/22,504,543,Grasshoppers,Wolves,"$600,000.00","$1,300,000.00",-53.85%,Hayao Kawabe
346482,2022-01-05,21/22,1198,180,Lincoln City,Southampton,$0.00,"$1,500,000.00",-100.00%,Dan Nlundulu
419025,2022-01-05,21/22,1072,379,Peterborough,West Ham,$0.00,"$300,000.00",-100.00%,Conor Coventry
424015,2022-01-04,21/22,124,29,Rangers,Everton,"$14,000,000.00","$3,000,000.00",366.67%,Nathan Patterson
515544,2022-01-04,21/22,3471,289,Linfield,Sunderland,"$240,000.00","$175,000.00",37.14%,Trai Hume
606718,2022-01-04,21/22,504,543,Grasshoppers,Wolves,$0.00,"$1,000,000.00",-100.00%,Toti
504581,2022-01-03,21/22,603,543,Cardiff,Wolves,$0.00,"$2,000,000.00",-100.00%,Ryan Giles
79620,2022-01-02,21/22,2578,355,St. Johnstone,Bolton,$0.00,"$450,000.00",-100.00%,Ali Crawford
404842,2022-01-01,21/22,338,29,Dynamo Kyiv,Everton,"$23,500,000.00","$17,000,000.00",38.24%,Vitaliy Mykolenko
429790,2022-01-01,21/22,317,281,FC Twente,Man City,$0.00,"$950,000.00",-100.00%,Luka Ilic
583189,2022-01-01,21/22,9251,985,Man Utd U23,Man Utd,,"$4,000,000.00",-100.00%,Anthony Elanga
205757,2021-12-31,21/22,31297,11,SKF Sered,Arsenal,$0.00,"$350,000.00",-100.00%,Dejan Iliev
484387,2021-12-31,21/22,370,762,Aberdeen FC,Newcastle,$0.00,"$2,500,000.00",-100.00%,Matty Longstaff
503990,2021-11-25,21/22,903,641,Hibernian FC,Middlesbrough,$0.00,"$300,000.00",-100.00%,Nathan Wood
500924,2021-09-15,21/22,36100,5551,Western Sydney,Newcastle,$0.00,"$50,000.00",-100.00%,Kosta Grozos
776798,2021-09-01,21/22,1237,512,Brighton,Stoke City,$0.00,"$11,000,000.00",-100.00%,Abdallah Sima
8198,2021-08-31,21/22,506,985,Juventus,Man Utd,"$17,000,000.00","$45,000,000.00",-62.22%,Cristiano Ronaldo
80197,2021-08-31,21/22,33304,29,DL Pro,Everton,$0.00,"$5,000,000.00",-100.00%,Salomón Rondón
148928,2021-08-31,21/22,13,631,Atlético,Chelsea,$0.00,"$40,000,000.00",-100.00%,Saúl Ñíguez
179860,2021-08-31,21/22,336,641,Sporting,Middlesbrough,$0.00,"$5,000,000.00",-100.00%,Andraz Sporar
293200,2021-08-31,21/22,2410,379,CSKA Moscow,West Ham,"$30,000,000.00","$30,000,000.00",0.00%,Nikola Vlašić
331560,2021-08-31,21/22,1025,11,Bologna,Arsenal,"$18,600,000.00","$20,000,000.00",-7.00%,Takehiro Tomiyasu
337333,2021-08-31,21/22,232,379,Spartak Moscow,West Ham,$0.00,"$10,000,000.00",-100.00%,Alex Král
344152,2021-08-31,21/22,371,873,Celtic,Crystal Palace,"$16,300,000.00","$17,000,000.00",-4.12%,Odsonne Édouard
380913,2021-08-31,21/22,1110,512,Huddersfield,Stoke City,$0.00,"$300,000.00",-100.00%,Demeaco Duhaney
391719,2021-08-31,21/22,1010,931,Watford,Fulham,$0.00,"$3,000,000.00",-100.00%,Domingos Quina
405686,2021-08-31,21/22,39336,164,Brighton U23,Blackburn,$0.00,"$150,000.00",-100.00%,Reda Khadra
406040,2021-08-31,21/22,23826,1003,Leipzig,Leicester,$0.00,"$11,000,000.00",-100.00%,Ademola Lookman
292246,2021-08-29,21/22,23826,543,Leipzig,Wolves,$0.00,"$11,000,000.00",-100.00%,Hee-chan Hwang
576314,2021-08-29,21/22,1237,164,Brighton,Blackburn,$0.00,"$2,200,000.00",-100.00%,Jan Paul van Hecke
157509,2021-08-28,21/22,631,379,Chelsea,West Ham,"$35,000,000.00","$32,000,000.00",9.38%,Kurt Zouma
207014,2021-08-28,21/22,1010,873,Watford,Crystal Palace,"$7,000,000.00","$7,000,000.00",0.00%,Will Hughes
357656,2021-08-27,21/22,39336,984,Brighton U23,West Brom,$0.00,"$1,000,000.00",-100.00%,Jayson Molumby
379807,2021-08-25,21/22,416,180,Torino,Southampton,"$7,500,000.00","$5,000,000.00",50.00%,Lyanco
392763,2021-08-23,21/22,399,164,Leeds,Blackburn,$0.00,"$1,500,000.00",-100.00%,Ian Poveda
14044,2021-08-20,21/22,984,29,West Brom,Everton,$0.00,"$250,000.00",-100.00%,Andy Lonergan
316264,2021-08-20,21/22,418,11,Real Madrid,Arsenal,"$35,000,000.00","$40,000,000.00",-12.50%,Martin Ødegaard
427568,2021-08-20,21/22,350,11,Sheff Utd,Arsenal,"$28,000,000.00","$12,000,000.00",133.33%,Aaron Ramsdale
468256,2021-08-20,21/22,16655,5551,Atlético-MG B,Newcastle,$0.00,"$300,000.00",-100.00%,Daniel Penha
680531,2021-08-20,21/22,2995,5551,Paços Ferreira,Newcastle,$0.00,"$125,000.00",-100.00%,Sam Silvera
735571,2021-08-20,21/22,614,931,Flamengo,Fulham,"$8,000,000.00","$3,000,000.00",166.67%,Rodrigo Muniz
344009,2021-08-16,21/22,9261,289,Everton U23,Sunderland,$0.00,"$500,000.00",-100.00%,Nathan Broadhead
470606,2021-08-16,21/22,9252,164,Liverpool U23,Blackburn,$0.00,"$150,000.00",-100.00%,Leighton Clarkson
164770,2021-08-14,21/22,418,985,Real Madrid,Man Utd,"$40,000,000.00","$70,000,000.00",-42.86%,Raphaël Varane
99331,2021-08-13,21/22,180,1003,Southampton,Leicester,"$17,600,000.00","$18,000,000.00",-2.22%,Jannik Vestergaard
340329,2021-08-13,21/22,11,762,Arsenal,Newcastle,"$29,400,000.00","$16,000,000.00",83.75%,Joe Willock
542690,2021-08-13,21/22,379,289,West Ham,Sunderland,$0.00,"$1,000,000.00",-100.00%,Frederik Alves
96341,2021-08-12,21/22,46,631,Inter,Chelsea,"$113,000,000.00","$100,000,000.00",13.00%,Romelu Lukaku
250426,2021-08-10,21/22,164,180,Blackburn,Southampton,"$17,700,000.00","$18,000,000.00",-1.67%,Adam Armstrong
367284,2021-08-10,21/22,1237,512,Brighton,Stoke City,$0.00,"$3,000,000.00",-100.00%,Leo Østigård
571743,2021-08-10,21/22,9250,180,Chelsea U23,Southampton,$0.00,"$3,000,000.00",-100.00%,Armando Broja
342046,2021-08-08,21/22,985,405,Man Utd,Aston Villa,$0.00,"$8,000,000.00",-100.00%,Axel Tuanzebe
203460,2021-08-05,21/22,405,281,Aston Villa,Man City,"$117,500,000.00","$65,000,000.00",80.77%,Jack Grealish
555820,2021-08-05,21/22,830,641,Banfield,Middlesbrough,"$6,750,000.00","$5,000,000.00",35.00%,Martín Payero
134294,2021-08-04,21/22,180,405,Southampton,Aston Villa,"$29,400,000.00","$22,000,000.00",33.64%,Danny Ings
387626,2021-08-04,21/22,15,405,Leverkusen,Aston Villa,"$32,000,000.00","$35,000,000.00",-8.57%,Leon Bailey
398402,2021-08-04,21/22,989,512,Bournemouth,Stoke City,"$2,900,000.00","$1,800,000.00",61.11%,Sam Surridge
335721,2021-07-30,21/22,1237,11,Brighton,Arsenal,"$58,500,000.00","$28,000,000.00",108.93%,Ben White
488362,2021-07-30,21/22,9250,873,Chelsea U23,Crystal Palace,$0.00,"$15,000,000.00",-100.00%,Conor Gallagher
120629,2021-07-29,21/22,583,379,PSG,West Ham,$0.00,"$17,000,000.00",-100.00%,Alphonse Areola
116648,2021-07-28,21/22,931,631,Fulham,Chelsea,$0.00,"$2,500,000.00",-100.00%,Marcus Bettinelli
260827,2021-07-28,21/22,1041,873,Lyon,Crystal Palace,"$17,500,000.00","$22,000,000.00",-20.45%,Joachim Andersen
195488,2021-07-24,21/22,148,931,Tottenham,Fulham,$0.00,"$3,000,000.00",-100.00%,Paulo Gazzaniga
279455,2021-07-24,21/22,31,931,Liverpool,Fulham,"$14,000,000.00","$17,000,000.00",-17.65%,Harry Wilson
401173,2021-07-23,21/22,16,985,Dortmund,Man Utd,"$85,000,000.00","$100,000,000.00",-15.00%,Jadon Sancho
292417,2021-07-22,21/22,15,29,Leverkusen,Everton,"$2,000,000.00","$8,000,000.00",-75.00%,Demarai Gray
211325,2021-07-21,21/22,67913,512,Al-Ain,Stoke City,$0.00,"$2,700,000.00",-100.00%,Badou Ndiaye
14555,2021-07-20,21/22,22,281,Derby,Man City,$0.00,"$300,000.00",-100.00%,Scott Carson
33873,2021-07-20,21/22,989,29,Bournemouth,Everton,$0.00,"$1,200,000.00",-100.00%,Asmir Begovic
61842,2021-07-20,21/22,873,29,Crystal Palace,Everton,$0.00,"$7,000,000.00",-100.00%,Andros Townsend
381967,2021-07-19,21/22,58,11,RSC Anderlecht,Arsenal,"$17,500,000.00","$12,000,000.00",45.83%,Albert Sambi Lokonga
392757,2021-07-18,21/22,631,873,Chelsea,Crystal Palace,"$23,340,000.00","$10,000,000.00",133.40%,Marc Guéhi
439351,2021-07-17,21/22,11107,543,Fehérvár,Wolves,"$2,000,000.00","$600,000.00",233.33%,Bendegúz Bolla
249994,2021-07-15,21/22,683,543,Olympiacos,Wolves,"$8,000,000.00","$7,500,000.00",6.67%,José Sá
196722,2021-07-12,21/22,289,873,Sunderland,Crystal Palace,$0.00,"$300,000.00",-100.00%,Remi Matthews
535955,2021-07-10,21/22,294,11,Benfica,Arsenal,"$8,000,000.00","$7,000,000.00",14.29%,Nuno Tavares
200777,2021-07-09,21/22,1110,289,Huddersfield,Sunderland,$0.00,"$2,500,000.00",-100.00%,Alex Pritchard
578391,2021-07-09,21/22,1420,543,Angers SCO,Wolves,"$11,100,000.00","$18,000,000.00",-38.33%,Rayan Aït-Nouri
566723,2021-07-08,21/22,1032,873,Reading,Crystal Palace,"$9,300,000.00","$15,000,000.00",-38.00%,Michael Olise
412669,2021-07-04,21/22,131,543,Barcelona,Wolves,$0.00,"$22,000,000.00",-100.00%,Francisco Trincão
34130,2021-07-02,21/22,405,985,Aston Villa,Man Utd,$0.00,"$1,000,000.00",-100.00%,Tom Heaton
245765,2021-07-02,21/22,2805,641,Wycombe,Middlesbrough,"$870,000.00","$300,000.00",190.00%,Uche Ikpeazu
318523,2021-07-02,21/22,3911,180,Stade Brestois,Southampton,"$12,000,000.00","$8,000,000.00",50.00%,Romain Perraud
344605,2021-07-02,21/22,1082,1003,LOSC Lille,Leicester,"$20,000,000.00","$28,000,000.00",-28.57%,Boubakary Soumaré
14086,2021-07-01,21/22,46,405,Inter,Aston Villa,$0.00,"$1,000,000.00",-100.00%,Ashley Young
68499,2021-07-01,21/22,128,5551,Xanthi,Newcastle,$0.00,"$400,000.00",-100.00%,Matthew Jurman
121477,2021-07-01,21/22,1010,379,Watford,West Ham,"$2,300,000.00","$3,000,000.00",-23.33%,Craig Dawson
197830,2021-07-01,21/22,3716,355,Newport County,Bolton,$0.00,"$200,000.00",-100.00%,Josh Sheehan
238585,2021-07-01,21/22,2288,355,Swansea,Bolton,$0.00,"$300,000.00",-100.00%,Declan John
320408,2021-07-01,21/22,990,355,Coventry,Bolton,$0.00,"$200,000.00",-100.00%,Amadou Bakayoko
321247,2021-07-01,21/22,1123,405,Norwich,Aston Villa,"$38,400,000.00","$35,000,000.00",9.71%,Emiliano Buendía
336367,2021-07-01,21/22,1039,641,QPR,Middlesbrough,$0.00,"$500,000.00",-100.00%,Joe Lumley
346314,2021-07-01,21/22,9250,631,Chelsea U23,Chelsea,,"$3,500,000.00",-100.00%,Trevoh Chalobah
357119,2021-07-01,21/22,23826,31,Leipzig,Liverpool,"$40,000,000.00","$35,000,000.00",14.29%,Ibrahima Konaté
399162,2021-07-01,21/22,8445,5551,Wellington,Newcastle,$0.00,"$400,000.00",-100.00%,Cammy Devlin
475188,2021-07-01,21/22,39341,1003,Leicester U23,Leicester,,"$2,000,000.00",-100.00%,Kiernan Dewsbury-Hall
528888,2021-07-01,21/22,9262,931,Fulham U21,Fulham,,"$150,000.00",-100.00%,Tyrese Francois
559263,2021-07-01,21/22,9262,931,Fulham U23,Fulham,,"$250,000.00",-100.00%,Fábio Carvalho
565822,2021-07-01,21/22,9252,31,Liverpool U23,Liverpool,,"$15,000,000.00",-100.00%,Harvey Elliott
568177,2021-07-01,21/22,9265,281,Man City U23,Man City,,"$500,000.00",-100.00%,Cole Palmer
659459,2021-07-01,21/22,12124,405,Aston Villa U23,Aston Villa,,"$1,000,000.00",-100.00%,Carney Chukwuemeka
665390,2021-07-01,21/22,12124,405,Aston Villa U23,Aston Villa,,"$500,000.00",-100.00%,Jaden Philogene
716276,2021-07-01,21/22,8172,543,Atl. Nacional,Wolves,"$5,200,000.00","$1,700,000.00",205.88%,Yerson Mosquera
732828,2021-07-01,21/22,36100,5551,Western Sydney,Newcastle,,"$50,000.00",-100.00%,Mohamed Al-Taay
45671,2021-06-30,20/21,114,29,Besiktas,Everton,$0.00,"$5,000,000.00",-100.00%,Cenk Tosun
59866,2021-06-30,20/21,232,631,Spartak Moscow,Chelsea,$0.00,"$6,500,000.00",-100.00%,Victor Moses
85864,2021-06-30,20/21,89,31,Union Berlin,Liverpool,$0.00,"$2,000,000.00",-100.00%,Loris Karius
94005,2021-06-30,20/21,33,11,FC Schalke 04,Arsenal,$0.00,"$6,500,000.00",-100.00%,Sead Kolasinac
111524,2021-06-30,20/21,8023,984,Al-Ittihad,West Brom,$0.00,"$4,000,000.00",-100.00%,Ahmed Hegazy
112052,2021-06-30,20/21,1090,512,AZ Alkmaar,Stoke City,$0.00,"$3,000,000.00",-100.00%,Bruno Martins Indi
115989,2021-06-30,20/21,35,641,St. Pauli,Middlesbrough,$0.00,"$600,000.00",-100.00%,Dejan Stojanovic
118287,2021-06-30,20/21,114,1003,Besiktas,Leicester,$0.00,"$12,000,000.00",-100.00%,Rachid Ghezzal
127108,2021-06-30,20/21,1108,762,Alavés,Newcastle,$0.00,"$4,500,000.00",-100.00%,Florian Lejeune
147034,2021-06-30,20/21,383,631,PSV,Chelsea,$0.00,"$1,750,000.00",-100.00%,Marco van Ginkel
159372,2021-06-30,20/21,720,379,Porto,West Ham,$0.00,"$10,000,000.00",-100.00%,Felipe Anderson
165793,2021-06-30,20/21,180,31,Southampton,Liverpool,$0.00,"$12,000,000.00",-100.00%,Takumi Minamino
173859,2021-06-30,20/21,252,631,Genoa,Chelsea,$0.00,"$8,000,000.00",-100.00%,Davide Zappacosta
182201,2021-06-30,20/21,36,405,Fenerbahçe,Aston Villa,$0.00,"$4,200,000.00",-100.00%,Ally Samatta
182618,2021-06-30,20/21,6195,631,Napoli,Chelsea,$0.00,"$20,000,000.00",-100.00%,Tiemoué Bakayoko
203394,2021-06-30,20/21,398,985,Lazio,Man Utd,$0.00,"$8,000,000.00",-100.00%,Andreas Pereira
222813,2021-06-30,20/21,720,31,Porto,Liverpool,$0.00,"$15,000,000.00",-100.00%,Marko Grujić
224884,2021-06-30,20/21,1091,631,PAOK,Chelsea,$0.00,"$2,500,000.00",-100.00%,Abdul Rahman Baba
230541,2021-06-30,20/21,1533,762,SD Eibar,Newcastle,$0.00,"$2,500,000.00",-100.00%,Yoshinori Muto
245893,2021-06-30,20/21,58,631,RSC Anderlecht,Chelsea,$0.00,"$3,000,000.00",-100.00%,Matt Miazga
253765,2021-06-30,20/21,398,180,Lazio,Southampton,$0.00,"$4,000,000.00",-100.00%,Wesley Hoedt
258883,2021-06-30,20/21,371,29,Celtic,Everton,$0.00,"$5,800,000.00",-100.00%,Jonjoe Kenny
265078,2021-06-30,20/21,1049,543,Valencia,Wolves,$0.00,"$9,000,000.00",-100.00%,Patrick Cutrone
277179,2021-06-30,20/21,23826,281,Leipzig,Man City,$0.00,"$35,000,000.00",-100.00%,Angeliño
281404,2021-06-30,20/21,16795,631,Granada CF,Chelsea,$0.00,"$10,000,000.00",-100.00%,Kenedy
282199,2021-06-30,20/21,14,281,Austria Vienna,Man City,$0.00,"$1,500,000.00",-100.00%,Erik Palmer-Brown
293168,2021-06-30,20/21,2727,1003,OH Leuven,Leicester,$0.00,"$2,800,000.00",-100.00%,Filip Benkovic
293283,2021-06-30,20/21,504,543,Grasshoppers,Wolves,$0.00,"$300,000.00",-100.00%,Oskar Buur
295313,2021-06-30,20/21,89,31,Union Berlin,Liverpool,$0.00,"$5,000,000.00",-100.00%,Taiwo Awoniyi
303254,2021-06-30,20/21,5,631,AC Milan,Chelsea,$0.00,"$28,000,000.00",-100.00%,Fikayo Tomori
314288,2021-06-30,20/21,58,281,RSC Anderlecht,Man City,$0.00,"$12,000,000.00",-100.00%,Lukas Nmecha
318077,2021-06-30,20/21,13,11,Atlético,Arsenal,$0.00,"$20,000,000.00",-100.00%,Lucas Torreira
337787,2021-06-30,20/21,504,543,Grasshoppers,Wolves,$0.00,"$450,000.00",-100.00%,Connor Ronan
344596,2021-06-30,20/21,720,631,Porto,Chelsea,$0.00,"$10,000,000.00",-100.00%,Malang Sarr
344830,2021-06-30,20/21,2282,985,Club Brugge,Man Utd,$0.00,"$4,000,000.00",-100.00%,Tahith Chong
345654,2021-06-30,20/21,5026,281,Lommel SK,Man City,$0.00,"$1,000,000.00",-100.00%,Marlos Moreno
354352,2021-06-30,20/21,667,405,R. Strasbourg,Aston Villa,$0.00,"$6,000,000.00",-100.00%,Frédéric Guilbert
355816,2021-06-30,20/21,202,281,FC Groningen,Man City,$0.00,"$3,500,000.00",-100.00%,Ko Itakura
357147,2021-06-30,20/21,5,985,AC Milan,Man Utd,$0.00,"$10,000,000.00",-100.00%,Diogo Dalot
357158,2021-06-30,20/21,3329,543,Famalicão,Wolves,$0.00,"$5,000,000.00",-100.00%,Rúben Vinagre
361254,2021-06-30,20/21,5358,543,SD Huesca,Wolves,$0.00,"$12,000,000.00",-100.00%,Rafa Mir
364135,2021-06-30,20/21,583,29,PSG,Everton,$0.00,"$35,000,000.00",-100.00%,Moise Kean
371021,2021-06-30,20/21,403,281,Willem II,Man City,$0.00,"$1,300,000.00",-100.00%,Arijanet Murić
378293,2021-06-30,20/21,16795,281,Granada CF,Man City,$0.00,"$18,000,000.00",-100.00%,Yangel Herrera
399997,2021-06-30,20/21,678,281,Aarhus GF,Man City,$0.00,"$600,000.00",-100.00%,Daniel Arzani
409106,2021-06-30,20/21,141,512,Galatasaray,Stoke City,$0.00,"$3,200,000.00",-100.00%,Peter Etebo
415646,2021-06-30,20/21,3329,543,Famalicão,Wolves,$0.00,"$2,500,000.00",-100.00%,Bruno Jordão
417346,2021-06-30,20/21,399,281,Leeds,Man City,$0.00,"$15,000,000.00",-100.00%,Jack Harrison
426666,2021-06-30,20/21,2425,281,Rio Ave,Man City,$0.00,"$450,000.00",-100.00%,Ryotaro Meshino
465830,2021-06-30,20/21,44,11,Hertha BSC,Arsenal,$0.00,"$20,000,000.00",-100.00%,Mattéo Guendouzi
471494,2021-06-30,20/21,36100,5551,Western Sydney,Newcastle,$0.00,"$100,000.00",-100.00%,Noah James
495666,2021-06-30,20/21,417,11,Nice,Arsenal,$0.00,"$18,000,000.00",-100.00%,William Saliba
606872,2021-06-30,20/21,3329,543,Famalicão,Wolves,$0.00,"$1,200,000.00",-100.00%,Leonardo Campana
627228,2021-06-30,20/21,12321,281,Girona,Man City,$0.00,"$4,000,000.00",-100.00%,Yan Couto
649452,2021-06-30,20/21,354,281,KV Mechelen,Man City,$0.00,"$3,000,000.00",-100.00%,Issa Kaboré
676318,2021-06-30,20/21,1108,985,Alavés,Man Utd,$0.00,"$6,000,000.00",-100.00%,Facundo Pellistri
75471,2021-05-31,20/21,641,29,Middlesbrough,Everton,$0.00,"$1,500,000.00",-100.00%,Yannick Bolasie
79620,2021-05-31,20/21,1074,355,Tranmere Rovers,Bolton,$0.00,"$550,000.00",-100.00%,Ali Crawford
116648,2021-05-31,20/21,641,931,Middlesbrough,Fulham,$0.00,"$2,500,000.00",-100.00%,Marcus Bettinelli
131978,2021-05-31,20/21,405,631,Aston Villa,Chelsea,$0.00,"$20,000,000.00",-100.00%,Ross Barkley
141660,2021-05-31,20/21,379,985,West Ham,Man Utd,$0.00,"$22,000,000.00",-100.00%,Jesse Lingard
170934,2021-05-31,20/21,931,180,Fulham,Southampton,$0.00,"$10,000,000.00",-100.00%,Mario Lemina
179184,2021-05-31,20/21,873,631,Crystal Palace,Chelsea,$0.00,"$10,000,000.00",-100.00%,Michy Batshuayi
186644,2021-05-31,20/21,371,180,Celtic,Southampton,$0.00,"$12,000,000.00",-100.00%,Mohamed Elyounoussi
201574,2021-05-31,20/21,512,180,Stoke City,Southampton,$0.00,"$3,000,000.00",-100.00%,Angus Gunn
202886,2021-05-31,20/21,931,631,Fulham,Chelsea,$0.00,"$20,000,000.00",-100.00%,Ruben Loftus-Cheek
221713,2021-05-31,20/21,45321,5551,FC Goa,Newcastle,$0.00,"$450,000.00",-100.00%,James Donachie
226049,2021-05-31,20/21,2288,762,Swansea,Newcastle,$0.00,"$9,000,000.00",-100.00%,Freddie Woodman
236510,2021-05-31,20/21,603,31,Cardiff,Liverpool,$0.00,"$3,000,000.00",-100.00%,Sheyi Ojo
260841,2021-05-31,20/21,466,1003,Preston,Leicester,$0.00,"$1,200,000.00",-100.00%,Daniel Iversen
279455,2021-05-31,20/21,603,31,Cardiff,Liverpool,$0.00,"$17,000,000.00",-100.00%,Harry Wilson
285845,2021-05-31,20/21,984,11,West Brom,Arsenal,$0.00,"$18,000,000.00",-100.00%,Ainsley Maitland-Niles
286919,2021-05-31,20/21,2454,180,Doncaster,Southampton,$0.00,"$1,600,000.00",-100.00%,Josh Sims
334816,2021-05-31,20/21,3697,164,Morecambe FC,Blackburn,$0.00,"$250,000.00",-100.00%,Brad Lyons
340329,2021-05-31,20/21,762,11,Newcastle,Arsenal,$0.00,"$16,000,000.00",-100.00%,Joe Willock
392757,2021-05-31,20/21,2288,631,Swansea,Chelsea,$0.00,"$6,000,000.00",-100.00%,Marc Guéhi
392771,2021-05-31,20/21,350,631,Sheff Utd,Chelsea,$0.00,"$15,000,000.00",-100.00%,Ethan Ampadu
399369,2021-05-31,20/21,22,29,Derby,Everton,$0.00,"$1,000,000.00",-100.00%,Beni Baningime
406008,2021-05-31,20/21,337,180,Birmingham,Southampton,$0.00,"$4,500,000.00",-100.00%,Yan Valery
420808,2021-05-31,20/21,1194,1003,Rotherham,Leicester,$0.00,"$800,000.00",-100.00%,George Hirst
503733,2021-05-31,20/21,466,29,Preston,Everton,$0.00,"$5,000,000.00",-100.00%,Anthony Gordon
503977,2021-05-31,20/21,164,281,Blackburn,Man City,$0.00,"$3,000,000.00",-100.00%,Taylor Harwood-Bellis
503990,2021-05-31,20/21,1042,641,Crewe Alexandra,Middlesbrough,$0.00,"$300,000.00",-100.00%,Nathan Wood
504581,2021-05-31,20/21,1194,543,Rotherham,Wolves,$0.00,"$1,300,000.00",-100.00%,Ryan Giles
505219,2021-05-31,20/21,703,985,Nott'm Forest,Man Utd,$0.00,"$4,000,000.00",-100.00%,James Garner
661053,2021-05-31,20/21,164,29,Blackburn,Everton,$0.00,"$3,000,000.00",-100.00%,Jarrad Branthwaite
491737,2021-05-21,20/21,1198,512,Lincoln City,Stoke City,$0.00,"$2,000,000.00",-100.00%,Josef Bursik
491737,2021-05-07,20/21,1072,512,Peterborough,Stoke City,$0.00,"$2,000,000.00",-100.00%,Josef Bursik
548470,2021-04-19,20/21,22,985,Derby,Man Utd,$0.00,"$1,500,000.00",-100.00%,Teden Mengi
91059,2021-02-01,20/21,989,29,Bournemouth,Everton,,"$11,000,000.00",-100.00%,Joshua King
125409,2021-02-01,20/21,515,641,Without Club,Middlesbrough,,"$2,200,000.00",-100.00%,Nathaniel Méndez-Laing
137616,2021-02-01,20/21,940,984,Celta de Vigo,West Brom,$0.00,"$4,000,000.00",-100.00%,Okay Yokuşlu
165793,2021-02-01,20/21,31,180,Liverpool,Southampton,$0.00,"$10,000,000.00",-100.00%,Takumi Minamino
211325,2021-02-01,20/21,6646,512,Karagümrük,Stoke City,$0.00,"$3,500,000.00",-100.00%,Badou Ndiaye
257097,2021-02-01,20/21,466,31,Preston,Liverpool,"$1,850,000.00","$2,400,000.00",-22.92%,Ben Davies
285845,2021-02-01,20/21,11,984,Arsenal,West Brom,$0.00,"$18,000,000.00",-100.00%,Ainsley Maitland-Niles
340329,2021-02-01,20/21,11,762,Arsenal,Newcastle,$0.00,"$16,000,000.00",-100.00%,Joe Willock
361260,2021-02-01,20/21,33,31,FC Schalke 04,Liverpool,$0.00,"$25,000,000.00",-100.00%,Ozan Kabak
503977,2021-02-01,20/21,281,164,Man City,Blackburn,$0.00,"$2,300,000.00",-100.00%,Taylor Harwood-Bellis
205757,2021-01-31,20/21,3054,11,Shrewsbury,Arsenal,$0.00,"$300,000.00",-100.00%,Dejan Iliev
371021,2021-01-31,20/21,12321,281,Girona,Man City,$0.00,"$1,500,000.00",-100.00%,Arijanet Murić
447995,2021-01-31,20/21,2759,289,Ross County,Sunderland,"$338,000.00","$500,000.00",-32.40%,Ross Stewart
344830,2021-01-30,20/21,86,985,Werder Bremen,Man Utd,$0.00,"$6,300,000.00",-100.00%,Tahith Chong
141660,2021-01-29,20/21,985,379,Man Utd,West Ham,$0.00,"$10,000,000.00",-100.00%,Jesse Lingard
290532,2021-01-29,20/21,1148,379,Brentford,West Ham,"$23,100,000.00","$22,000,000.00",5.00%,Saïd Benrahma
505219,2021-01-29,20/21,1010,985,Watford,Man Utd,$0.00,"$3,500,000.00",-100.00%,James Garner
75471,2021-01-28,20/21,29,641,Everton,Middlesbrough,$0.00,"$3,500,000.00",-100.00%,Yannick Bolasie
316264,2021-01-27,20/21,418,11,Real Madrid,Arsenal,$0.00,"$40,000,000.00",-100.00%,Martin Ødegaard
547924,2021-01-27,20/21,71084,5551,Western United,Newcastle,,"$300,000.00",-100.00%,Apostolos Stamatelopoulos
174094,2021-01-26,20/21,244,405,Marseille,Aston Villa,"$15,800,000.00","$20,000,000.00",-21.00%,Morgan Sanson
371003,2021-01-25,20/21,3709,281,Getafe,Man City,$0.00,"$3,000,000.00",-100.00%,Ante Palaversa
399997,2021-01-25,20/21,200,281,Utrecht,Man City,$0.00,"$700,000.00",-100.00%,Daniel Arzani
504581,2021-01-25,20/21,990,543,Coventry,Wolves,$0.00,"$1,300,000.00",-100.00%,Ryan Giles
122155,2021-01-23,20/21,681,543,Real Sociedad,Wolves,$0.00,"$20,000,000.00",-100.00%,Willian José
128969,2021-01-22,20/21,1237,11,Brighton,Arsenal,$0.00,"$8,000,000.00",-100.00%,Mathew Ryan
420002,2021-01-21,20/21,39,873,Mainz,Crystal Palace,$0.00,"$15,000,000.00",-100.00%,Jean-Philippe Mateta
286919,2021-01-16,20/21,2454,180,Doncaster,Southampton,$0.00,"$1,600,000.00",-100.00%,Josh Sims
176485,2021-01-14,20/21,2425,631,Rio Ave,Chelsea,$0.00,"$900,000.00",-100.00%,Lucas Piazón
559794,2021-01-14,20/21,148,512,Tottenham,Stoke City,$0.00,"$5,400,000.00",-100.00%,Jack Clarke
661053,2021-01-14,20/21,29,164,Everton,Blackburn,$0.00,"$2,000,000.00",-100.00%,Jarrad Branthwaite
543164,2021-01-12,20/21,350,512,Sheff Utd,Stoke City,$0.00,"$500,000.00",-100.00%,Rhys Norrington-Davies
14044,2021-01-09,20/21,512,984,Stoke City,West Brom,$0.00,"$250,000.00",-100.00%,Andy Lonergan
238585,2021-01-07,20/21,2288,355,Swansea,Bolton,$0.00,"$400,000.00",-100.00%,Declan John
265078,2021-01-07,20/21,430,543,Fiorentina,Wolves,$0.00,"$12,000,000.00",-100.00%,Patrick Cutrone
404384,2021-01-07,20/21,33,512,FC Schalke 04,Stoke City,$0.00,"$8,000,000.00",-100.00%,Rabbi Matondo
260841,2021-01-06,20/21,2727,1003,OH Leuven,Leicester,$0.00,"$600,000.00",-100.00%,Daniel Iversen
293168,2021-01-06,20/21,603,1003,Cardiff,Leicester,$0.00,"$5,000,000.00",-100.00%,Filip Benkovic
429014,2021-01-06,20/21,2288,543,Swansea,Wolves,$0.00,"$6,000,000.00",-100.00%,Morgan Gibbs-White
536835,2021-01-02,20/21,800,985,Atalanta,Man Utd,"$27,300,000.00","$15,000,000.00",82.00%,Amad Diallo
503977,2021-01-01,20/21,9265,281,Man City U23,Man City,,"$2,300,000.00",-100.00%,Taylor Harwood-Bellis
511815,2021-01-01,20/21,24226,543,Wolves U21,Wolves,,"$1,500,000.00",-100.00%,Owen Otasowie
542690,2021-01-01,20/21,1177,379,Silkeborg IF,West Ham,"$1,600,000.00","$400,000.00",300.00%,Frederik Alves
357158,2020-12-31,20/21,683,543,Olympiacos,Wolves,$0.00,"$9,000,000.00",-100.00%,Rúben Vinagre
171382,2020-12-21,20/21,26069,5551,Al-Qadsiah,Newcastle,,"$325,000.00",-100.00%,Jack Duncan
14044,2020-12-02,20/21,515,512,Without Club,Stoke City,,"$250,000.00",-100.00%,Andy Lonergan
795253,2020-12-01,20/21,26208,5551,Newcastle U21,Newcastle,,"$50,000.00",-100.00%,Lucas Mauragis
12359,2020-11-27,20/21,515,512,Without Club,Stoke City,,"$250,000.00",-100.00%,Niki Mäenpää
91854,2020-10-16,20/21,399,164,Leeds,Blackburn,$0.00,"$2,000,000.00",-100.00%,Barry Douglas
93831,2020-10-16,20/21,1123,164,Norwich,Blackburn,$0.00,"$2,800,000.00",-100.00%,Tom Trybull
128899,2020-10-16,20/21,512,873,Stoke City,Crystal Palace,"$1,100,000.00","$3,500,000.00",-68.57%,Jack Butland
201574,2020-10-16,20/21,180,512,Southampton,Stoke City,$0.00,"$4,000,000.00",-100.00%,Angus Gunn
290532,2020-10-16,20/21,1148,379,Brentford,West Ham,$0.00,"$22,000,000.00",-100.00%,Saïd Benrahma
565822,2020-10-16,20/21,9252,164,Liverpool U23,Blackburn,$0.00,"$4,000,000.00",-100.00%,Harvey Elliott
85177,2020-10-14,20/21,31,873,Liverpool,Crystal Palace,$0.00,"$8,000,000.00",-100.00%,Nathaniel Clyne
121477,2020-10-12,20/21,1010,379,Watford,West Ham,$0.00,"$4,800,000.00",-100.00%,Craig Dawson
335461,2020-10-08,20/21,504,543,Grasshoppers,Wolves,$0.00,"$350,000.00",-100.00%,Renat Dadashov
448337,2020-10-08,20/21,25580,5551,Melbourne City,Newcastle,$0.00,"$150,000.00",-100.00%,Ramy Najjarine
366217,2020-10-06,20/21,675,164,Slavia Sofia,Blackburn,"$110,000.00","$350,000.00",-68.57%,Antonis Stergiakis
48280,2020-10-05,20/21,583,985,PSG,Man Utd,$0.00,"$20,000,000.00",-100.00%,Edinson Cavani
75458,2020-10-05,20/21,12,29,Roma,Everton,$0.00,"$5,000,000.00",-100.00%,Robin Olsen
202886,2020-10-05,20/21,631,931,Chelsea,Fulham,$0.00,"$24,000,000.00",-100.00%,Ruben Loftus-Cheek
230784,2020-10-05,20/21,13,11,Atlético,Arsenal,"$50,000,000.00","$40,000,000.00",25.00%,Thomas Partey
255755,2020-10-05,20/21,720,985,Porto,Man Utd,"$15,000,000.00","$40,000,000.00",-62.50%,Alex Telles
258878,2020-10-05,20/21,9265,931,Man City U23,Fulham,"$1,650,000.00","$2,800,000.00",-41.07%,Tosin Adarabioyo
260827,2020-10-05,20/21,1041,931,Lyon,Fulham,$0.00,"$16,000,000.00",-100.00%,Joachim Andersen
343475,2020-10-05,20/21,1123,29,Norwich,Everton,"$27,500,000.00","$16,000,000.00",71.88%,Ben Godfrey
676318,2020-10-05,20/21,861,985,Peñarol,Man Utd,"$8,650,000.00","$1,800,000.00",380.56%,Facundo Pellistri
439629,2020-10-04,20/21,3938,281,CA Talleres,Man City,"$6,500,000.00","$6,700,000.00",-2.99%,Nahuel Bustos
578391,2020-10-04,20/21,1420,543,Angers SCO,Wolves,$0.00,"$20,000,000.00",-100.00%,Rayan Aït-Nouri
157672,2020-10-02,20/21,62,379,Slavia Praha,West Ham,"$6,000,000.00","$2,000,000.00",200.00%,Vladimír Coufal
475411,2020-10-02,20/21,618,1003,Saint-Étienne,Leicester,"$35,000,000.00","$10,000,000.00",250.00%,Wesley Fofana
131978,2020-09-30,20/21,631,405,Chelsea,Aston Villa,$0.00,"$21,500,000.00",-100.00%,Ross Barkley
406040,2020-09-30,20/21,23826,931,Leipzig,Fulham,$0.00,"$10,000,000.00",-100.00%,Ademola Lookman
258004,2020-09-29,20/21,294,281,Benfica,Man City,"$71,600,000.00","$35,000,000.00",104.57%,Rúben Dias
261988,2020-09-29,20/21,294,984,Benfica,West Brom,$0.00,"$3,200,000.00",-100.00%,Filip Krovinovic
662334,2020-09-29,20/21,14702,31,Fluminense U20,Liverpool,"$750,000.00","$100,000.00",650.00%,Marcelo Pitaluga
442531,2020-09-24,20/21,273,631,Stade Rennais,Chelsea,"$24,000,000.00","$7,000,000.00",242.86%,Edouard Mendy
231572,2020-09-23,20/21,131,543,Barcelona,Wolves,"$32,000,000.00","$40,000,000.00",-20.00%,Nélson Semedo
205657,2020-09-21,20/21,2969,11,Dijon,Arsenal,"$2,000,000.00","$1,200,000.00",66.67%,Rúnar Alex Rúnarsson
238407,2020-09-21,20/21,449,873,Trabzonspor,Crystal Palace,$0.00,"$20,000,000.00",-100.00%,Alexander Sørloth
341647,2020-09-20,20/21,12,1003,Roma,Leicester,$0.00,"$23,000,000.00",-100.00%,Cengiz Ünder
131996,2020-09-19,20/21,1041,405,Lyon,Aston Villa,"$18,400,000.00","$9,500,000.00",93.68%,Bertrand Traoré
197642,2020-09-19,20/21,1091,641,PAOK,Middlesbrough,"$4,320,000.00","$3,200,000.00",35.00%,Chuba Akpom
340950,2020-09-19,20/21,543,31,Wolves,Liverpool,"$44,700,000.00","$28,000,000.00",59.64%,Diogo Jota
485583,2020-09-19,20/21,9252,543,Liverpool U23,Wolves,"$9,800,000.00","$3,600,000.00",172.22%,Ki-Jana Hoever
60444,2020-09-18,20/21,27,31,Bayern Munich,Liverpool,"$22,000,000.00","$48,000,000.00",-54.17%,Thiago Alcántara
488362,2020-09-17,20/21,9250,984,Chelsea U23,West Brom,$0.00,"$5,400,000.00",-100.00%,Conor Gallagher
111873,2020-09-16,20/21,11,405,Arsenal,Aston Villa,"$17,400,000.00","$8,000,000.00",117.50%,Emiliano Martínez
123551,2020-09-11,20/21,1071,641,Wigan,Middlesbrough,,"$1,200,000.00",-100.00%,Sam Morsy
236490,2020-09-11,20/21,416,931,Torino,Fulham,$0.00,"$7,000,000.00",-100.00%,Ola Aina
116648,2020-09-10,20/21,931,641,Fulham,Middlesbrough,$0.00,"$1,600,000.00",-100.00%,Marcus Bettinelli
179184,2020-09-10,20/21,631,873,Chelsea,Crystal Palace,$0.00,"$14,000,000.00",-100.00%,Michy Batshuayi
206746,2020-09-10,20/21,1041,931,Lyon,Fulham,"$3,200,000.00","$5,500,000.00",-41.82%,Kenny Tete
487469,2020-09-10,20/21,720,543,Porto,Wolves,$0.00,"$5,000,000.00",-100.00%,Vitinha
120629,2020-09-09,20/21,583,931,PSG,Fulham,$0.00,"$13,000,000.00",-100.00%,Alphonse Areola
324358,2020-09-09,20/21,1148,405,Brentford,Aston Villa,"$34,000,000.00","$12,000,000.00",183.33%,Ollie Watkins
469958,2020-09-09,20/21,349,512,Barnsley FC,Stoke City,"$2,200,000.00","$900,000.00",144.44%,Jacob Brown
127187,2020-09-08,20/21,1010,29,Watford,Everton,"$22,000,000.00","$20,000,000.00",10.00%,Abdoulaye Doucouré
346018,2020-09-08,20/21,1123,762,Norwich,Newcastle,"$16,500,000.00","$11,000,000.00",50.00%,Jamal Lewis
88103,2020-09-07,20/21,418,29,Real Madrid,Everton,$0.00,"$32,000,000.00",-100.00%,James Rodríguez
123682,2020-09-07,20/21,989,762,Bournemouth,Newcastle,"$22,250,000.00","$20,000,000.00",11.25%,Callum Wilson
146795,2020-09-07,20/21,989,762,Bournemouth,Newcastle,$0.00,"$17,500,000.00",-100.00%,Ryan Fraser
126422,2020-09-05,20/21,6195,29,Napoli,Everton,"$24,600,000.00","$28,000,000.00",-12.14%,Allan
505653,2020-09-05,20/21,720,543,Porto,Wolves,"$40,000,000.00","$12,000,000.00",233.33%,Fábio Silva
309400,2020-09-04,20/21,15,631,Leverkusen,Chelsea,"$100,000,000.00","$81,000,000.00",23.46%,Kai Havertz
342048,2020-09-04,20/21,379,984,West Ham,West Brom,"$13,500,000.00","$4,500,000.00",200.00%,Grady Diangana
262226,2020-09-03,20/21,800,1003,Atalanta,Leicester,"$20,900,000.00","$18,000,000.00",16.11%,Timothy Castagne
425334,2020-09-03,20/21,703,405,Nott'm Forest,Aston Villa,"$15,750,000.00","$4,800,000.00",228.13%,Matty Cash
288255,2020-09-02,20/21,610,985,Ajax,Man Utd,"$39,000,000.00","$44,000,000.00",-11.36%,Donny van de Beek
137745,2020-09-01,20/21,1041,543,Lyon,Wolves,"$2,000,000.00","$2,400,000.00",-16.67%,Marçal
435338,2020-09-01,20/21,1082,11,Lille,Arsenal,"$26,000,000.00","$20,000,000.00",30.00%,Gabriel
40433,2020-08-31,19/20,46,985,Inter,Man Utd,$0.00,"$16,000,000.00",-100.00%,Alexis Sánchez
55735,2020-08-31,19/20,12,11,Roma,Arsenal,$0.00,"$20,000,000.00",-100.00%,Henrikh Mkhitaryan
59866,2020-08-31,19/20,46,631,Inter,Chelsea,$0.00,"$6,000,000.00",-100.00%,Victor Moses
81789,2020-08-31,19/20,1038,180,Sampdoria,Southampton,$0.00,"$3,800,000.00",-100.00%,Maya Yoshida
118287,2020-08-31,19/20,430,1003,Fiorentina,Leicester,$0.00,"$5,500,000.00",-100.00%,Rachid Ghezzal
205938,2020-08-31,19/20,800,631,Atalanta,Chelsea,$0.00,"$25,000,000.00",-100.00%,Mario Pašalić
170934,2020-08-30,20/21,180,931,Southampton,Fulham,$0.00,"$10,000,000.00",-100.00%,Mario Lemina
226973,2020-08-30,20/21,180,931,Southampton,Fulham,"$6,500,000.00","$2,400,000.00",170.83%,Harrison Reed
29241,2020-08-28,20/21,583,631,PSG,Chelsea,$0.00,"$4,800,000.00",-100.00%,Thiago Silva
479999,2020-08-28,20/21,1039,873,QPR,Crystal Palace,"$17,800,000.00","$9,000,000.00",97.78%,Eberechi Eze
344596,2020-08-27,20/21,417,631,Nice,Chelsea,$0.00,"$16,000,000.00",-100.00%,Malang Sarr
77757,2020-08-26,20/21,157,164,KAA Gent,Blackburn,"$500,000.00","$2,400,000.00",-79.17%,Thomas Kaminski
316125,2020-08-26,20/21,1003,631,Leicester,Chelsea,"$50,200,000.00","$40,000,000.00",25.50%,Ben Chilwell
148262,2020-08-24,20/21,1132,762,Burnley,Newcastle,$0.00,"$9,000,000.00",-100.00%,Jeff Hendrick
221713,2020-08-24,20/21,7006,5551,Melb. Victory,Newcastle,$0.00,"$475,000.00",-100.00%,James Donachie
196722,2020-08-21,20/21,355,289,Bolton,Sunderland,$0.00,"$300,000.00",-100.00%,Remi Matthews
349701,2020-08-20,20/21,1071,931,Wigan,Fulham,"$2,100,000.00","$3,500,000.00",-40.00%,Antonee Robinson
225984,2020-08-17,20/21,336,984,Sporting,West Brom,"$8,250,000.00","$9,500,000.00",-13.16%,Matheus Pereira
52769,2020-08-14,20/21,631,11,Chelsea,Arsenal,$0.00,"$22,500,000.00",-100.00%,Willian
563963,2020-08-12,20/21,366,180,Real Valladolid,Southampton,"$12,000,000.00","$12,000,000.00",0.00%,Mohammed Salisu
341051,2020-08-11,20/21,148,180,Tottenham,Southampton,"$13,300,000.00","$8,000,000.00",66.25%,Kyle Walker-Peters
338070,2020-08-10,20/21,683,31,Olympiacos,Liverpool,"$13,000,000.00","$9,000,000.00",44.44%,Konstantinos Tsimikas
409106,2020-08-10,19/20,3709,512,Getafe,Stoke City,$0.00,"$4,000,000.00",-100.00%,Peter Etebo
177476,2020-08-05,20/21,989,281,Bournemouth,Man City,"$45,300,000.00","$28,000,000.00",61.79%,Nathan Aké
226973,2020-08-05,19/20,931,180,Fulham,Southampton,$0.00,"$2,400,000.00",-100.00%,Harrison Reed
173859,2020-08-04,19/20,12,631,Roma,Chelsea,$0.00,"$12,000,000.00",-100.00%,Davide Zappacosta
398184,2020-08-04,20/21,1049,281,Valencia,Man City,"$33,500,000.00","$45,000,000.00",-25.56%,Ferran Torres
103427,2020-08-03,19/20,12,985,Roma,Man Utd,$0.00,"$16,000,000.00",-100.00%,Chris Smalling
160438,2020-08-03,19/20,114,11,Besiktas,Arsenal,$0.00,"$5,000,000.00",-100.00%,Mohamed Elneny
170934,2020-08-03,19/20,141,180,Galatasaray,Southampton,$0.00,"$10,500,000.00",-100.00%,Mario Lemina
211325,2020-08-03,19/20,449,512,Trabzonspor,Stoke City,$0.00,"$6,800,000.00",-100.00%,Badou Ndiaye
258919,2020-08-01,20/21,9251,985,Man Utd U23,Man Utd,,"$20,000,000.00",-100.00%,Dean Henderson
392765,2020-08-01,20/21,9249,11,Arsenal U23,Arsenal,,"$2,700,000.00",-100.00%,Emile Smith Rowe
48870,2020-07-31,19/20,1110,29,Huddersfield,Everton,$0.00,"$3,200,000.00",-100.00%,Jonas Lössl
87856,2020-07-31,19/20,3329,543,Famalicão,Wolves,$0.00,"$1,200,000.00",-100.00%,Roderick Miranda
199527,2020-07-31,19/20,1035,762,Sheff Wed,Newcastle,$0.00,"$3,500,000.00",-100.00%,Jacob Murphy
205757,2020-07-31,19/20,2300,11,Jagiellonia,Arsenal,$0.00,"$300,000.00",-100.00%,Dejan Iliev
226049,2020-07-31,19/20,2288,762,Swansea,Newcastle,$0.00,"$3,200,000.00",-100.00%,Freddie Woodman
242606,2020-07-31,19/20,358,379,Charlton,West Ham,$0.00,"$1,200,000.00",-100.00%,Josh Cullen
279455,2020-07-31,19/20,989,31,Bournemouth,Liverpool,$0.00,"$17,500,000.00",-100.00%,Harry Wilson
293168,2020-07-31,19/20,698,1003,Bristol City,Leicester,$0.00,"$7,000,000.00",-100.00%,Filip Benkovic
309841,2020-07-31,19/20,358,405,Charlton,Aston Villa,$0.00,"$1,800,000.00",-100.00%,Andre Green
314288,2020-07-31,19/20,641,281,Middlesbrough,Man City,$0.00,"$3,600,000.00",-100.00%,Lukas Nmecha
337284,2020-07-31,19/20,1032,31,Reading,Liverpool,$0.00,"$3,200,000.00",-100.00%,Ovie Ejaria
342048,2020-07-31,19/20,984,379,West Brom,West Ham,$0.00,"$4,500,000.00",-100.00%,Grady Diangana
392757,2020-07-31,19/20,2288,631,Swansea,Chelsea,$0.00,"$2,700,000.00",-100.00%,Marc Guéhi
649452,2020-07-29,20/21,354,281,KV Mechelen,Man City,"$4,500,000.00","$1,300,000.00",246.15%,Issa Kaboré
283628,2020-07-27,20/21,62,379,Slavia Praha,West Ham,"$16,200,000.00","$12,000,000.00",35.00%,Tomáš Souček
507254,2020-07-27,20/21,984,873,West Brom,Crystal Palace,$0.00,"$4,000,000.00",-100.00%,Nathan Ferguson
245893,2020-07-23,19/20,1032,631,Reading,Chelsea,$0.00,"$2,000,000.00",-100.00%,Matt Miazga
258916,2020-07-23,19/20,1071,29,Wigan,Everton,$0.00,"$2,000,000.00",-100.00%,Kieran Dowell
324223,2020-07-23,19/20,1031,405,Luton,Aston Villa,$0.00,"$1,200,000.00",-100.00%,James Bree
184672,2020-07-20,19/20,1244,180,CD Leganés,Southampton,$0.00,"$4,800,000.00",-100.00%,Guido Carrillo
199369,2020-07-20,19/20,366,29,Real Valladolid,Everton,$0.00,"$3,200,000.00",-100.00%,Sandro Ramírez
341317,2020-07-20,19/20,1108,984,Alavés,West Brom,$0.00,"$4,800,000.00",-100.00%,Oliver Burke
354361,2020-07-20,19/20,1050,931,Villarreal,Fulham,$0.00,"$20,000,000.00",-100.00%,Frank Anguissa
553875,2020-07-20,19/20,366,281,Real Valladolid,Man City,$0.00,"$9,000,000.00",-100.00%,Pedro Porro
415912,2020-07-12,19/20,4,11,1.FC Nuremberg,Arsenal,$0.00,"$2,400,000.00",-100.00%,Konstantinos Mavropanos
298091,2020-07-07,19/20,11177,512,Fleetwood,Stoke City,$0.00,"$200,000.00",-100.00%,Harry Souttar
142389,2020-07-03,20/21,987,762,Motherwell FC,Newcastle,$0.00,"$400,000.00",-100.00%,Mark Gillespie
112988,2020-07-01,20/21,180,11,Southampton,Arsenal,$0.00,"$8,000,000.00",-100.00%,Cédric Soares
170527,2020-07-01,20/21,23826,631,Leipzig,Chelsea,"$53,000,000.00","$64,000,000.00",-17.19%,Timo Werner
210178,2020-07-01,20/21,614,11,Flamengo,Arsenal,"$6,000,000.00","$4,800,000.00",25.00%,Pablo Marí
217111,2020-07-01,20/21,610,631,Ajax,Chelsea,"$40,000,000.00","$40,000,000.00",0.00%,Hakim Ziyech
260841,2020-07-01,20/21,39341,1003,Leicester U23,Leicester,,"$400,000.00",-100.00%,Daniel Iversen
329813,2020-07-01,20/21,9261,29,Everton U23,Everton,,"$150,000.00",-100.00%,João Virgínia
433188,2020-07-01,20/21,9252,31,Liverpool U23,Liverpool,,"$1,800,000.00",-100.00%,Curtis Jones
505219,2020-07-01,20/21,9251,985,Man Utd U23,Man Utd,,"$2,700,000.00",-100.00%,James Garner
627228,2020-07-01,20/21,776,281,Coritiba FC,Man City,"$6,000,000.00","$3,600,000.00",66.67%,Yan Couto
56810,2020-06-30,19/20,162,1003,Monaco,Leicester,$0.00,"$8,000,000.00",-100.00%,Adrien Silva
93176,2020-06-30,19/20,288,985,Estudiantes LP,Man Utd,$0.00,"$8,000,000.00",-100.00%,Marcos Rojo
112988,2020-06-30,19/20,11,180,Arsenal,Southampton,$0.00,"$8,000,000.00",-100.00%,Cédric Soares
128223,2020-06-30,19/20,13,631,Atlético,Chelsea,$0.00,"$36,000,000.00",-100.00%,Álvaro Morata
173900,2020-06-30,19/20,399,543,Leeds,Wolves,$0.00,"$8,000,000.00",-100.00%,Hélder Costa
174915,2020-06-30,19/20,162,1003,Monaco,Leicester,$0.00,"$6,500,000.00",-100.00%,Islam Slimani
182618,2020-06-30,19/20,162,631,Monaco,Chelsea,$0.00,"$25,500,000.00",-100.00%,Tiemoué Bakayoko
221624,2020-06-30,19/20,38,281,F. Düsseldorf,Man City,$0.00,"$6,000,000.00",-100.00%,Zack Steffen
222813,2020-06-30,19/20,44,31,Hertha BSC,Liverpool,$0.00,"$14,500,000.00",-100.00%,Marko Grujić
224884,2020-06-30,19/20,237,631,RCD Mallorca,Chelsea,$0.00,"$2,400,000.00",-100.00%,Abdul Rahman Baba
253765,2020-06-30,19/20,1096,180,Royal Antwerp,Southampton,$0.00,"$6,500,000.00",-100.00%,Wesley Hoedt
258883,2020-06-30,19/20,33,29,FC Schalke 04,Everton,$0.00,"$9,500,000.00",-100.00%,Jonjoe Kenny
261504,2020-06-30,19/20,29228,281,Mouscron,Man City,$0.00,"$3,200,000.00",-100.00%,Aleix García
281404,2020-06-30,19/20,3709,631,Getafe,Chelsea,$0.00,"$9,500,000.00",-100.00%,Kenedy
286919,2020-06-30,19/20,623,180,New York,Southampton,$0.00,"$1,600,000.00",-100.00%,Josh Sims
295313,2020-06-30,19/20,39,31,Mainz,Liverpool,$0.00,"$3,200,000.00",-100.00%,Taiwo Awoniyi
340460,2020-06-30,19/20,58,281,RSC Anderlecht,Man City,$0.00,"$3,500,000.00",-100.00%,Philippe Sandler
345654,2020-06-30,19/20,7378,281,Portimonense,Man City,$0.00,"$325,000.00",-100.00%,Marlos Moreno
355816,2020-06-30,19/20,202,281,FC Groningen,Man City,$0.00,"$800,000.00",-100.00%,Ko Itakura
364861,2020-06-30,19/20,1416,1003,Amiens SC,Leicester,$0.00,"$2,200,000.00",-100.00%,Fousseni Diabaté
371003,2020-06-30,19/20,2861,281,KV Oostende,Man City,$0.00,"$3,600,000.00",-100.00%,Ante Palaversa
371814,2020-06-30,19/20,79,31,VfB Stuttgart,Liverpool,$0.00,"$800,000.00",-100.00%,Nathaniel Phillips
392771,2020-06-30,19/20,23826,631,Leipzig,Chelsea,$0.00,"$9,000,000.00",-100.00%,Ethan Ampadu
399997,2020-06-30,19/20,371,281,Celtic,Man City,$0.00,"$900,000.00",-100.00%,Daniel Arzani
429790,2020-06-30,19/20,132,281,NAC Breda,Man City,$0.00,"$1,200,000.00",-100.00%,Luka Ilic
495666,2020-06-30,19/20,618,11,Saint-Étienne,Arsenal,$0.00,"$22,500,000.00",-100.00%,William Saliba
505652,2020-06-30,19/20,6621,281,Cukaricki,Man City,$0.00,"$3,000,000.00",-100.00%,Slobodan Tedic
349300,2020-06-11,19/20,2844,379,Norrköping,West Ham,$0.00,"$1,000,000.00",-100.00%,Sead Haksabanovic
52570,2020-05-31,19/20,371,180,Celtic,Southampton,$0.00,"$6,500,000.00",-100.00%,Fraser Forster
93905,2020-05-31,19/20,350,29,Sheff Utd,Everton,$0.00,"$2,400,000.00",-100.00%,Muhamed Besic
195628,2020-05-31,19/20,34888,289,Salford,Sunderland,$0.00,"$325,000.00",-100.00%,Jack Baldwin
236510,2020-05-31,19/20,124,31,Rangers,Liverpool,$0.00,"$1,600,000.00",-100.00%,Sheyi Ojo
258879,2020-05-31,19/20,1078,985,Oldham Athletic,Man Utd,$0.00,"$800,000.00",-100.00%,Cameron Borthwick-Jackson
279471,2020-05-31,19/20,3054,164,Shrewsbury,Blackburn,$0.00,"$250,000.00",-100.00%,Sam Hart
337787,2020-05-31,19/20,1181,543,Blackpool,Wolves,$0.00,"$450,000.00",-100.00%,Connor Ronan
340310,2020-05-31,19/20,1181,641,Blackpool,Middlesbrough,$0.00,"$400,000.00",-100.00%,Marc Bola
371021,2020-05-31,19/20,703,281,Nott'm Forest,Man City,$0.00,"$1,800,000.00",-100.00%,Arijanet Murić
426666,2020-05-31,19/20,43,281,Heart of Midl.,Man City,$0.00,"$450,000.00",-100.00%,Ryotaro Meshino
85864,2020-05-04,19/20,114,31,Besiktas,Liverpool,$0.00,"$3,200,000.00",-100.00%,Loris Karius
75471,2020-04-22,19/20,336,29,Sporting,Everton,$0.00,"$4,800,000.00",-100.00%,Yannick Bolasie
45671,2020-03-05,19/20,873,29,Crystal Palace,Everton,$0.00,"$15,000,000.00",-100.00%,Cenk Tosun
54381,2020-02-21,19/20,515,289,Without Club,Sunderland,,"$800,000.00",-100.00%,Tommy Smith
130756,2020-02-21,19/20,1005,512,Lecce,Stoke City,$0.00,"$3,500,000.00",-100.00%,Giannelli Imbula
423744,2020-02-11,19/20,9250,631,Chelsea U23,Chelsea,,"$3,000,000.00",-100.00%,Billy Gilmour
37920,2020-01-31,19/20,3008,984,Hull City,West Brom,"$950,000.00","$4,000,000.00",-76.25%,Kamil Grosicki
112988,2020-01-31,19/20,180,11,Southampton,Arsenal,$0.00,"$10,000,000.00",-100.00%,Cédric Soares
128907,2020-01-31,19/20,350,641,Sheff Utd,Middlesbrough,$0.00,"$750,000.00",-100.00%,Ravel Morrison
238585,2020-01-31,19/20,2288,289,Swansea,Sunderland,$0.00,"$800,000.00",-100.00%,Declan John
272636,2020-01-31,19/20,618,641,Saint-Étienne,Middlesbrough,$0.00,"$4,000,000.00",-100.00%,Harold Moukoudi
314875,2020-01-31,19/20,3008,379,Hull City,West Ham,"$21,300,000.00","$10,000,000.00",113.00%,Jarrod Bowen
583255,2020-01-31,19/20,698,289,Bristol City,Sunderland,$0.00,"$500,000.00",-100.00%,Antoine Semenyo
256977,2020-01-30,19/20,683,543,Olympiacos,Wolves,"$19,600,000.00","$6,000,000.00",226.67%,Daniel Podence
210178,2020-01-29,19/20,614,11,Flamengo,Arsenal,$0.00,"$1,800,000.00",-100.00%,Pablo Marí
240306,2020-01-29,19/20,336,985,Sporting,Man Utd,"$65,000,000.00","$60,000,000.00",8.33%,Bruno Fernandes
283628,2020-01-29,19/20,62,379,Slavia Praha,West Ham,$0.00,"$10,000,000.00",-100.00%,Tomáš Souček
341051,2020-01-29,19/20,148,180,Tottenham,Southampton,$0.00,"$10,000,000.00",-100.00%,Kyle Walker-Peters
186186,2020-01-24,19/20,603,931,Cardiff,Fulham,"$8,900,000.00","$10,000,000.00",-11.00%,Bobby De Cordova-Reid
186368,2020-01-24,19/20,46,762,Inter,Newcastle,$0.00,"$19,000,000.00",-100.00%,Valentino Lazaro
59866,2020-01-22,19/20,36,631,Fenerbahce,Chelsea,$0.00,"$8,500,000.00",-100.00%,Victor Moses
245537,2020-01-21,19/20,33,762,FC Schalke 04,Newcastle,$0.00,"$5,000,000.00",-100.00%,Nabil Bentaleb
606872,2020-01-21,19/20,3523,543,Barcelona SC,Wolves,$0.00,"$2,000,000.00",-100.00%,Leonardo Campana
182201,2020-01-20,19/20,1184,405,Genk,Aston Villa,"$10,500,000.00","$12,000,000.00",-12.50%,Ally Samatta
321169,2020-01-17,19/20,1181,512,Blackpool,Stoke City,,"$100,000.00",-100.00%,Jordan Thompson
115989,2020-01-16,19/20,257,641,FC St. Gallen,Middlesbrough,"$1,100,000.00","$900,000.00",22.22%,Dejan Stojanovic
51321,2020-01-15,19/20,641,379,Middlesbrough,West Ham,"$4,700,000.00","$4,500,000.00",4.44%,Darren Randolph
7825,2020-01-13,19/20,5,405,AC Milan,Aston Villa,$0.00,"$800,000.00",-100.00%,Pepe Reina
361254,2020-01-13,19/20,703,543,Nott'm Forest,Wolves,$0.00,"$3,000,000.00",-100.00%,Rafa Mir
45671,2020-01-10,19/20,29,873,Everton,Crystal Palace,$0.00,"$15,000,000.00",-100.00%,Cenk Tosun
258879,2020-01-09,19/20,1074,985,Tranmere Rovers,Man Utd,$0.00,"$1,000,000.00",-100.00%,Cameron Borthwick-Jackson
149716,2020-01-07,19/20,543,931,Wolves,Fulham,"$11,800,000.00","$10,000,000.00",18.00%,Ivan Cavaleiro
149716,2020-01-06,19/20,931,543,Fulham,Wolves,$0.00,"$10,000,000.00",-100.00%,Ivan Cavaleiro
314288,2020-01-03,19/20,281,641,Man City,Middlesbrough,$0.00,"$4,000,000.00",-100.00%,Lukas Nmecha
258916,2020-01-02,19/20,22,29,Derby,Everton,$0.00,"$3,000,000.00",-100.00%,Kieran Dowell
314288,2020-01-02,19/20,82,281,Wolfsburg,Man City,$0.00,"$4,000,000.00",-100.00%,Lukas Nmecha
338673,2020-01-02,19/20,355,512,Bolton,Stoke City,$0.00,"$250,000.00",-100.00%,Thibaud Verlinden
340324,2020-01-02,19/20,399,11,Leeds,Arsenal,$0.00,"$8,000,000.00",-100.00%,Eddie Nketiah
165793,2020-01-01,19/20,409,31,Salzburg,Liverpool,"$8,500,000.00","$12,500,000.00",-32.00%,Takumi Minamino
293283,2020-01-01,19/20,24226,543,Wolves U23,Wolves,,"$100,000.00",-100.00%,Oskar Buur
309841,2020-01-01,19/20,466,405,Preston,Aston Villa,$0.00,"$2,000,000.00",-100.00%,Andre Green
392757,2020-01-01,19/20,9250,631,Chelsea U23,Chelsea,,"$1,500,000.00",-100.00%,Marc Guéhi
505652,2020-01-01,19/20,6621,281,Cukaricki,Man City,"$3,000,000.00","$2,000,000.00",50.00%,Slobodan Tedic
205757,2019-12-31,19/20,31297,11,SKF Sered,Arsenal,$0.00,"$300,000.00",-100.00%,Dejan Iliev
335461,2019-12-31,19/20,2995,543,Paços Ferreira,Wolves,$0.00,"$400,000.00",-100.00%,Renat Dadashov
337787,2019-12-31,19/20,4529,543,Dunajska Streda,Wolves,$0.00,"$500,000.00",-100.00%,Connor Ronan
371814,2019-12-31,19/20,79,31,VfB Stuttgart,Liverpool,$0.00,"$800,000.00",-100.00%,Nathaniel Phillips
385271,2019-12-31,19/20,2462,31,Fluminense,Liverpool,$0.00,"$2,000,000.00",-100.00%,Allan
55508,2019-09-19,19/20,515,164,Without Club,Blackburn,,"$1,500,000.00",-100.00%,Lewis Holtby
79620,2019-09-02,19/20,2454,355,Doncaster,Bolton,$0.00,"$700,000.00",-100.00%,Ali Crawford
110668,2019-09-02,19/20,399,289,Leeds,Sunderland,$0.00,"$1,000,000.00",-100.00%,Laurens De Bock
338673,2019-09-02,19/20,512,355,Stoke City,Bolton,$0.00,"$250,000.00",-100.00%,Thibaud Verlinden
14044,2019-08-12,19/20,641,31,Middlesbrough,Liverpool,$0.00,"$250,000.00",-100.00%,Andy Lonergan
14555,2019-08-08,19/20,22,281,Derby,Man City,$0.00,"$2,000,000.00",-100.00%,Scott Carson
45333,2019-08-08,19/20,29,873,Everton,Crystal Palace,"$3,300,000.00","$5,000,000.00",-34.00%,James McCarthy
129588,2019-08-08,19/20,1038,1003,Sampdoria,Leicester,"$19,200,000.00","$24,000,000.00",-20.00%,Dennis Praet
184528,2019-08-08,19/20,1416,762,Amiens SC,Newcastle,"$5,400,000.00","$2,500,000.00",116.00%,Emil Krafth
186186,2019-08-08,19/20,603,931,Cardiff,Fulham,$0.00,"$10,000,000.00",-100.00%,Bobby De Cordova-Reid
195906,2019-08-08,19/20,26,379,Basel,West Ham,"$11,300,000.00","$7,000,000.00",61.43%,Albian Ajeti
225984,2019-08-08,19/20,336,984,Sporting,West Brom,$0.00,"$5,500,000.00",-100.00%,Matheus Pereira
226973,2019-08-08,19/20,180,931,Southampton,Fulham,$0.00,"$2,000,000.00",-100.00%,Harrison Reed
242631,2019-08-08,19/20,11,29,Arsenal,Everton,"$30,400,000.00","$25,000,000.00",21.60%,Alex Iwobi
263236,2019-08-08,19/20,167,180,Augsburg,Southampton,$0.00,"$8,000,000.00",-100.00%,Kevin Danso
300716,2019-08-08,19/20,371,11,Celtic,Arsenal,"$27,000,000.00","$12,500,000.00",116.00%,Kieran Tierney
341049,2019-08-08,19/20,148,512,Tottenham,Stoke City,$0.00,"$1,500,000.00",-100.00%,Cameron Carter-Vickers
342048,2019-08-08,19/20,379,984,West Ham,West Brom,$0.00,"$5,000,000.00",-100.00%,Grady Diangana
426666,2019-08-08,19/20,596,281,Gamba Osaka,Man City,"$1,000,000.00","$500,000.00",100.00%,Ryotaro Meshino
553875,2019-08-08,19/20,12321,281,Girona,Man City,"$12,000,000.00","$10,000,000.00",20.00%,Pedro Porro
161869,2019-08-07,19/20,162,29,Monaco,Everton,$0.00,"$15,000,000.00",-100.00%,Djibril Sidibé
182712,2019-08-07,19/20,506,281,Juventus,Man City,"$65,000,000.00","$55,000,000.00",18.18%,João Cancelo
55742,2019-08-06,19/20,989,931,Bournemouth,Fulham,$0.00,"$7,000,000.00",-100.00%,Harry Arter
335461,2019-08-06,19/20,1465,543,Estoril,Wolves,"$500,000.00","$225,000.00",122.22%,Renat Dadashov
71271,2019-08-05,19/20,379,31,West Ham,Liverpool,$0.00,"$3,500,000.00",-100.00%,Adrián San Miguel
177907,2019-08-05,19/20,1003,985,Leicester,Man Utd,"$87,000,000.00","$50,000,000.00",74.00%,Harry Maguire
364135,2019-08-04,19/20,506,29,Juventus,Everton,"$27,500,000.00","$40,000,000.00",-31.25%,Moise Kean
146258,2019-08-02,19/20,24,762,Frankfurt,Newcastle,$0.00,"$5,000,000.00",-100.00%,Jetro Willems
182894,2019-08-02,19/20,39,29,Mainz,Everton,"$25,000,000.00","$28,000,000.00",-10.71%,Jean-Philippe Gbamin
272642,2019-08-02,19/20,417,762,Nice,Newcastle,"$18,000,000.00","$25,000,000.00",-28.00%,Allan Saint-Maximin
415646,2019-08-02,19/20,398,543,Lazio,Wolves,"$8,900,000.00","$1,000,000.00",790.00%,Bruno Jordão
487465,2019-08-02,19/20,398,543,Lazio,Wolves,"$17,900,000.00","$2,500,000.00",616.00%,Pedro Neto
34130,2019-08-01,19/20,1132,405,Burnley,Aston Villa,"$8,800,000.00","$3,000,000.00",193.33%,Tom Heaton
324882,2019-08-01,19/20,2282,405,Club Brugge,Aston Villa,"$12,000,000.00","$6,500,000.00",84.62%,Marvelous Nakamba
343052,2019-08-01,19/20,1082,11,Lille,Arsenal,"$80,000,000.00","$65,000,000.00",23.08%,Nicolas Pépé
258878,2019-07-31,19/20,9265,164,Man City U23,Blackburn,$0.00,"$3,500,000.00",-100.00%,Tosin Adarabioyo
265078,2019-07-30,19/20,5,543,AC Milan,Wolves,"$18,000,000.00","$28,000,000.00",-35.71%,Patrick Cutrone
340310,2019-07-28,19/20,1181,641,Blackpool,Middlesbrough,,"$100,000.00",-100.00%,Marc Bola
251896,2019-07-27,19/20,418,543,Real Madrid,Wolves,$0.00,"$10,000,000.00",-100.00%,Jesús Vallejo
108354,2019-07-25,19/20,2288,873,Swansea,Crystal Palace,"$2,800,000.00","$8,000,000.00",-65.00%,Jordan Ayew
319745,2019-07-25,19/20,418,11,Real Madrid,Arsenal,$0.00,"$30,000,000.00",-100.00%,Dani Ceballos
447661,2019-07-25,19/20,281,405,Man City,Aston Villa,"$16,800,000.00","$2,500,000.00",572.00%,Douglas Luiz
495666,2019-07-25,19/20,618,11,Saint-Étienne,Arsenal,"$30,000,000.00","$12,000,000.00",150.00%,William Saliba
234189,2019-07-24,19/20,10484,405,Kasimpasa,Aston Villa,"$10,000,000.00","$6,000,000.00",66.67%,Trezeguet
333241,2019-07-23,19/20,533,762,Hoffenheim,Newcastle,"$43,500,000.00","$35,000,000.00",24.29%,Joelinton
251912,2019-07-20,19/20,1194,984,Rotherham,West Brom,"$1,650,000.00","$1,000,000.00",65.00%,Semi Ajayi
181375,2019-07-17,19/20,24,379,Frankfurt,West Ham,"$50,000,000.00","$40,000,000.00",25.00%,Sébastien Haller
193469,2019-07-16,19/20,1421,405,Stade Reims,Aston Villa,"$8,000,000.00","$6,000,000.00",33.33%,Björn Engels
149716,2019-07-13,19/20,543,931,Wolves,Fulham,$0.00,"$10,000,000.00",-100.00%,Ivan Cavaleiro
413403,2019-07-11,19/20,1148,405,Brentford,Aston Villa,"$13,300,000.00","$3,500,000.00",280.00%,Ezri Konsa
221624,2019-07-09,19/20,813,281,Columbus Crew,Man City,"$6,820,000.00","$5,000,000.00",36.40%,Zack Steffen
249565,2019-07-08,19/20,162,1003,Monaco,Leicester,"$45,000,000.00","$38,000,000.00",18.42%,Youri Tielemans
253677,2019-07-08,19/20,989,405,Bournemouth,Aston Villa,"$22,300,000.00","$5,000,000.00",346.00%,Tyrone Mings
261988,2019-07-05,19/20,294,984,Benfica,West Brom,$0.00,"$5,000,000.00",-100.00%,Filip Krovinovic
420808,2019-07-05,19/20,2727,1003,OH Leuven,Leicester,,"$500,000.00",-100.00%,George Hirst
246968,2019-07-04,19/20,762,1003,Newcastle,Leicester,"$33,400,000.00","$20,000,000.00",67.00%,Ayoze Pérez
357565,2019-07-04,19/20,13,281,Atlético,Man City,"$70,000,000.00","$80,000,000.00",-12.50%,Rodri
277179,2019-07-03,19/20,383,281,PSV,Man City,"$12,000,000.00","$16,000,000.00",-25.00%,Angeliño
371003,2019-07-02,19/20,447,281,Hajduk Split,Man City,$0.00,"$5,000,000.00",-100.00%,Ante Palaversa
48870,2019-07-01,19/20,1110,29,Huddersfield,Everton,$0.00,"$5,000,000.00",-100.00%,Jonas Lössl
51471,2019-07-01,19/20,418,631,Real Madrid,Chelsea,"$45,000,000.00","$35,000,000.00",28.57%,Mateo Kovacic
121254,2019-07-01,19/20,349,512,Barnsley,Stoke City,$0.00,"$500,000.00",-100.00%,Adam Davies
134294,2019-07-01,19/20,31,180,Liverpool,Southampton,"$25,100,000.00","$15,000,000.00",67.33%,Danny Ings
168157,2019-07-01,19/20,58,543,RSC Anderlecht,Wolves,"$13,800,000.00","$18,000,000.00",-23.33%,Leander Dendoncker
183720,2019-07-01,19/20,1082,405,LOSC Lille,Aston Villa,"$9,000,000.00","$7,500,000.00",20.00%,Anwar El Ghazi
186901,2019-07-01,19/20,9262,931,Fulham U23,Fulham,,"$250,000.00",-100.00%,Marek Rodák
206040,2019-07-01,19/20,294,543,Benfica,Wolves,"$38,000,000.00","$35,000,000.00",8.57%,Raúl Jiménez
221025,2019-07-01,19/20,131,29,Barcelona,Everton,"$25,000,000.00","$28,000,000.00",-10.71%,André Gomes
233124,2019-07-01,19/20,543,405,Wolves,Aston Villa,"$3,400,000.00","$1,000,000.00",240.00%,Kortney Hause
250478,2019-07-01,19/20,180,405,Southampton,Aston Villa,"$15,500,000.00","$7,000,000.00",121.43%,Matt Targett
282199,2019-07-01,19/20,9265,281,Man City U23,Man City,,"$600,000.00",-100.00%,Erik Palmer-Brown
314288,2019-07-01,19/20,9265,281,Man City U23,Man City,,"$1,000,000.00",-100.00%,Lukas Nmecha
319301,2019-07-01,19/20,2288,985,Swansea,Man Utd,"$17,800,000.00","$12,000,000.00",48.33%,Daniel James
340325,2019-07-01,19/20,9249,11,Arsenal U23,Arsenal,,"$17,000,000.00",-100.00%,Reiss Nelson
346483,2019-07-01,19/20,9250,631,Chelsea U23,Chelsea,,"$12,000,000.00",-100.00%,Mason Mount
346779,2019-07-01,19/20,337,180,Birmingham,Southampton,"$16,700,000.00","$7,000,000.00",138.57%,Ché Adams
357885,2019-07-01,19/20,1050,379,Villarreal,West Ham,"$28,000,000.00","$25,000,000.00",12.00%,Pablo Fornals
472423,2019-07-01,19/20,9250,631,Chelsea U23,Chelsea,,"$7,000,000.00",-100.00%,Reece James
477758,2019-07-01,19/20,873,985,Crystal Palace,Man Utd,"$55,000,000.00","$35,000,000.00",57.14%,Aaron Wan-Bissaka
485424,2019-07-01,19/20,3057,180,Standard Liège,Southampton,"$15,700,000.00","$12,000,000.00",30.83%,Moussa Djenepo
541231,2019-07-01,19/20,1269,31,PEC Zwolle,Liverpool,"$1,900,000.00","$2,000,000.00",-5.00%,Sepp van den Berg
55687,2019-06-30,18/19,25580,405,Melbourne City,Aston Villa,$0.00,"$1,300,000.00",-100.00%,Ritchie De Laet
73396,2019-06-30,18/19,6195,11,Napoli,Arsenal,$0.00,"$4,000,000.00",-100.00%,David Ospina
75471,2019-06-30,18/19,58,29,RSC Anderlecht,Everton,$0.00,"$11,000,000.00",-100.00%,Yannick Bolasie
87856,2019-06-30,18/19,683,543,Olympiacos,Wolves,$0.00,"$1,750,000.00",-100.00%,Roderick Miranda
95732,2019-06-30,18/19,1244,641,CD Leganés,Middlesbrough,$0.00,"$8,000,000.00",-100.00%,Martin Braithwaite
104223,2019-06-30,18/19,234,180,Feyenoord,Southampton,$0.00,"$5,500,000.00",-100.00%,Jordy Clasie
111508,2019-06-30,18/19,1244,984,CD Leganés,West Brom,$0.00,"$3,000,000.00",-100.00%,Allan Nyom
112988,2019-06-30,18/19,46,180,Inter,Southampton,$0.00,"$12,000,000.00",-100.00%,Cédric Soares
114365,2019-06-30,18/19,25580,281,Melbourne City,Man City,$0.00,"$500,000.00",-100.00%,Luke Brattan
130756,2019-06-30,18/19,367,512,Rayo Vallecano,Stoke City,$0.00,"$5,000,000.00",-100.00%,Giannelli Imbula
131708,2019-06-30,18/19,1244,631,CD Leganés,Chelsea,$0.00,"$5,000,000.00",-100.00%,Kenneth Omeruo
134294,2019-06-30,18/19,180,31,Southampton,Liverpool,$0.00,"$15,000,000.00",-100.00%,Danny Ings
174915,2019-06-30,18/19,36,1003,Fenerbahçe,Leicester,$0.00,"$5,000,000.00",-100.00%,Islam Slimani
176485,2019-06-30,18/19,862,631,Chievo Verona,Chelsea,$0.00,"$1,500,000.00",-100.00%,Lucas Piazón
179184,2019-06-30,18/19,873,631,Crystal Palace,Chelsea,$0.00,"$30,000,000.00",-100.00%,Michy Batshuayi
182618,2019-06-30,18/19,5,631,AC Milan,Chelsea,$0.00,"$35,000,000.00",-100.00%,Tiemoué Bakayoko
184672,2019-06-30,18/19,1244,180,CD Leganés,Southampton,$0.00,"$7,500,000.00",-100.00%,Guido Carrillo
199369,2019-06-30,18/19,681,29,Real Sociedad,Everton,$0.00,"$4,000,000.00",-100.00%,Sandro Ramírez
210178,2019-06-30,18/19,897,281,Dep. La Coruña,Man City,$0.00,"$800,000.00",-100.00%,Pablo Marí
211325,2019-06-30,18/19,141,512,Galatasaray,Stoke City,$0.00,"$8,500,000.00",-100.00%,Badou Ndiaye
222813,2019-06-30,18/19,44,31,Hertha BSC,Liverpool,$0.00,"$20,000,000.00",-100.00%,Marko Grujić
224884,2019-06-30,18/19,1421,631,Stade Reims,Chelsea,$0.00,"$5,000,000.00",-100.00%,Abdul Rahman Baba
226739,2019-06-30,18/19,8054,281,Sydney FC,Man City,$0.00,"$350,000.00",-100.00%,Anthony Cáceres
232271,2019-06-30,18/19,940,180,Celta de Vigo,Southampton,$0.00,"$12,000,000.00",-100.00%,Sofiane Boufal
233124,2019-06-30,18/19,405,543,Aston Villa,Wolves,$0.00,"$1,000,000.00",-100.00%,Kortney Hause
236490,2019-06-30,18/19,416,631,Torino,Chelsea,$0.00,"$10,000,000.00",-100.00%,Ola Aina
236510,2019-06-30,18/19,1421,31,Stade Reims,Liverpool,$0.00,"$2,000,000.00",-100.00%,Sheyi Ojo
238407,2019-06-30,18/19,157,873,KAA Gent,Crystal Palace,$0.00,"$6,000,000.00",-100.00%,Alexander Sørloth
245744,2019-06-30,18/19,42,11,Hannover 96,Arsenal,$0.00,"$1,500,000.00",-100.00%,Takuma Asano
247555,2019-06-30,18/19,430,379,Fiorentina,West Ham,$0.00,"$8,000,000.00",-100.00%,Edimilson Fernandes
253765,2019-06-30,18/19,940,180,Celta de Vigo,Southampton,$0.00,"$12,000,000.00",-100.00%,Wesley Hoedt
261504,2019-06-30,18/19,12321,281,Girona,Man City,$0.00,"$3,000,000.00",-100.00%,Aleix García
277118,2019-06-30,18/19,415,281,Toulouse,Man City,$0.00,"$5,000,000.00",-100.00%,Manu García
293168,2019-06-30,18/19,371,1003,Celtic,Leicester,$0.00,"$11,000,000.00",-100.00%,Filip Benkovic
293200,2019-06-30,18/19,2410,29,CSKA Moscow,Everton,$0.00,"$20,000,000.00",-100.00%,Nikola Vlašić
295313,2019-06-30,18/19,29228,31,Mouscron,Liverpool,$0.00,"$4,500,000.00",-100.00%,Taiwo Awoniyi
314295,2019-06-30,18/19,167,379,Augsburg,West Ham,$0.00,"$4,000,000.00",-100.00%,Reece Oxford
315779,2019-06-30,18/19,16,631,Dortmund,Chelsea,$0.00,"$60,000,000.00",-100.00%,Christian Pulisic
341317,2019-06-30,18/19,371,984,Celtic,West Brom,$0.00,"$10,000,000.00",-100.00%,Oliver Burke
345654,2019-06-30,18/19,1403,281,Santos Laguna,Man City,$0.00,"$700,000.00",-100.00%,Marlos Moreno
354352,2019-06-30,18/19,1162,405,SM Caen,Aston Villa,$0.00,"$6,000,000.00",-100.00%,Frédéric Guilbert
361254,2019-06-30,18/19,472,543,UD Las Palmas,Wolves,$0.00,"$3,000,000.00",-100.00%,Rafa Mir
364861,2019-06-30,18/19,2381,1003,Sivasspor,Leicester,$0.00,"$3,000,000.00",-100.00%,Fousseni Diabaté
378293,2019-06-30,18/19,5358,281,SD Huesca,Man City,$0.00,"$2,000,000.00",-100.00%,Yangel Herrera
380415,2019-06-30,18/19,141,29,Galatasaray,Everton,$0.00,"$13,000,000.00",-100.00%,Henry Onyekuru
447661,2019-06-30,18/19,12321,281,Girona,Man City,$0.00,"$2,500,000.00",-100.00%,Douglas Luiz
80197,2019-05-31,18/19,762,984,Newcastle,West Brom,$0.00,"$15,000,000.00",-100.00%,Salomón Rondón
85177,2019-05-31,18/19,989,31,Bournemouth,Liverpool,$0.00,"$15,000,000.00",-100.00%,Nathaniel Clyne
93905,2019-05-31,18/19,641,29,Middlesbrough,Everton,$0.00,"$5,000,000.00",-100.00%,Muhamed Besic
111873,2019-05-31,18/19,1032,11,Reading,Arsenal,$0.00,"$1,000,000.00",-100.00%,Emiliano Martínez
157509,2019-05-31,18/19,29,631,Everton,Chelsea,$0.00,"$20,000,000.00",-100.00%,Kurt Zouma
196522,2019-05-31,18/19,984,762,West Brom,Newcastle,$0.00,"$12,000,000.00",-100.00%,Dwight Gayle
199527,2019-05-31,18/19,984,762,West Brom,Newcastle,$0.00,"$7,000,000.00",-100.00%,Jacob Murphy
215118,2019-05-31,18/19,931,11,Fulham,Arsenal,$0.00,"$14,000,000.00",-100.00%,Calum Chambers
226973,2019-05-31,18/19,164,180,Blackburn,Southampton,$0.00,"$1,500,000.00",-100.00%,Harrison Reed
236953,2019-05-31,18/19,703,379,Nott'm Forest,West Ham,$0.00,"$4,000,000.00",-100.00%,Sam Byram
242606,2019-05-31,18/19,358,379,Charlton,West Ham,$0.00,"$1,000,000.00",-100.00%,Josh Cullen
245893,2019-05-31,18/19,1032,631,Reading,Chelsea,$0.00,"$3,000,000.00",-100.00%,Matt Miazga
258879,2019-05-31,18/19,2964,985,Scunthorpe Utd.,Man Utd,$0.00,"$3,000,000.00",-100.00%,Cameron Borthwick-Jackson
258916,2019-05-31,18/19,350,29,Sheff Utd,Everton,$0.00,"$3,000,000.00",-100.00%,Kieran Dowell
271997,2019-05-31,18/19,677,1003,Ipswich,Leicester,$0.00,"$250,000.00",-100.00%,Callum Elder
279455,2019-05-31,18/19,22,31,Derby,Liverpool,$0.00,"$8,000,000.00",-100.00%,Harry Wilson
279471,2019-05-31,18/19,2793,164,Southend United,Blackburn,$0.00,"$100,000.00",-100.00%,Sam Hart
281404,2019-05-31,18/19,762,631,Newcastle,Chelsea,$0.00,"$10,000,000.00",-100.00%,Kenedy
298091,2019-05-31,18/19,11177,512,Fleetwood,Stoke City,$0.00,"$200,000.00",-100.00%,Harry Souttar
303254,2019-05-31,18/19,22,631,Derby,Chelsea,$0.00,"$7,000,000.00",-100.00%,Fikayo Tomori
315131,2019-05-31,18/19,931,985,Fulham,Man Utd,$0.00,"$7,000,000.00",-100.00%,Timothy Fosu-Mensah
324223,2019-05-31,18/19,677,405,Ipswich,Aston Villa,$0.00,"$1,000,000.00",-100.00%,James Bree
331726,2019-05-31,18/19,405,631,Aston Villa,Chelsea,$0.00,"$15,000,000.00",-100.00%,Tammy Abraham
337284,2019-05-31,18/19,1032,31,Reading,Liverpool,$0.00,"$900,000.00",-100.00%,Ovie Ejaria
342046,2019-05-31,18/19,405,985,Aston Villa,Man Utd,$0.00,"$5,000,000.00",-100.00%,Axel Tuanzebe
348623,2019-05-31,18/19,984,29,West Brom,Everton,$0.00,"$7,000,000.00",-100.00%,Mason Holgate
399369,2019-05-31,18/19,1071,29,Wigan,Everton,$0.00,"$2,500,000.00",-100.00%,Beni Baningime
28973,2019-05-20,18/19,124,180,Rangers,Southampton,$0.00,"$3,000,000.00",-100.00%,Steven Davis
243633,2019-05-20,18/19,2553,405,Kilmarnock FC,Aston Villa,$0.00,"$1,500,000.00",-100.00%,Aaron Tshibola
279457,2019-05-20,18/19,124,31,Rangers,Liverpool,$0.00,"$1,750,000.00",-100.00%,Ryan Kent
246579,2019-04-02,18/19,2727,1003,OH Leuven,Leicester,$0.00,"$2,500,000.00",-100.00%,Bartosz Kapustka
14044,2019-03-29,18/19,1088,641,Rochdale,Middlesbrough,$0.00,"$250,000.00",-100.00%,Andy Lonergan
264429,2019-02-22,18/19,1268,984,ADO Den Haag,West Brom,$0.00,"$1,500,000.00",-100.00%,Yuning Zhang
144303,2019-01-31,18/19,31,931,Liverpool,Fulham,$0.00,"$5,000,000.00",-100.00%,Lazar Markovic
165007,2019-01-31,18/19,131,11,Barcelona,Arsenal,$0.00,"$12,000,000.00",-100.00%,Denis Suárez
175446,2019-01-31,18/19,13,543,Atlético,Wolves,"$21,000,000.00","$12,000,000.00",75.00%,Jonny Otto
179184,2019-01-31,18/19,631,873,Chelsea,Crystal Palace,$0.00,"$30,000,000.00",-100.00%,Michy Batshuayi
199527,2019-01-31,18/19,762,984,Newcastle,West Brom,$0.00,"$7,000,000.00",-100.00%,Jacob Murphy
249565,2019-01-31,18/19,162,1003,Monaco,Leicester,$0.00,"$18,000,000.00",-100.00%,Youri Tielemans
253677,2019-01-31,18/19,989,405,Bournemouth,Aston Villa,$0.00,"$3,500,000.00",-100.00%,Tyrone Mings
272999,2019-01-31,18/19,51663,762,Atlanta,Newcastle,"$24,000,000.00","$15,000,000.00",60.00%,Miguel Almirón
311351,2019-01-31,18/19,371,289,Celtic,Sunderland,$0.00,"$750,000.00",-100.00%,Lewis Morgan
354352,2019-01-31,18/19,1162,405,SM Caen,Aston Villa,"$5,000,000.00","$7,000,000.00",-28.57%,Frédéric Guilbert
371003,2019-01-31,18/19,447,281,Hajduk Split,Man City,"$6,300,000.00","$550,000.00",1045.45%,Ante Palaversa
179184,2019-01-30,18/19,1049,631,Valencia,Chelsea,$0.00,"$30,000,000.00",-100.00%,Michy Batshuayi
224884,2019-01-28,18/19,33,631,FC Schalke 04,Chelsea,$0.00,"$5,000,000.00",-100.00%,Abdul Rahman Baba
352041,2019-01-25,18/19,585,873,São Paulo,Crystal Palace,$0.00,"$50,000.00",-100.00%,Lucas Perri
245893,2019-01-24,18/19,995,631,FC Nantes,Chelsea,$0.00,"$3,000,000.00",-100.00%,Matt Miazga
75471,2019-01-21,18/19,405,29,Aston Villa,Everton,$0.00,"$15,000,000.00",-100.00%,Yannick Bolasie
196722,2019-01-18,18/19,1123,355,Norwich,Bolton,,"$200,000.00",-100.00%,Remi Matthews
309841,2019-01-17,18/19,1020,405,Portsmouth,Aston Villa,$0.00,"$1,000,000.00",-100.00%,Andre Green
349300,2019-01-16,18/19,1084,379,Málaga CF,West Ham,$0.00,"$1,000,000.00",-100.00%,Sead Haksabanovic
355816,2019-01-14,18/19,9598,281,Kawasaki Front.,Man City,"$1,100,000.00","$700,000.00",57.14%,Ko Itakura
295313,2019-01-11,18/19,157,31,KAA Gent,Liverpool,$0.00,"$1,500,000.00",-100.00%,Taiwo Awoniyi
398065,2019-01-11,18/19,984,1003,West Brom,Leicester,$0.00,"$1,500,000.00",-100.00%,Harvey Barnes
396174,2019-01-09,18/19,24214,289,FC Burnley U23,Sunderland,$0.00,"$300,000.00",-100.00%,Jimmy Dunne
233124,2019-01-07,18/19,543,405,Wolves,Aston Villa,$0.00,"$1,000,000.00",-100.00%,Kortney Hause
286919,2019-01-07,18/19,1032,180,Reading,Southampton,$0.00,"$1,000,000.00",-100.00%,Josh Sims
426192,2019-01-04,18/19,703,164,Nott'm Forest,Blackburn,"$8,300,000.00","$5,000,000.00",66.00%,Ben Brereton Díaz
158534,2019-01-02,18/19,1071,289,Wigan,Sunderland,,"$750,000.00",-100.00%,Max Power
169801,2019-01-02,18/19,349,931,Barnsley FC,Fulham,$0.00,"$750,000.00",-100.00%,Cauley Woodrow
279471,2019-01-02,18/19,1088,164,Rochdale,Blackburn,$0.00,"$100,000.00",-100.00%,Sam Hart
315779,2019-01-02,18/19,16,631,Dortmund,Chelsea,"$64,000,000.00","$50,000,000.00",28.00%,Christian Pulisic
77001,2019-01-01,18/19,1110,641,Huddersfield,Middlesbrough,$0.00,"$4,000,000.00",-100.00%,Rajiv van La Parra
141573,2019-01-01,18/19,1028,641,Millwall,Middlesbrough,"$7,800,000.00","$5,000,000.00",56.00%,George Saville
180843,2019-01-01,18/19,475,543,Sint-Truiden,Wolves,$0.00,"$500,000.00",-100.00%,Paul Gladon
262545,2019-01-01,18/19,1088,31,Rochdale,Liverpool,$0.00,"$500,000.00",-100.00%,Connor Randall
337787,2019-01-01,18/19,899,543,Walsall,Wolves,$0.00,"$250,000.00",-100.00%,Connor Ronan
346707,2019-01-01,18/19,9253,762,Newcastle U23,Newcastle,,"$150,000.00",-100.00%,Sean Longstaff
348623,2019-01-01,18/19,29,984,Everton,West Brom,$0.00,"$7,000,000.00",-100.00%,Mason Holgate
444208,2019-01-01,18/19,36546,180,Southampt. U23,Southampton,,"$1,000,000.00",-100.00%,Michael Obafemi
226739,2018-12-31,18/19,25580,281,Melbourne City,Man City,$0.00,"$500,000.00",-100.00%,Anthony Cáceres
345654,2018-12-31,18/19,614,281,Flamengo,Man City,$0.00,"$500,000.00",-100.00%,Marlos Moreno
378293,2018-12-31,18/19,40058,281,New York City,Man City,$0.00,"$1,000,000.00",-100.00%,Yangel Herrera
337284,2018-12-15,18/19,124,31,Rangers,Liverpool,$0.00,"$900,000.00",-100.00%,Ovie Ejaria
141573,2018-08-31,18/19,1028,641,Millwall,Middlesbrough,$0.00,"$1,500,000.00",-100.00%,George Saville
331726,2018-08-31,18/19,631,405,Chelsea,Aston Villa,$0.00,"$10,000,000.00",-100.00%,Tammy Abraham
426192,2018-08-28,18/19,703,164,Nott'm Forest,Blackburn,$0.00,"$5,000,000.00",-100.00%,Ben Brereton Díaz
226973,2018-08-27,18/19,180,164,Southampton,Blackburn,$0.00,"$1,000,000.00",-100.00%,Harrison Reed
75471,2018-08-25,18/19,29,405,Everton,Aston Villa,$0.00,"$18,000,000.00",-100.00%,Yannick Bolasie
93905,2018-08-23,18/19,29,641,Everton,Middlesbrough,$0.00,"$5,000,000.00",-100.00%,Muhamed Besic
183720,2018-08-22,18/19,1082,405,LOSC Lille,Aston Villa,$0.00,"$5,000,000.00",-100.00%,Anwar El Ghazi
196722,2018-08-12,18/19,1123,355,Norwich,Bolton,$0.00,"$200,000.00",-100.00%,Remi Matthews
51471,2018-08-09,18/19,418,631,Real Madrid,Chelsea,$0.00,"$30,000,000.00",-100.00%,Mateo Kovacic
73185,2018-08-09,18/19,11,379,Arsenal,West Ham,"$4,400,000.00","$7,500,000.00",-41.33%,Lucas Pérez
108354,2018-08-09,18/19,2288,873,Swansea,Crystal Palace,$0.00,"$8,000,000.00",-100.00%,Jordan Ayew
134294,2018-08-09,18/19,31,180,Liverpool,Southampton,$0.00,"$8,000,000.00",-100.00%,Danny Ings
157509,2018-08-09,18/19,631,29,Chelsea,Everton,$0.00,"$15,000,000.00",-100.00%,Kurt Zouma
158534,2018-08-09,18/19,1071,289,Wigan,Sunderland,$0.00,"$750,000.00",-100.00%,Max Power
168157,2018-08-09,18/19,58,543,RSC Anderlecht,Wolves,$0.00,"$17,000,000.00",-100.00%,Leander Dendoncker
175169,2018-08-09,18/19,660,29,Shakhtar D.,Everton,$0.00,"$16,000,000.00",-100.00%,Bernard
207302,2018-08-09,18/19,368,931,Sevilla FC,Fulham,$0.00,"$12,000,000.00",-100.00%,Sergio Rico
214316,2018-08-09,18/19,13,931,Atlético,Fulham,$0.00,"$6,000,000.00",-100.00%,Luciano Vietto
221025,2018-08-09,18/19,131,29,Barcelona,Everton,$0.00,"$15,000,000.00",-100.00%,André Gomes
289446,2018-08-09,18/19,131,29,Barcelona,Everton,"$30,250,000.00","$20,000,000.00",51.25%,Yerry Mina
293168,2018-08-09,18/19,419,1003,Dinamo Zagreb,Leicester,"$14,500,000.00","$11,000,000.00",31.82%,Filip Benkovic
315131,2018-08-09,18/19,985,931,Man Utd,Fulham,$0.00,"$7,000,000.00",-100.00%,Timothy Fosu-Mensah
320141,2018-08-09,18/19,60,1003,Freiburg,Leicester,"$21,100,000.00","$18,000,000.00",17.22%,Çağlar Söyüncü
354361,2018-08-09,18/19,244,931,Marseille,Fulham,"$24,850,000.00","$18,000,000.00",38.06%,Frank Anguissa
399997,2018-08-09,18/19,25580,281,Melbourne City,Man City,"$890,000.00","$1,500,000.00",-40.67%,Daniel Arzani
192279,2018-08-08,18/19,621,631,Athletic Club,Chelsea,"$80,000,000.00","$20,000,000.00",300.00%,Kepa Arrizabalaga
193116,2018-08-08,18/19,903,405,Hibernian FC,Aston Villa,"$3,100,000.00","$1,750,000.00",77.14%,John McGinn
204103,2018-08-08,18/19,641,543,Middlesbrough,Wolves,"$20,000,000.00","$8,000,000.00",150.00%,Adama Traoré
73517,2018-08-07,18/19,4795,405,FC Ingolstadt,Aston Villa,"$3,000,000.00","$800,000.00",275.00%,Ørjan Nyland
215118,2018-08-07,18/19,11,931,Arsenal,Fulham,$0.00,"$14,000,000.00",-100.00%,Calum Chambers
80197,2018-08-06,18/19,984,762,West Brom,Newcastle,$0.00,"$13,000,000.00",-100.00%,Salomón Rondón
196522,2018-08-06,18/19,762,984,Newcastle,West Brom,$0.00,"$10,000,000.00",-100.00%,Dwight Gayle
250426,2018-08-06,18/19,762,164,Newcastle,Blackburn,"$1,900,000.00","$1,500,000.00",26.67%,Adam Armstrong
342046,2018-08-06,18/19,985,405,Man Utd,Aston Villa,$0.00,"$1,000,000.00",-100.00%,Axel Tuanzebe
118287,2018-08-05,18/19,162,1003,Monaco,Leicester,"$14,000,000.00","$4,000,000.00",250.00%,Rachid Ghezzal
258878,2018-08-03,18/19,9265,984,Man City U23,West Brom,$0.00,"$1,000,000.00",-100.00%,Tosin Adarabioyo
14044,2018-08-02,18/19,399,641,Leeds,Middlesbrough,$0.00,"$350,000.00",-100.00%,Andy Lonergan
66934,2018-08-02,18/19,379,873,West Ham,Crystal Palace,"$10,700,000.00","$12,000,000.00",-10.83%,Cheikhou Kouyaté
230541,2018-08-02,18/19,39,762,Mainz,Newcastle,"$10,700,000.00","$6,000,000.00",78.33%,Yoshinori Muto
126664,2018-08-01,18/19,131,29,Barcelona,Everton,"$20,200,000.00","$15,000,000.00",34.67%,Lucas Digne
326363,2018-08-01,18/19,13,405,Atlético,Aston Villa,$0.00,"$1,000,000.00",-100.00%,André Moreira
340460,2018-07-31,18/19,1269,281,PEC Zwolle,Man City,"$2,500,000.00","$2,500,000.00",0.00%,Philippe Sandler
51152,2018-07-30,18/19,762,931,Newcastle,Fulham,"$24,700,000.00","$15,000,000.00",64.67%,Aleksandar Mitrović
63223,2018-07-30,18/19,358,355,Charlton,Bolton,"$225,000.00","$300,000.00",-25.00%,Josh Magennis
258216,2018-07-30,18/19,9250,164,Chelsea U23,Blackburn,$0.00,"$1,500,000.00",-100.00%,Kasey Palmer
282939,2018-07-30,18/19,2805,289,Wycombe,Sunderland,,"$150,000.00",-100.00%,Luke O'Nien
146509,2018-07-28,18/19,2964,984,Scunthorpe Utd.,West Brom,"$840,000.00","$200,000.00",320.00%,Conor Townsend
195628,2018-07-28,18/19,1072,289,Peterborough,Sunderland,"$225,000.00","$400,000.00",-43.75%,Jack Baldwin
135343,2018-07-26,18/19,897,762,Dep. La Coruña,Newcastle,"$4,000,000.00","$3,000,000.00",33.33%,Fabian Schär
175446,2018-07-26,18/19,13,543,Atlético,Wolves,$0.00,"$12,000,000.00",-100.00%,Jonny Otto
29364,2018-07-24,18/19,162,543,Monaco,Wolves,"$5,600,000.00","$10,000,000.00",-44.00%,João Moutinho
378710,2018-07-24,18/19,1010,29,Watford,Everton,"$39,200,000.00","$25,000,000.00",56.80%,Richarlison
398065,2018-07-24,18/19,1003,984,Leicester,West Brom,$0.00,"$250,000.00",-100.00%,Harvey Barnes
203026,2018-07-20,18/19,31,1003,Liverpool,Leicester,"$14,000,000.00","$2,500,000.00",460.00%,Danny Ward
105470,2018-07-19,18/19,12,31,Roma,Liverpool,"$72,500,000.00","$60,000,000.00",20.83%,Alisson
130768,2018-07-16,18/19,1032,984,Reading,West Brom,$0.00,"$400,000.00",-100.00%,Jonathan Bond
159372,2018-07-15,18/19,398,379,Lazio,West Ham,"$38,000,000.00","$30,000,000.00",26.67%,Felipe Anderson
102017,2018-07-14,18/19,6195,631,Napoli,Chelsea,"$57,000,000.00","$50,000,000.00",14.00%,Jorginho
285548,2018-07-14,18/19,199,379,Corinthians,West Ham,"$4,000,000.00","$5,000,000.00",-20.00%,Fabián Balbuena
86792,2018-07-13,18/19,512,31,Stoke City,Liverpool,"$14,700,000.00","$18,000,000.00",-18.33%,Xherdan Shaqiri
99331,2018-07-13,18/19,18,180,Mönchengladbach,Southampton,"$25,000,000.00","$14,000,000.00",78.57%,Jannik Vestergaard
69015,2018-07-11,18/19,16,379,Dortmund,West Ham,"$20,000,000.00","$23,000,000.00",-13.04%,Andriy Yarmolenko
465830,2018-07-11,18/19,1158,11,FC Lorient,Arsenal,"$8,000,000.00","$2,500,000.00",220.00%,Mattéo Guendouzi
117469,2018-07-10,18/19,3,355,1.FC Köln,Bolton,$0.00,"$1,000,000.00",-100.00%,Paweł Olkowski
171424,2018-07-10,18/19,1003,281,Leicester,Man City,"$67,800,000.00","$50,000,000.00",35.60%,Riyad Mahrez
201574,2018-07-10,18/19,281,180,Man City,Southampton,"$11,300,000.00","$2,000,000.00",465.00%,Angus Gunn
318077,2018-07-10,18/19,1038,11,Sampdoria,Arsenal,"$28,650,000.00","$30,000,000.00",-4.50%,Lucas Torreira
110864,2018-07-03,18/19,985,984,Man Utd,West Brom,"$7,350,000.00","$2,500,000.00",194.00%,Sam Johnstone
34322,2018-07-02,18/19,16,11,Bor. Dortmund,Arsenal,"$16,000,000.00","$20,000,000.00",-20.00%,Sokratis Papastathopoulos
29692,2018-07-01,18/19,2288,379,Swansea,West Ham,"$8,000,000.00","$5,000,000.00",60.00%,Lukasz Fabianski
42412,2018-07-01,18/19,984,1003,West Brom,Leicester,"$4,000,000.00","$15,000,000.00",-73.33%,Jonny Evans
45026,2018-07-01,18/19,336,543,Sporting,Wolves,"$18,000,000.00","$16,000,000.00",12.50%,Rui Patrício
64399,2018-07-01,18/19,3709,873,Getafe,Crystal Palace,$0.00,"$5,000,000.00",-100.00%,Vicente Guaita
72476,2018-07-01,18/19,15,11,Leverkusen,Arsenal,"$25,000,000.00","$20,000,000.00",25.00%,Bernd Leno
74960,2018-07-01,18/19,197,762,Sparta Prague,Newcastle,"$4,000,000.00","$4,000,000.00",0.00%,Martin Dúbravka
81796,2018-07-01,18/19,2288,762,Swansea,Newcastle,$0.00,"$7,000,000.00",-100.00%,Sung-yueng Ki
92983,2018-07-01,18/19,43,289,Heart of Midl.,Sunderland,$0.00,"$400,000.00",-100.00%,Jon McLaughlin
130765,2018-07-01,18/19,371,180,Celtic,Southampton,"$7,950,000.00","$2,000,000.00",297.50%,Stuart Armstrong
140191,2018-07-01,18/19,931,379,Fulham,West Ham,$0.00,"$4,000,000.00",-100.00%,Ryan Fredericks
142310,2018-07-01,18/19,720,543,Porto,Wolves,"$12,000,000.00","$5,000,000.00",140.00%,Willy Boly
167268,2018-07-01,18/19,289,641,Sunderland,Middlesbrough,"$5,700,000.00","$3,000,000.00",90.00%,Paddy McNair
183293,2018-07-01,18/19,988,164,Oxford United,Blackburn,,"$200,000.00",-100.00%,Joe Rothwell
186644,2018-07-01,18/19,26,180,Basel,Southampton,"$18,000,000.00","$8,500,000.00",111.76%,Mohamed Elyounoussi
189186,2018-07-01,18/19,3207,289,Boluspor,Sunderland,$0.00,"$100,000.00",-100.00%,Alim Öztürk
191614,2018-07-01,18/19,660,985,Shakhtar D.,Man Utd,"$59,000,000.00","$32,000,000.00",84.38%,Fred
206040,2018-07-01,18/19,294,543,Benfica,Wolves,$0.00,"$15,000,000.00",-100.00%,Raúl Jiménez
215876,2018-07-01,18/19,720,1003,Porto,Leicester,"$22,000,000.00","$20,000,000.00",10.00%,Ricardo Pereira
225693,2018-07-01,18/19,162,31,Monaco,Liverpool,"$45,000,000.00","$45,000,000.00",0.00%,Fabinho
258879,2018-07-01,18/19,9251,985,Man Utd U23,Man Utd,,"$3,000,000.00",-100.00%,Cameron Borthwick-Jackson
272622,2018-07-01,18/19,415,379,Toulouse,West Ham,"$25,000,000.00","$22,000,000.00",13.64%,Issa Diop
277118,2018-07-01,18/19,9265,281,Man City U23,Man City,,"$2,000,000.00",-100.00%,Manu García
279455,2018-07-01,18/19,9252,31,Liverpool U23,Liverpool,,"$1,000,000.00",-100.00%,Harry Wilson
279457,2018-07-01,18/19,9252,31,Liverpool U23,Liverpool,,"$1,500,000.00",-100.00%,Ryan Kent
294057,2018-07-01,18/19,1123,1003,Norwich,Leicester,"$25,000,000.00","$10,000,000.00",150.00%,James Maddison
302215,2018-07-01,18/19,23826,31,RB Leipzig,Liverpool,"$60,000,000.00","$65,000,000.00",-7.69%,Naby Keïta
338424,2018-07-01,18/19,16,762,Dortmund,Newcastle,"$7,000,000.00","$10,000,000.00",-30.00%,Mikel Merino
338673,2018-07-01,18/19,24219,512,Stoke City U23,Stoke City,,"$250,000.00",-100.00%,Thibaud Verlinden
340950,2018-07-01,18/19,13,543,Atlético,Wolves,"$14,000,000.00","$12,000,000.00",16.67%,Diogo Jota
357147,2018-07-01,18/19,720,985,Porto,Man Utd,"$22,000,000.00","$15,000,000.00",46.67%,Diogo Dalot
357158,2018-07-01,18/19,162,543,Monaco,Wolves,"$2,250,000.00","$500,000.00",350.00%,Rúben Vinagre
398065,2018-07-01,18/19,39341,1003,Leicester U23,Leicester,,"$250,000.00",-100.00%,Harvey Barnes
409106,2018-07-01,18/19,3349,512,Feirense,Stoke City,"$7,200,000.00","$1,500,000.00",380.00%,Peter Etebo
55687,2018-06-30,17/18,1096,405,Royal Antwerp,Aston Villa,$0.00,"$1,300,000.00",-100.00%,Ritchie De Laet
73185,2018-06-30,17/18,897,11,Dep. La Coruña,Arsenal,$0.00,"$7,500,000.00",-100.00%,Lucas Pérez
74228,2018-06-30,17/18,12321,512,Girona,Stoke City,$0.00,"$2,500,000.00",-100.00%,Marc Muniesa
95732,2018-06-30,17/18,40,641,G. Bordeaux,Middlesbrough,$0.00,"$8,000,000.00",-100.00%,Martin Braithwaite
103565,2018-06-30,17/18,273,289,Stade Rennais,Sunderland,$0.00,"$10,000,000.00",-100.00%,Wahbi Khazri
104223,2018-06-30,17/18,2282,180,Club Brugge,Southampton,$0.00,"$6,500,000.00",-100.00%,Jordy Clasie
111051,2018-06-30,17/18,417,1003,Nice,Leicester,$0.00,"$5,000,000.00",-100.00%,Nampalys Mendy
111873,2018-06-30,17/18,3709,11,Getafe,Arsenal,$0.00,"$1,000,000.00",-100.00%,Emiliano Martínez
127202,2018-06-30,17/18,58,762,RSC Anderlecht,Newcastle,$0.00,"$4,500,000.00",-100.00%,Matz Sels
127987,2018-06-30,17/18,897,405,Dep. La Coruña,Aston Villa,$0.00,"$1,000,000.00",-100.00%,Carles Gil
129592,2018-06-30,17/18,3508,641,Zulte Waregem,Middlesbrough,$0.00,"$1,800,000.00",-100.00%,Julien De Sart
130756,2018-06-30,17/18,415,512,Toulouse,Stoke City,$0.00,"$6,000,000.00",-100.00%,Giannelli Imbula
131248,2018-06-30,17/18,150,11,Real Betis,Arsenal,$0.00,"$3,000,000.00",-100.00%,Joel Campbell
131708,2018-06-30,17/18,10484,631,Kasimpasa,Chelsea,$0.00,"$1,750,000.00",-100.00%,Kenneth Omeruo
136610,2018-06-30,17/18,2969,289,Dijon,Sunderland,$0.00,"$5,500,000.00",-100.00%,Papy Djilobodji
144303,2018-06-30,17/18,58,31,RSC Anderlecht,Liverpool,$0.00,"$8,000,000.00",-100.00%,Lazar Markovic
147034,2018-06-30,17/18,383,631,PSV,Chelsea,$0.00,"$12,000,000.00",-100.00%,Marco van Ginkel
148368,2018-06-30,17/18,82,31,VfL Wolfsburg,Liverpool,$0.00,"$10,000,000.00",-100.00%,Divock Origi
168337,2018-06-30,17/18,2410,1003,CSKA Moscow,Leicester,$0.00,"$15,000,000.00",-100.00%,Ahmed Musa
179184,2018-06-30,17/18,16,631,Dortmund,Chelsea,$0.00,"$40,000,000.00",-100.00%,Michy Batshuayi
180843,2018-06-30,17/18,1304,543,Heracles Almelo,Wolves,$0.00,"$700,000.00",-100.00%,Paul Gladon
197642,2018-06-30,17/18,475,11,Sint-Truiden,Arsenal,$0.00,"$1,200,000.00",-100.00%,Chuba Akpom
199369,2018-06-30,17/18,368,29,Sevilla FC,Everton,$0.00,"$10,000,000.00",-100.00%,Sandro Ramírez
203394,2018-06-30,17/18,1049,985,Valencia,Man Utd,$0.00,"$6,000,000.00",-100.00%,Andreas Pereira
205938,2018-06-30,17/18,232,631,Spartak Moscow,Chelsea,$0.00,"$8,000,000.00",-100.00%,Mario Pašalić
210178,2018-06-30,17/18,132,281,NAC Breda,Man City,$0.00,"$750,000.00",-100.00%,Pablo Marí
226739,2018-06-30,17/18,16214,281,Al-Wasl,Man City,$0.00,"$500,000.00",-100.00%,Anthony Cáceres
241229,2018-06-30,17/18,244,405,Marseille,Aston Villa,$0.00,"$16,000,000.00",-100.00%,Jordan Amavi
244192,2018-06-30,17/18,800,405,Atalanta,Aston Villa,$0.00,"$3,500,000.00",-100.00%,Pierluigi Gollini
245744,2018-06-30,17/18,79,11,Stuttgart,Arsenal,$0.00,"$2,000,000.00",-100.00%,Takuma Asano
245893,2018-06-30,17/18,499,631,Vitesse,Chelsea,$0.00,"$3,000,000.00",-100.00%,Matt Miazga
246579,2018-06-30,17/18,60,1003,Freiburg,Leicester,$0.00,"$3,000,000.00",-100.00%,Bartosz Kapustka
251876,2018-06-30,17/18,12321,281,Girona,Man City,$0.00,"$10,000,000.00",-100.00%,Pablo Maffeo
264429,2018-06-30,17/18,86,984,Werder Bremen,West Brom,$0.00,"$1,500,000.00",-100.00%,Yuning Zhang
295313,2018-06-30,17/18,29228,31,Mouscron,Liverpool,$0.00,"$1,500,000.00",-100.00%,Taiwo Awoniyi
314295,2018-06-30,17/18,18,379,Mönchengladbach,West Ham,$0.00,"$5,000,000.00",-100.00%,Reece Oxford
345763,2018-06-30,17/18,1078,543,Oldham Athletic,Wolves,$0.00,"$350,000.00",-100.00%,Duckens Nazon
380415,2018-06-30,17/18,58,29,RSC Anderlecht,Everton,$0.00,"$10,000,000.00",-100.00%,Henry Onyekuru
406040,2018-06-30,17/18,23826,29,Leipzig,Everton,$0.00,"$12,000,000.00",-100.00%,Ademola Lookman
429790,2018-06-30,17/18,159,281,Red Star,Man City,$0.00,"$2,000,000.00",-100.00%,Luka Ilic
40204,2018-05-31,17/18,379,281,West Ham,Man City,$0.00,"$10,000,000.00",-100.00%,Joe Hart
51152,2018-05-31,17/18,931,762,Fulham,Newcastle,$0.00,"$8,000,000.00",-100.00%,Aleksandar Mitrović
90681,2018-05-31,17/18,29,281,Everton,Man City,$0.00,"$15,000,000.00",-100.00%,Eliaquim Mangala
93905,2018-05-31,17/18,641,29,Middlesbrough,Everton,$0.00,"$5,000,000.00",-100.00%,Muhamed Besic
110864,2018-05-31,17/18,405,985,Aston Villa,Man Utd,$0.00,"$2,500,000.00",-100.00%,Sam Johnstone
156934,2018-05-31,17/18,289,29,Sunderland,Everton,$0.00,"$1,000,000.00",-100.00%,Tyias Browning
157509,2018-05-31,17/18,512,631,Stoke City,Chelsea,$0.00,"$15,000,000.00",-100.00%,Kurt Zouma
169801,2018-05-31,17/18,698,931,Bristol City,Fulham,$0.00,"$1,000,000.00",-100.00%,Cauley Woodrow
174915,2018-05-31,17/18,762,1003,Newcastle,Leicester,$0.00,"$18,000,000.00",-100.00%,Islam Slimani
176485,2018-05-31,17/18,931,631,Fulham,Chelsea,$0.00,"$2,500,000.00",-100.00%,Lucas Piazón
201574,2018-05-31,17/18,1123,281,Norwich,Man City,$0.00,"$2,000,000.00",-100.00%,Angus Gunn
202886,2018-05-31,17/18,873,631,Crystal Palace,Chelsea,$0.00,"$15,000,000.00",-100.00%,Ruben Loftus-Cheek
222813,2018-05-31,17/18,603,31,Cardiff,Liverpool,$0.00,"$5,000,000.00",-100.00%,Marko Grujić
226973,2018-05-31,17/18,1123,180,Norwich,Southampton,$0.00,"$1,000,000.00",-100.00%,Harrison Reed
229695,2018-05-31,17/18,677,281,Ipswich,Man City,$0.00,"$2,500,000.00",-100.00%,Bersant Celina
236490,2018-05-31,17/18,3008,631,Hull City,Chelsea,$0.00,"$1,500,000.00",-100.00%,Ola Aina
236510,2018-05-31,17/18,931,31,Fulham,Liverpool,$0.00,"$2,500,000.00",-100.00%,Sheyi Ojo
250426,2018-05-31,17/18,164,762,Blackburn,Newcastle,$0.00,"$1,500,000.00",-100.00%,Adam Armstrong
250478,2018-05-31,17/18,931,180,Fulham,Southampton,$0.00,"$3,000,000.00",-100.00%,Matt Targett
251664,2018-05-31,17/18,2964,762,Scunthorpe Utd.,Newcastle,$0.00,"$500,000.00",-100.00%,Ivan Toney
258916,2018-05-31,17/18,703,29,Nottm Forest,Everton,$0.00,"$3,000,000.00",-100.00%,Kieran Dowell
264220,2018-05-31,17/18,355,379,Bolton,West Ham,$0.00,"$1,000,000.00",-100.00%,Reece Burke
271997,2018-05-31,17/18,1071,1003,Wigan,Leicester,$0.00,"$250,000.00",-100.00%,Callum Elder
279471,2018-05-31,17/18,1088,164,Rochdale,Blackburn,$0.00,"$100,000.00",-100.00%,Sam Hart
303254,2018-05-31,17/18,3008,631,Hull City,Chelsea,$0.00,"$1,000,000.00",-100.00%,Fikayo Tomori
315131,2018-05-31,17/18,873,985,Crystal Palace,Man Utd,$0.00,"$7,000,000.00",-100.00%,Timothy Fosu-Mensah
331726,2018-05-31,17/18,2288,631,Swansea,Chelsea,$0.00,"$10,000,000.00",-100.00%,Tammy Abraham
337284,2018-05-31,17/18,289,31,Sunderland,Liverpool,$0.00,"$1,000,000.00",-100.00%,Ovie Ejaria
337787,2018-05-31,17/18,1020,543,Portsmouth,Wolves,$0.00,"$250,000.00",-100.00%,Connor Ronan
342046,2018-05-31,17/18,405,985,Aston Villa,Man Utd,$0.00,"$1,000,000.00",-100.00%,Axel Tuanzebe
417346,2018-05-31,17/18,641,281,Middlesbrough,Man City,$0.00,"$3,500,000.00",-100.00%,Jack Harrison
165334,2018-05-14,17/18,2553,762,Kilmarnock FC,Newcastle,$0.00,"$250,000.00",-100.00%,Stuart Findlay
226049,2018-05-14,17/18,370,762,Aberdeen FC,Newcastle,$0.00,"$500,000.00",-100.00%,Freddie Woodman
243633,2018-05-14,17/18,2553,405,Kilmarnock FC,Aston Villa,$0.00,"$1,500,000.00",-100.00%,Aaron Tshibola
262545,2018-05-14,17/18,43,31,Heart of Midl.,Liverpool,$0.00,"$500,000.00",-100.00%,Connor Randall
298091,2018-05-14,17/18,2759,512,Ross County,Stoke City,$0.00,"$200,000.00",-100.00%,Harry Souttar
51152,2018-01-31,17/18,762,931,Newcastle,Fulham,$0.00,"$8,000,000.00",-100.00%,Aleksandar Mitrović
58864,2018-01-31,17/18,16,11,Dortmund,Arsenal,"$63,750,000.00","$65,000,000.00",-1.92%,Pierre-Emerick Aubameyang
74960,2018-01-31,17/18,197,762,Sparta Prague,Newcastle,$0.00,"$900,000.00",-100.00%,Martin Dúbravka
82442,2018-01-31,17/18,11,631,Arsenal,Chelsea,"$17,000,000.00","$20,000,000.00",-15.00%,Olivier Giroud
90681,2018-01-31,17/18,281,29,Man City,Everton,$0.00,"$15,000,000.00",-100.00%,Eliaquim Mangala
93905,2018-01-31,17/18,29,641,Everton,Middlesbrough,$0.00,"$5,000,000.00",-100.00%,Muhamed Besic
174915,2018-01-31,17/18,1003,762,Leicester,Newcastle,$0.00,"$22,000,000.00",-100.00%,Islam Slimani
211325,2018-01-31,17/18,141,512,Galatasaray,Stoke City,"$16,000,000.00","$7,000,000.00",128.57%,Badou Ndiaye
238407,2018-01-31,17/18,865,873,Midtjylland,Crystal Palace,"$16,000,000.00","$2,000,000.00",700.00%,Alexander Sørloth
246351,2018-01-31,17/18,703,355,Nott'm Forest,Bolton,$0.00,"$2,500,000.00",-100.00%,Zach Clough
264220,2018-01-31,17/18,379,355,West Ham,Bolton,$0.00,"$1,000,000.00",-100.00%,Reece Burke
337284,2018-01-31,17/18,31,289,Liverpool,Sunderland,$0.00,"$500,000.00",-100.00%,Ovie Ejaria
417346,2018-01-31,17/18,281,641,Man City,Middlesbrough,$0.00,"$1,750,000.00",-100.00%,Jack Harrison
176553,2018-01-30,17/18,621,281,Athletic Club,Man City,"$65,000,000.00","$25,000,000.00",160.00%,Aymeric Laporte
181778,2018-01-30,17/18,12,631,Roma,Chelsea,"$20,000,000.00","$14,000,000.00",42.86%,Emerson
417346,2018-01-30,17/18,40058,281,New York City,Man City,"$4,000,000.00","$1,750,000.00",128.57%,Jack Harrison
149729,2018-01-26,17/18,46,379,Inter,West Ham,$0.00,"$26,000,000.00",-100.00%,João Mário
184672,2018-01-25,17/18,162,180,Monaco,Southampton,"$22,000,000.00","$6,000,000.00",266.67%,Guido Carrillo
342046,2018-01-25,17/18,985,405,Man Utd,Aston Villa,$0.00,"$1,000,000.00",-100.00%,Axel Tuanzebe
281404,2018-01-23,17/18,631,762,Chelsea,Newcastle,$0.00,"$7,000,000.00",-100.00%,Kenedy
40433,2018-01-22,17/18,11,985,Arsenal,Man Utd,"$34,000,000.00","$70,000,000.00",-51.43%,Alexis Sánchez
55735,2018-01-22,17/18,985,11,Man Utd,Arsenal,"$34,000,000.00","$35,000,000.00",-2.86%,Henrikh Mkhitaryan
230746,2018-01-22,17/18,294,873,Benfica,Crystal Palace,$0.00,"$1,200,000.00",-100.00%,Erdal Rakip
250478,2018-01-22,17/18,180,931,Southampton,Fulham,$0.00,"$3,000,000.00",-100.00%,Matt Targett
278166,2018-01-19,17/18,11177,164,Fleetwood,Blackburn,"$300,000.00","$500,000.00",-40.00%,Amari'i Bell
345654,2018-01-15,17/18,12321,281,Girona,Man City,$0.00,"$500,000.00",-100.00%,Marlos Moreno
251664,2018-01-10,17/18,1071,762,Wigan,Newcastle,$0.00,"$500,000.00",-100.00%,Ivan Toney
250426,2018-01-09,17/18,762,164,Newcastle,Blackburn,$0.00,"$1,500,000.00",-100.00%,Adam Armstrong
45671,2018-01-05,17/18,114,29,Besiktas,Everton,"$22,500,000.00","$10,500,000.00",114.29%,Cenk Tosun
131978,2018-01-05,17/18,29,631,Everton,Chelsea,"$16,800,000.00","$25,000,000.00",-32.80%,Ross Barkley
415912,2018-01-04,17/18,2671,11,PAS Giannina,Arsenal,"$2,100,000.00","$450,000.00",366.67%,Konstantinos Mavropanos
361254,2018-01-03,17/18,6182,543,Valencia B,Wolves,"$2,000,000.00","$1,000,000.00",100.00%,Rafa Mir
111524,2018-01-01,17/18,7,984,Al Ahly,West Brom,"$5,000,000.00","$3,000,000.00",66.67%,Ahmed Hegazy
139208,2018-01-01,17/18,180,31,Southampton,Liverpool,"$84,650,000.00","$30,000,000.00",182.17%,Virgil van Dijk
242606,2018-01-01,17/18,355,379,Bolton,West Ham,$0.00,"$500,000.00",-100.00%,Josh Cullen
250426,2018-01-01,17/18,355,762,Bolton,Newcastle,$0.00,"$1,500,000.00",-100.00%,Adam Armstrong
264220,2018-01-01,17/18,355,379,Bolton,West Ham,$0.00,"$1,000,000.00",-100.00%,Reece Burke
341501,2018-01-01,17/18,39341,1003,Leicester U23,Leicester,,"$250,000.00",-100.00%,Hamza Choudhury
428061,2018-01-01,17/18,2282,5551,Club Brugge,Newcastle,$0.00,"$100,000.00",-100.00%,Riley McGree
314295,2017-12-31,17/18,18,379,Mönchengladbach,West Ham,$0.00,"$5,000,000.00",-100.00%,Reece Oxford
345763,2017-12-31,17/18,990,543,Coventry,Wolves,$0.00,"$350,000.00",-100.00%,Duckens Nazon
243633,2017-11-09,17/18,991,405,MK Dons,Aston Villa,$0.00,"$1,500,000.00",-100.00%,Aaron Tshibola
33027,2017-09-19,17/18,1237,762,Brighton,Newcastle,$0.00,"$4,000,000.00",-100.00%,Tim Krul
47713,2017-08-31,17/18,31,873,Liverpool,Crystal Palace,"$28,200,000.00","$15,000,000.00",88.00%,Mamadou Sakho
56810,2017-08-31,17/18,336,1003,Sporting CP,Leicester,"$20,500,000.00","$25,000,000.00",-18.00%,Adrien Silva
59032,2017-08-31,17/18,15,1003,Leverkusen,Leicester,$0.00,"$12,000,000.00",-100.00%,Aleksandar Dragovic
143424,2017-08-31,17/18,11,31,Arsenal,Liverpool,"$38,000,000.00","$22,000,000.00",72.73%,Alex Oxlade-Chamberlain
173859,2017-08-31,17/18,416,631,Torino,Chelsea,"$25,000,000.00","$8,500,000.00",194.12%,Davide Zappacosta
279471,2017-08-31,17/18,9252,164,Liverpool U23,Blackburn,,"$100,000.00",-100.00%,Sam Hart
293200,2017-08-31,17/18,447,29,Hajduk Split,Everton,"$10,800,000.00","$4,000,000.00",170.00%,Nikola Vlašić
341317,2017-08-25,17/18,23826,984,Leipzig,West Brom,"$15,200,000.00","$7,000,000.00",117.14%,Oliver Burke
198006,2017-08-22,17/18,720,931,Porto,Fulham,$0.00,"$2,000,000.00",-100.00%,Rafa Soares
253765,2017-08-22,17/18,398,180,Lazio,Southampton,"$16,000,000.00","$7,500,000.00",113.33%,Wesley Hoedt
81999,2017-08-16,17/18,512,762,Stoke City,Newcastle,"$5,500,000.00","$3,500,000.00",57.14%,Joselu
90466,2017-08-16,17/18,2288,29,Swansea,Everton,"$49,400,000.00","$25,000,000.00",97.60%,Gylfi Sigurdsson
236510,2017-08-16,17/18,31,931,Liverpool,Fulham,$0.00,"$2,000,000.00",-100.00%,Sheyi Ojo
112052,2017-08-10,17/18,720,512,Porto,Stoke City,"$7,700,000.00","$11,000,000.00",-30.00%,Bruno Martins Indi
315131,2017-08-10,17/18,985,873,Man Utd,Crystal Palace,$0.00,"$2,500,000.00",-100.00%,Timothy Fosu-Mensah
170934,2017-08-08,17/18,506,180,Juventus,Southampton,"$17,250,000.00","$7,500,000.00",130.00%,Mario Lemina
45660,2017-08-07,17/18,33,512,FC Schalke 04,Stoke City,$0.00,"$6,000,000.00",-100.00%,Eric-Maxim Choupo-Moting
349300,2017-08-07,17/18,1011,379,Halmstads BK,West Ham,"$3,000,000.00","$400,000.00",650.00%,Sead Haksabanovic
295330,2017-08-03,17/18,281,1003,Man City,Leicester,"$27,700,000.00","$15,000,000.00",84.67%,Kelechi Iheanacho
81775,2017-08-02,17/18,200,289,FC Utrecht,Sunderland,$0.00,"$2,500,000.00",-100.00%,Robbin Ruiter
242606,2017-08-01,17/18,379,355,West Ham,Bolton,$0.00,"$500,000.00",-100.00%,Josh Cullen
264220,2017-08-01,17/18,379,355,West Ham,Bolton,$0.00,"$1,000,000.00",-100.00%,Reece Burke
74683,2017-07-31,17/18,631,985,Chelsea,Man Utd,"$44,700,000.00","$35,000,000.00",27.71%,Nemanja Matić
338424,2017-07-28,17/18,16,762,Dortmund,Newcastle,$0.00,"$2,500,000.00",-100.00%,Mikel Merino
73564,2017-07-26,17/18,164,289,Blackburn,Sunderland,"$560,000.00","$1,000,000.00",-44.00%,Jason Steele
226739,2017-07-26,16/17,25580,281,Melbourne City,Man City,$0.00,"$600,000.00",-100.00%,Anthony Cáceres
73547,2017-07-25,17/18,1237,931,Brighton,Fulham,$0.00,"$2,500,000.00",-100.00%,Oliver Norwood
340950,2017-07-25,17/18,13,543,Atlético,Wolves,$0.00,"$8,000,000.00",-100.00%,Diogo Jota
157495,2017-07-24,17/18,162,281,Monaco,Man City,"$57,500,000.00","$13,000,000.00",342.31%,Benjamin Mendy
241481,2017-07-24,17/18,610,873,Ajax,Crystal Palace,"$9,000,000.00","$5,000,000.00",80.00%,Jaïro Riedewald
145707,2017-07-23,17/18,418,281,Real Madrid,Man City,"$30,000,000.00","$16,000,000.00",87.50%,Danilo
41384,2017-07-22,17/18,512,379,Stoke City,West Ham,"$22,300,000.00","$15,000,000.00",48.67%,Marko Arnautovic
51321,2017-07-22,17/18,379,641,West Ham,Middlesbrough,"$5,600,000.00","$2,500,000.00",124.00%,Darren Randolph
128223,2017-07-21,17/18,418,631,Real Madrid,Chelsea,"$66,000,000.00","$40,000,000.00",65.00%,Álvaro Morata
157509,2017-07-21,17/18,631,512,Chelsea,Stoke City,$0.00,"$15,000,000.00",-100.00%,Kurt Zouma
162029,2017-07-21,17/18,13,762,Atlético Madrid,Newcastle,"$5,000,000.00","$4,000,000.00",25.00%,Javier Manquillo
234803,2017-07-21,17/18,3008,31,Hull City,Liverpool,"$9,000,000.00","$7,000,000.00",28.57%,Andrew Robertson
357158,2017-07-20,17/18,162,543,Monaco,Wolves,$0.00,"$25,000.00",-100.00%,Rúben Vinagre
199527,2017-07-19,17/18,1123,762,Norwich,Newcastle,"$11,300,000.00","$1,000,000.00",1030.00%,Jacob Murphy
40204,2017-07-18,17/18,281,379,Man City,West Ham,$0.00,"$13,000,000.00",-100.00%,Joe Hart
111524,2017-07-17,17/18,7,984,Al Ahly,West Brom,$0.00,"$1,000,000.00",-100.00%,Ahmed Hegazy
186172,2017-07-17,17/18,703,641,Nottm Forest,Middlesbrough,"$17,100,000.00","$5,000,000.00",242.00%,Britt Assombalonga
250426,2017-07-17,17/18,762,355,Newcastle,Bolton,$0.00,"$1,500,000.00",-100.00%,Adam Armstrong
182618,2017-07-15,17/18,162,631,Monaco,Chelsea,"$40,000,000.00","$16,000,000.00",150.00%,Tiemoué Bakayoko
95424,2017-07-14,17/18,148,281,Tottenham,Man City,"$52,700,000.00","$30,000,000.00",75.67%,Kyle Walker
110864,2017-07-14,17/18,985,405,Man Utd,Aston Villa,$0.00,"$1,000,000.00",-100.00%,Sam Johnstone
214666,2017-07-14,17/18,2288,641,Swansea,Middlesbrough,$0.00,"$250,000.00",-100.00%,Connor Roberts
95732,2017-07-13,17/18,415,641,Toulouse,Middlesbrough,"$11,300,000.00","$7,500,000.00",50.67%,Martin Braithwaite
202886,2017-07-12,17/18,631,873,Chelsea,Crystal Palace,$0.00,"$5,000,000.00",-100.00%,Ruben Loftus-Cheek
29712,2017-07-10,17/18,1123,543,Norwich,Wolves,$0.00,"$3,000,000.00",-100.00%,John Ruddy
96341,2017-07-10,17/18,29,985,Everton,Man Utd,"$84,700,000.00","$50,000,000.00",69.40%,Romelu Lukaku
258889,2017-07-10,17/18,9250,31,Chelsea U23,Liverpool,$0.00,"$2,000,000.00",-100.00%,Dominic Solanke
86202,2017-07-09,17/18,12,631,Roma,Chelsea,"$35,000,000.00","$25,000,000.00",40.00%,Antonio Rüdiger
142310,2017-07-08,17/18,720,543,Porto,Wolves,$0.00,"$3,500,000.00",-100.00%,Willy Boly
156934,2017-07-08,17/18,29,289,Everton,Sunderland,$0.00,"$1,000,000.00",-100.00%,Tyias Browning
225161,2017-07-08,17/18,720,543,Porto,Wolves,"$17,900,000.00","$10,000,000.00",79.00%,Rúben Neves
160380,2017-07-07,17/18,3057,931,Standard Liège,Fulham,"$2,500,000.00","$2,000,000.00",25.00%,Ibrahima Cissé
65467,2017-07-06,17/18,368,1003,Sevilla FC,Leicester,"$15,000,000.00","$9,000,000.00",66.67%,Vicente Iborra
93720,2017-07-05,17/18,1041,11,Lyon,Arsenal,"$53,000,000.00","$40,000,000.00",32.50%,Alexandre Lacazette
127108,2017-07-04,17/18,1533,762,SD Eibar,Newcastle,"$10,000,000.00","$5,000,000.00",100.00%,Florian Lejeune
118534,2017-07-03,17/18,1132,29,Burnley,Everton,"$28,500,000.00","$18,000,000.00",58.33%,Michael Keane
199369,2017-07-03,17/18,1084,29,Málaga CF,Everton,"$6,000,000.00","$10,000,000.00",-40.00%,Sandro Ramírez
264429,2017-07-03,17/18,499,984,Vitesse,West Brom,"$7,200,000.00","$700,000.00",928.57%,Yuning Zhang
53360,2017-07-02,17/18,180,984,Southampton,West Brom,"$13,700,000.00","$10,000,000.00",37.00%,Jay Rodríguez
46106,2017-07-01,17/18,603,355,Cardiff,Bolton,$0.00,"$1,500,000.00",-100.00%,Adam Le Fondre
87856,2017-07-01,17/18,2425,543,Rio Ave,Wolves,"$3,000,000.00","$2,500,000.00",20.00%,Roderick Miranda
91854,2017-07-01,17/18,2293,543,Konyaspor,Wolves,"$1,140,000.00","$1,500,000.00",-24.00%,Barry Douglas
94005,2017-07-01,17/18,33,11,FC Schalke 04,Arsenal,$0.00,"$15,000,000.00",-100.00%,Sead Kolasinac
130164,2017-07-01,17/18,289,29,Sunderland,Everton,"$28,500,000.00","$15,000,000.00",90.00%,Jordan Pickford
148455,2017-07-01,17/18,12,31,Roma,Liverpool,"$42,000,000.00","$35,000,000.00",20.00%,Mohamed Salah
177907,2017-07-01,17/18,3008,1003,Hull City,Leicester,"$13,700,000.00","$8,000,000.00",71.25%,Harry Maguire
182932,2017-07-01,17/18,610,29,Ajax,Everton,"$27,000,000.00","$18,000,000.00",50.00%,Davy Klaassen
184573,2017-07-01,17/18,294,985,Benfica,Man Utd,"$35,000,000.00","$22,000,000.00",59.09%,Victor Lindelöf
238223,2017-07-01,17/18,294,281,Benfica,Man City,"$40,000,000.00","$22,000,000.00",81.82%,Ederson
241641,2017-07-01,17/18,162,281,Monaco,Man City,"$50,000,000.00","$40,000,000.00",25.00%,Bernardo Silva
243028,2017-07-01,17/18,238,180,Lech Poznan,Southampton,"$6,000,000.00","$500,000.00",1100.00%,Jan Bednarek
258883,2017-07-01,17/18,9261,29,Everton U23,Everton,,"$250,000.00",-100.00%,Jonjoe Kenny
258916,2017-07-01,17/18,9261,29,Everton U23,Everton,,"$250,000.00",-100.00%,Kieran Dowell
285845,2017-07-01,17/18,9249,11,Arsenal U23,Arsenal,,"$750,000.00",-100.00%,Ainsley Maitland-Niles
303254,2017-07-01,17/18,9250,631,Chelsea U23,Chelsea,,"$250,000.00",-100.00%,Fikayo Tomori
331726,2017-07-01,17/18,9250,631,Chelsea U23,Chelsea,,"$8,000,000.00",-100.00%,Tammy Abraham
380415,2017-07-01,17/18,1245,29,KAS Eupen,Everton,"$8,000,000.00","$7,000,000.00",14.29%,Henry Onyekuru
33027,2017-06-30,16/17,1090,762,AZ Alkmaar,Newcastle,$0.00,"$4,000,000.00",-100.00%,Tim Krul
40204,2017-06-30,16/17,416,281,Torino,Man City,$0.00,"$13,000,000.00",-100.00%,Joe Hart
44058,2017-06-30,16/17,12,11,Roma,Arsenal,$0.00,"$17,000,000.00",-100.00%,Wojciech Szczesny
81999,2017-06-30,16/17,897,512,Dep. La Coruña,Stoke City,$0.00,"$3,500,000.00",-100.00%,Joselu
85383,2017-06-30,16/17,1108,281,Alavés,Man City,$0.00,"$500,000.00",-100.00%,Rubén Sobrino
90681,2017-06-30,16/17,1049,281,Valencia,Man City,$0.00,"$15,000,000.00",-100.00%,Eliaquim Mangala
91970,2017-06-30,16/17,506,631,Juventus,Chelsea,$0.00,"$25,000,000.00",-100.00%,Juan Cuadrado
115507,2017-06-30,16/17,276,281,Hellas Verona,Man City,$0.00,"$1,200,000.00",-100.00%,Bruno Zuculini
129476,2017-06-30,16/17,5,29,AC Milan,Everton,$0.00,"$12,000,000.00",-100.00%,Gerard Deulofeu
131248,2017-06-30,16/17,336,11,Sporting,Arsenal,$0.00,"$6,000,000.00",-100.00%,Joel Campbell
131708,2017-06-30,16/17,11282,631,Alanyaspor,Chelsea,$0.00,"$2,000,000.00",-100.00%,Kenneth Omeruo
131996,2017-06-30,16/17,610,631,Ajax,Chelsea,$0.00,"$8,000,000.00",-100.00%,Bertrand Traoré
164771,2017-06-30,16/17,618,405,Saint-Étienne,Aston Villa,$0.00,"$9,000,000.00",-100.00%,Jordan Veretout
168408,2017-06-30,16/17,4529,762,Dunajska Streda,Newcastle,$0.00,"$250,000.00",-100.00%,Lubomir Satka
183321,2017-06-30,16/17,452,762,Young Boys,Newcastle,$0.00,"$750,000.00",-100.00%,Kevin Mbabu
184892,2017-06-30,16/17,244,762,Marseille,Newcastle,$0.00,"$18,000,000.00",-100.00%,Florian Thauvin
186863,2017-06-30,16/17,475,631,Sint-Truiden,Chelsea,$0.00,"$900,000.00",-100.00%,Cristian Cuevas
188862,2017-06-30,16/17,24,985,Frankfurt,Man Utd,$0.00,"$750,000.00",-100.00%,Guillermo Varela
195488,2017-06-30,16/17,367,180,Rayo Vallecano,Southampton,$0.00,"$1,000,000.00",-100.00%,Paulo Gazzaniga
196948,2017-06-30,16/17,18,631,Mönchengladbach,Chelsea,$0.00,"$18,000,000.00",-100.00%,Andreas Christensen
203394,2017-06-30,16/17,16795,985,Granada CF,Man Utd,$0.00,"$5,000,000.00",-100.00%,Andreas Pereira
203853,2017-06-30,16/17,383,281,PSV,Man City,$0.00,"$4,500,000.00",-100.00%,Oleksandr Zinchenko
205938,2017-06-30,16/17,5,631,AC Milan,Chelsea,$0.00,"$8,000,000.00",-100.00%,Mario Pašalić
210178,2017-06-30,16/17,12321,281,Girona,Man City,$0.00,"$400,000.00",-100.00%,Pablo Marí
224884,2017-06-30,16/17,33,631,FC Schalke 04,Chelsea,$0.00,"$8,000,000.00",-100.00%,Abdul Rahman Baba
229695,2017-06-30,16/17,317,281,FC Twente,Man City,$0.00,"$2,500,000.00",-100.00%,Bersant Celina
251106,2017-06-30,16/17,317,281,FC Twente,Man City,$0.00,"$10,000,000.00",-100.00%,Enes Ünal
251876,2017-06-30,16/17,12321,281,Girona,Man City,$0.00,"$500,000.00",-100.00%,Pablo Maffeo
295313,2017-06-30,16/17,467,31,NEC Nijmegen,Liverpool,$0.00,"$400,000.00",-100.00%,Taiwo Awoniyi
345654,2017-06-30,16/17,897,281,Dep. La Coruña,Man City,$0.00,"$1,000,000.00",-100.00%,Marlos Moreno
47713,2017-05-31,16/17,873,31,Crystal Palace,Liverpool,$0.00,"$10,000,000.00",-100.00%,Mamadou Sakho
110864,2017-05-31,16/17,405,985,Aston Villa,Man Utd,$0.00,"$500,000.00",-100.00%,Sam Johnstone
129592,2017-05-31,16/17,22,641,Derby,Middlesbrough,$0.00,"$2,000,000.00",-100.00%,Julien De Sart
138335,2017-05-31,16/17,1071,512,Wigan,Stoke City,$0.00,"$1,000,000.00",-100.00%,Jakob Haugaard
139503,2017-05-31,16/17,29,379,Everton,West Ham,$0.00,"$10,000,000.00",-100.00%,Enner Valencia
144303,2017-05-31,16/17,3008,31,Hull City,Liverpool,$0.00,"$10,000,000.00",-100.00%,Lazar Markovic
156934,2017-05-31,16/17,466,29,Preston,Everton,$0.00,"$1,000,000.00",-100.00%,Tyias Browning
169801,2017-05-31,16/17,2963,931,Burton Albion,Fulham,$0.00,"$750,000.00",-100.00%,Cauley Woodrow
177847,2017-05-31,16/17,289,985,Sunderland,Man Utd,$0.00,"$7,000,000.00",-100.00%,Adnan Januzaj
182710,2017-05-31,16/17,703,543,Nott'm Forest,Wolves,$0.00,"$1,000,000.00",-100.00%,João Teixeira
197642,2017-05-31,16/17,1237,11,Brighton,Arsenal,$0.00,"$1,000,000.00",-100.00%,Chuba Akpom
203026,2017-05-31,16/17,1110,31,Huddersfield,Liverpool,$0.00,"$1,500,000.00",-100.00%,Danny Ward
215118,2017-05-31,16/17,641,11,Middlesbrough,Arsenal,$0.00,"$12,000,000.00",-100.00%,Calum Chambers
226049,2017-05-31,16/17,2553,762,Kilmarnock FC,Newcastle,$0.00,"$250,000.00",-100.00%,Freddie Woodman
229970,2017-05-31,16/17,677,1003,Ipswich,Leicester,$0.00,"$1,500,000.00",-100.00%,Tom Lawrence
242606,2017-05-31,16/17,1027,379,Bradford,West Ham,$0.00,"$250,000.00",-100.00%,Josh Cullen
243633,2017-05-31,16/17,703,405,Nott'm Forest,Aston Villa,$0.00,"$3,000,000.00",-100.00%,Aaron Tshibola
250426,2017-05-31,16/17,349,762,Barnsley,Newcastle,$0.00,"$1,500,000.00",-100.00%,Adam Armstrong
251664,2017-05-31,16/17,2964,762,Scunthorpe Utd.,Newcastle,$0.00,"$500,000.00",-100.00%,Ivan Toney
255788,2017-05-31,16/17,2413,931,Bury,Fulham,$0.00,"$350,000.00",-100.00%,Cameron Burgess
264220,2017-05-31,16/17,1071,379,Wigan,West Ham,$0.00,"$1,000,000.00",-100.00%,Reece Burke
271997,2017-05-31,16/17,349,1003,Barnsley,Leicester,$0.00,"$250,000.00",-100.00%,Callum Elder
314295,2017-05-31,16/17,1032,379,Reading,West Ham,$0.00,"$4,000,000.00",-100.00%,Reece Oxford
102427,2017-02-01,16/17,336,289,Sporting CP,Sunderland,$0.00,"$6,000,000.00",-100.00%,Sebastián Coates
378293,2017-02-01,16/17,30504,281,Atl. Venezuela,Man City,"$1,000,000.00","$900,000.00",11.11%,Yangel Herrera
46106,2017-01-31,16/17,603,355,Cardiff,Bolton,$0.00,"$1,750,000.00",-100.00%,Adam Le Fondre
47713,2017-01-31,16/17,31,873,Liverpool,Crystal Palace,$0.00,"$12,000,000.00",-100.00%,Mamadou Sakho
391127,2017-01-31,16/17,337,355,Birmingham,Bolton,$0.00,"$200,000.00",-100.00%,Viv Solomon-Otabor
33027,2017-01-30,16/17,610,762,Ajax,Newcastle,$0.00,"$6,500,000.00",-100.00%,Tim Krul
52119,2017-01-30,16/17,289,873,Sunderland,Crystal Palace,"$10,500,000.00","$6,000,000.00",75.00%,Patrick van Aanholt
173900,2017-01-30,16/17,294,543,Benfica,Wolves,"$15,000,000.00","$3,000,000.00",400.00%,Hélder Costa
183298,2017-01-30,16/17,1132,355,Burnley,Bolton,$0.00,"$1,000,000.00",-100.00%,Chris Long
234787,2017-01-30,16/17,1035,164,Sheff Wed,Blackburn,$0.00,"$2,500,000.00",-100.00%,Lucas João
271997,2017-01-30,16/17,1148,1003,Brentford,Leicester,$0.00,"$200,000.00",-100.00%,Callum Elder
324223,2017-01-25,16/17,349,405,Barnsley,Aston Villa,"$3,500,000.00","$250,000.00",1300.00%,James Bree
144303,2017-01-22,16/17,336,31,Sporting CP,Liverpool,$0.00,"$14,000,000.00",-100.00%,Lazar Markovic
33829,2017-01-20,16/17,180,379,Southampton,West Ham,"$9,200,000.00","$6,000,000.00",53.33%,José Fonte
49693,2017-01-19,16/17,22,543,Derby,Wolves,$0.00,"$3,000,000.00",-100.00%,Andreas Weimann
115507,2017-01-15,16/17,367,281,Rayo Vallecano,Man City,$0.00,"$1,200,000.00",-100.00%,Bruno Zuculini
157506,2017-01-13,16/17,1003,873,Leicester,Crystal Palace,"$13,800,000.00","$8,000,000.00",72.50%,Jeffrey Schlupp
345763,2017-01-13,16/17,45277,543,Kerala Blasters,Wolves,$0.00,"$350,000.00",-100.00%,Duckens Nazon
56818,2017-01-12,16/17,985,29,Man Utd,Everton,"$23,000,000.00","$28,000,000.00",-17.86%,Morgan Schneiderlin
177476,2017-01-08,16/17,989,631,Bournemouth,Chelsea,$0.00,"$5,000,000.00",-100.00%,Nathan Aké
110864,2017-01-05,16/17,985,405,Man Utd,Aston Villa,$0.00,"$250,000.00",-100.00%,Sam Johnstone
251664,2017-01-05,16/17,3054,762,Shrewsbury,Newcastle,$0.00,"$500,000.00",-100.00%,Ivan Toney
255788,2017-01-05,16/17,1078,931,Oldham Athletic,Fulham,$0.00,"$350,000.00",-100.00%,Cameron Burgess
406040,2017-01-05,16/17,358,29,Charlton,Everton,"$8,800,000.00","$1,500,000.00",486.67%,Ademola Lookman
274839,2017-01-03,16/17,1184,1003,Genk,Leicester,"$17,600,000.00","$8,000,000.00",120.00%,Wilfred Ndidi
46104,2017-01-02,16/17,46,281,Inter,Man City,$0.00,"$10,000,000.00",-100.00%,Stevan Jovetić
228791,2017-01-02,16/17,1219,355,Chesterfield FC,Bolton,$0.00,"$100,000.00",-100.00%,Conor Wilkinson
363205,2017-01-01,16/17,1023,281,Palmeiras,Man City,"$32,000,000.00","$16,000,000.00",100.00%,Gabriel Jesus
229604,2016-12-31,16/17,681,281,Real Sociedad,Man City,$0.00,"$8,000,000.00",-100.00%,Gerónimo Rulli
281404,2016-12-12,16/17,1010,631,Watford,Chelsea,$0.00,"$8,000,000.00",-100.00%,Kenedy
138285,2016-09-07,16/17,2503,289,Boavista,Sunderland,"$1,500,000.00","$2,000,000.00",-25.00%,Mika
111508,2016-08-31,16/17,1010,984,Watford,West Brom,"$4,700,000.00","$4,000,000.00",17.50%,Allan Nyom
112052,2016-08-31,16/17,720,512,Porto,Stoke City,$0.00,"$10,000,000.00",-100.00%,Bruno Martins Indi
112515,2016-08-31,16/17,430,631,Fiorentina,Chelsea,"$23,000,000.00","$9,000,000.00",155.56%,Marcos Alonso
139503,2016-08-31,16/17,379,29,West Ham,Everton,$0.00,"$10,000,000.00",-100.00%,Enner Valencia
149716,2016-08-31,16/17,162,543,Monaco,Wolves,"$8,000,000.00","$7,500,000.00",6.67%,Ivan Cavaleiro
174915,2016-08-31,16/17,336,1003,Sporting,Leicester,"$31,000,000.00","$22,000,000.00",40.91%,Islam Slimani
176485,2016-08-31,16/17,631,931,Chelsea,Fulham,$0.00,"$2,500,000.00",-100.00%,Lucas Piazón
204103,2016-08-31,16/17,405,641,Aston Villa,Middlesbrough,"$8,250,000.00","$8,000,000.00",3.13%,Adama Traoré
306024,2016-08-31,16/17,350,29,Sheff Utd,Everton,"$1,800,000.00","$100,000.00",1700.00%,Dominic Calvert-Lewin
73185,2016-08-30,16/17,897,11,Dep. La Coruña,Arsenal,"$20,000,000.00","$12,000,000.00",66.67%,Lucas Pérez
204198,2016-08-30,16/17,1420,543,Angers SCO,Wolves,"$4,000,000.00","$4,000,000.00",0.00%,Romain Saïss
215118,2016-08-30,16/17,11,641,Arsenal,Middlesbrough,$0.00,"$12,000,000.00",-100.00%,Calum Chambers
59631,2016-08-29,16/17,148,984,Tottenham,West Brom,"$15,200,000.00","$13,000,000.00",16.92%,Nacer Chadli
232271,2016-08-29,16/17,1082,180,Lille,Southampton,"$18,700,000.00","$13,000,000.00",43.85%,Sofiane Boufal
180843,2016-08-26,16/17,1304,543,Heracles Almelo,Wolves,"$2,000,000.00","$650,000.00",207.69%,Paul Gladon
40423,2016-08-25,16/17,131,281,Barcelona,Man City,"$18,000,000.00","$15,000,000.00",20.00%,Claudio Bravo
162029,2016-08-25,16/17,13,289,Atlético Madrid,Sunderland,$0.00,"$5,000,000.00",-100.00%,Javier Manquillo
247555,2016-08-25,16/17,321,379,FC Sion,West Ham,"$6,400,000.00","$4,500,000.00",42.22%,Edimilson Fernandes
255916,2016-08-24,16/17,148,762,Tottenham,Newcastle,"$5,900,000.00","$3,000,000.00",96.67%,DeAndre Yedlin
55687,2016-08-23,16/17,1003,405,Leicester,Aston Villa,"$2,300,000.00","$2,000,000.00",15.00%,Ritchie De Laet
258879,2016-08-21,16/17,9251,543,Man Utd U23,Wolves,$0.00,"$3,000,000.00",-100.00%,Cameron Borthwick-Jackson
75471,2016-08-15,16/17,873,29,Crystal Palace,Everton,"$28,900,000.00","$14,000,000.00",106.43%,Yannick Bolasie
210178,2016-08-15,16/17,5648,281,Gimnàstic,Man City,"$200,000.00","$500,000.00",-60.00%,Pablo Marí
177847,2016-08-12,16/17,985,289,Man Utd,Sunderland,$0.00,"$7,000,000.00",-100.00%,Adnan Januzaj
167268,2016-08-11,16/17,985,289,Man Utd,Sunderland,"$5,250,000.00","$4,000,000.00",31.25%,Paddy McNair
284727,2016-08-11,16/17,18075,379,CD Maldonado,West Ham,$0.00,"$10,000,000.00",-100.00%,Jonathan Calleri
122153,2016-08-09,16/17,506,985,Juventus,Man Utd,"$105,000,000.00","$70,000,000.00",50.00%,Paul Pogba
186590,2016-08-09,16/17,29,281,Everton,Man City,"$55,600,000.00","$28,000,000.00",98.57%,John Stones
45403,2016-08-08,16/17,2288,379,Swansea,West Ham,"$24,100,000.00","$18,000,000.00",33.89%,André Ayew
181380,2016-08-08,16/17,683,379,Olympiacos,West Ham,"$7,100,000.00","$7,000,000.00",1.43%,Arthur Masuaku
229604,2016-08-08,16/17,18075,281,CD Maldonado,Man City,"$4,700,000.00","$8,000,000.00",-41.25%,Gerónimo Rulli
136610,2016-08-05,16/17,631,289,Chelsea,Sunderland,"$9,500,000.00","$4,500,000.00",111.11%,Papy Djilobodji
345654,2016-08-05,16/17,8172,281,Atl. Nacional,Man City,"$5,500,000.00","$1,000,000.00",450.00%,Marlos Moreno
246579,2016-08-03,16/17,5689,1003,Cracovia,Leicester,"$5,000,000.00","$5,000,000.00",0.00%,Bartosz Kapustka
126665,2016-08-02,16/17,405,29,Aston Villa,Everton,"$8,500,000.00","$9,000,000.00",-5.56%,Idrissa Gueye
192565,2016-08-02,16/17,33,281,FC Schalke 04,Man City,"$52,000,000.00","$30,000,000.00",73.33%,Leroy Sané
95976,2016-08-01,16/17,873,180,Crystal Palace,Southampton,"$4,700,000.00","$3,000,000.00",56.67%,Alex McCarthy
182710,2016-08-01,16/17,10330,543,Benfica B,Wolves,$0.00,"$1,000,000.00",-100.00%,João Teixeira
173900,2016-07-29,16/17,294,543,Benfica,Wolves,$0.00,"$3,000,000.00",-100.00%,Hélder Costa
51452,2016-07-25,16/17,31,512,Liverpool,Stoke City,"$15,500,000.00","$8,000,000.00",93.75%,Joe Allen
49499,2016-07-22,16/17,762,31,Newcastle,Liverpool,"$27,500,000.00","$20,000,000.00",37.50%,Georginio Wijnaldum
253341,2016-07-22,16/17,355,11,Bolton,Arsenal,"$3,000,000.00","$250,000.00",1100.00%,Rob Holding
121385,2016-07-21,16/17,164,762,Blackburn,Newcastle,"$6,600,000.00","$2,500,000.00",164.00%,Grant Hanley
18644,2016-07-20,16/17,1049,641,Valencia,Middlesbrough,$0.00,"$7,500,000.00",-100.00%,Álvaro Negredo
247289,2016-07-19,16/17,12363,5551,N. Sembilan FA,Newcastle,,"$150,000.00",-100.00%,Andrew Nabbout
245744,2016-07-18,16/17,2697,11,Sanf. Hiroshima,Arsenal,"$4,000,000.00","$1,200,000.00",233.33%,Takuma Asano
225083,2016-07-16,16/17,1003,631,Leicester,Chelsea,"$35,800,000.00","$20,000,000.00",79.00%,N'Golo Kanté
59641,2016-07-14,16/17,498,931,KSC Lokeren,Fulham,"$1,000,000.00","$1,500,000.00",-33.33%,Denis Odoi
82130,2016-07-11,16/17,114,379,Besiktas,West Ham,$0.00,"$15,000,000.00",-100.00%,Gökhan Töre
167799,2016-07-11,16/17,27,180,Bayern Munich,Southampton,"$15,000,000.00","$6,000,000.00",150.00%,Pierre-Emile Højbjerg
206225,2016-07-11,16/17,9249,762,Arsenal U23,Newcastle,"$2,900,000.00","$500,000.00",480.00%,Isaac Hayden
243633,2016-07-10,16/17,1032,405,Reading,Aston Villa,"$5,900,000.00","$200,000.00",2850.00%,Aaron Tshibola
165334,2016-07-08,16/17,371,762,Celtic,Newcastle,$0.00,"$100,000.00",-100.00%,Stuart Findlay
168337,2016-07-08,16/17,2410,1003,CSKA Moscow,Leicester,"$19,500,000.00","$18,000,000.00",8.33%,Ahmed Musa
244192,2016-07-08,16/17,276,405,Hellas Verona,Aston Villa,"$5,000,000.00","$2,000,000.00",150.00%,Pierluigi Gollini
55735,2016-07-06,16/17,16,985,Dortmund,Man Utd,"$42,000,000.00","$30,000,000.00",40.00%,Henrikh Mkhitaryan
61592,2016-07-05,16/17,379,873,West Ham,Crystal Palace,"$11,700,000.00","$6,000,000.00",95.00%,James Tomkins
133179,2016-07-04,16/17,800,641,Atalanta,Middlesbrough,"$10,500,000.00","$5,000,000.00",110.00%,Marten de Roon
203853,2016-07-04,16/17,28095,281,Ufa,Man City,"$2,250,000.00","$4,000,000.00",-43.75%,Oleksandr Zinchenko
111051,2016-07-03,16/17,417,1003,Nice,Leicester,"$15,500,000.00","$7,500,000.00",106.67%,Nampalys Mendy
179184,2016-07-03,16/17,244,631,Marseille,Chelsea,"$39,000,000.00","$15,000,000.00",160.00%,Michy Batshuayi
14044,2016-07-01,16/17,931,543,Fulham,Wolves,"$300,000.00","$500,000.00",-40.00%,Andy Lonergan
21327,2016-07-01,16/17,42,1003,Hannover 96,Leicester,"$3,500,000.00","$8,000,000.00",-56.25%,Ron-Robert Zieler
23951,2016-07-01,16/17,244,873,Marseille,Crystal Palace,$0.00,"$10,000,000.00",-100.00%,Steve Mandanda
53622,2016-07-01,16/17,16,281,Dortmund,Man City,"$27,000,000.00","$30,000,000.00",-10.00%,İlkay Gündoğan
57162,2016-07-01,16/17,1049,379,Valencia,West Ham,$0.00,"$15,000,000.00",-100.00%,Sofiane Feghouli
61842,2016-07-01,16/17,762,873,Newcastle,Crystal Palace,"$15,600,000.00","$9,000,000.00",73.33%,Andros Townsend
62945,2016-07-01,16/17,2448,1003,Sporting Gijón,Leicester,$0.00,"$2,500,000.00",-100.00%,Luis Hernández
64598,2016-07-01,16/17,2448,641,Sporting Gijón,Middlesbrough,$0.00,"$2,500,000.00",-100.00%,Bernardo Espinosa
82105,2016-07-01,16/17,33,31,FC Schalke 04,Liverpool,$0.00,"$18,000,000.00",-100.00%,Joel Matip
85864,2016-07-01,16/17,39,31,1.FSV Mainz 05,Liverpool,"$6,200,000.00","$7,000,000.00",-11.43%,Loris Karius
92469,2016-07-01,16/17,989,762,Bournemouth,Newcastle,"$12,000,000.00","$6,000,000.00",100.00%,Matt Ritchie
111455,2016-07-01,16/17,18,11,Mönchengladbach,Arsenal,"$45,000,000.00","$35,000,000.00",28.57%,Granit Xhaka
127202,2016-07-01,16/17,157,762,KAA Gent,Newcastle,"$6,600,000.00","$6,500,000.00",1.54%,Matz Sels
129078,2016-07-01,16/17,1123,180,Norwich,Southampton,"$13,500,000.00","$7,500,000.00",80.00%,Nathan Redmond
135853,2016-07-01,16/17,2524,379,Al-Jazira,West Ham,"$12,000,000.00","$9,000,000.00",33.33%,Manuel Lanzini
171382,2016-07-01,16/17,5724,5551,Randers FC,Newcastle,$0.00,"$150,000.00",-100.00%,Jack Duncan
196522,2016-07-01,16/17,873,762,Crystal Palace,Newcastle,"$12,000,000.00","$3,000,000.00",300.00%,Dwight Gayle
200512,2016-07-01,16/17,180,31,Southampton,Liverpool,"$41,200,000.00","$20,000,000.00",106.00%,Sadio Mané
251876,2016-07-01,16/17,9265,281,Man City U23,Man City,,"$100,000.00",-100.00%,Pablo Maffeo
271997,2016-07-01,16/17,39341,1003,Leicester U23,Leicester,,"$100,000.00",-100.00%,Callum Elder
286384,2016-07-01,16/17,1050,985,Villarreal,Man Utd,"$38,000,000.00","$8,000,000.00",375.00%,Eric Bailly
28396,2016-06-30,15/16,12,281,Roma,Man City,$0.00,"$15,000,000.00",-100.00%,Edin Dzeko
45146,2016-06-30,15/16,5,31,AC Milan,Liverpool,$0.00,"$7,000,000.00",-100.00%,Mario Balotelli
46580,2016-06-30,15/16,533,1003,Hoffenheim,Leicester,$0.00,"$7,500,000.00",-100.00%,Andrej Kramaric
85383,2016-06-30,15/16,12321,281,Girona,Man City,$0.00,"$400,000.00",-100.00%,Rubén Sobrino
91970,2016-06-30,15/16,506,631,Juventus,Chelsea,$0.00,"$25,000,000.00",-100.00%,Juan Cuadrado
113707,2016-06-30,15/16,244,762,Marseille,Newcastle,$0.00,"$8,000,000.00",-100.00%,Rémy Cabella
115507,2016-06-30,15/16,2441,281,AEK Athens,Man City,$0.00,"$1,500,000.00",-100.00%,Bruno Zuculini
127108,2016-06-30,15/16,12321,281,Girona,Man City,$0.00,"$800,000.00",-100.00%,Florian Lejeune
128220,2016-06-30,15/16,897,31,Dep. La Coruña,Liverpool,$0.00,"$4,000,000.00",-100.00%,Luis Alberto
131708,2016-06-30,15/16,10484,631,Kasimpasa,Chelsea,$0.00,"$1,800,000.00",-100.00%,Kenneth Omeruo
136610,2016-06-30,15/16,86,631,Werder Bremen,Chelsea,$0.00,"$3,500,000.00",-100.00%,Papy Djilobodji
136647,2016-06-30,15/16,38,289,F. Düsseldorf,Sunderland,$0.00,"$1,000,000.00",-100.00%,Charalampos Mavrias
144303,2016-06-30,15/16,36,31,Fenerbahce,Liverpool,$0.00,"$15,000,000.00",-100.00%,Lazar Markovic
147034,2016-06-30,15/16,383,631,PSV,Chelsea,$0.00,"$7,000,000.00",-100.00%,Marco van Ginkel
148455,2016-06-30,15/16,12,631,Roma,Chelsea,$0.00,"$23,000,000.00",-100.00%,Mohamed Salah
182912,2016-06-30,15/16,1154,931,Red Star FC,Fulham,$0.00,"$500,000.00",-100.00%,Ange-Freddy Plumain
184892,2016-06-30,15/16,244,762,Marseille,Newcastle,$0.00,"$9,000,000.00",-100.00%,Florian Thauvin
186863,2016-06-30,15/16,475,631,Sint-Truiden,Chelsea,$0.00,"$1,500,000.00",-100.00%,Cristian Cuevas
205938,2016-06-30,15/16,162,631,Monaco,Chelsea,$0.00,"$5,000,000.00",-100.00%,Mario Pašalić
222813,2016-06-30,15/16,159,31,Red Star,Liverpool,$0.00,"$5,000,000.00",-100.00%,Marko Grujić
245072,2016-06-30,15/16,410,631,Udinese Calcio,Chelsea,$0.00,"$1,000,000.00",-100.00%,Stipe Perica
251106,2016-06-30,15/16,132,281,NAC Breda,Man City,$0.00,"$3,000,000.00",-100.00%,Enes Ünal
295313,2016-06-30,15/16,293,31,FSV Frankfurt,Liverpool,$0.00,"$300,000.00",-100.00%,Taiwo Awoniyi
55687,2016-05-31,15/16,641,1003,Middlesbrough,Leicester,$0.00,"$2,500,000.00",-100.00%,Ritchie De Laet
59866,2016-05-31,15/16,379,631,West Ham,Chelsea,$0.00,"$7,500,000.00",-100.00%,Victor Moses
77001,2016-05-31,15/16,1110,543,Huddersfield,Wolves,$0.00,"$1,500,000.00",-100.00%,Rajiv van La Parra
111426,2016-05-31,15/16,2805,405,Wycombe,Aston Villa,$0.00,"$250,000.00",-100.00%,Benjamin Siegrist
111873,2016-05-31,15/16,543,11,Wolves,Arsenal,$0.00,"$1,500,000.00",-100.00%,Emiliano Martínez
163744,2016-05-31,15/16,990,180,Coventry,Southampton,$0.00,"$250,000.00",-100.00%,Jack Stephens
177476,2016-05-31,15/16,1010,631,Watford,Chelsea,$0.00,"$4,500,000.00",-100.00%,Nathan Aké
197642,2016-05-31,15/16,3008,11,Hull City,Arsenal,$0.00,"$1,000,000.00",-100.00%,Chuba Akpom
228791,2016-05-31,15/16,1020,355,Portsmouth,Bolton,$0.00,"$100,000.00",-100.00%,Conor Wilkinson
229970,2016-05-31,15/16,603,1003,Cardiff,Leicester,$0.00,"$1,000,000.00",-100.00%,Tom Lawrence
243591,2016-05-31,15/16,352,31,Swindon Town,Liverpool,$0.00,"$100,000.00",-100.00%,Lawrence Vigouroux
250426,2016-05-31,15/16,990,762,Coventry,Newcastle,$0.00,"$1,000,000.00",-100.00%,Adam Armstrong
251664,2016-05-31,15/16,349,762,Barnsley,Newcastle,$0.00,"$500,000.00",-100.00%,Ivan Toney
255788,2016-05-31,15/16,3371,931,Cheltenham,Fulham,$0.00,"$350,000.00",-100.00%,Cameron Burgess
264220,2016-05-31,15/16,1027,379,Bradford,West Ham,$0.00,"$1,000,000.00",-100.00%,Reece Burke
176485,2016-04-29,15/16,1032,631,Reading,Chelsea,$0.00,"$3,000,000.00",-100.00%,Lucas Piazón
228791,2016-03-21,15/16,3716,355,Newport County,Bolton,$0.00,"$100,000.00",-100.00%,Conor Wilkinson
111426,2016-03-18,15/16,12335,405,Solihull Moors,Aston Villa,$0.00,"$250,000.00",-100.00%,Benjamin Siegrist
55687,2016-02-01,15/16,1003,641,Leicester,Middlesbrough,$0.00,"$2,500,000.00",-100.00%,Ritchie De Laet
123349,2016-02-01,15/16,336,931,Sporting,Fulham,$0.00,"$3,000,000.00",-100.00%,Zakaria Labyad
129592,2016-02-01,15/16,3057,641,Standard Liège,Middlesbrough,"$2,600,000.00","$2,500,000.00",4.00%,Julien De Sart
130756,2016-02-01,15/16,720,512,FC Porto,Stoke City,"$24,250,000.00","$16,000,000.00",51.56%,Giannelli Imbula
159471,2016-02-01,15/16,984,11,West Brom,Arsenal,$0.00,"$3,500,000.00",-100.00%,Serge Gnabry
200777,2016-02-01,15/16,148,984,Tottenham,West Brom,$0.00,"$3,000,000.00",-100.00%,Alex Pritchard
147034,2016-01-31,15/16,512,631,Stoke City,Chelsea,$0.00,"$7,500,000.00",-100.00%,Marco van Ginkel
229970,2016-01-31,15/16,164,1003,Blackburn,Leicester,$0.00,"$1,000,000.00",-100.00%,Tom Lawrence
103565,2016-01-30,15/16,40,289,G. Bordeaux,Sunderland,"$11,800,000.00","$7,500,000.00",57.33%,Wahbi Khazri
245893,2016-01-30,15/16,623,631,New York,Chelsea,"$4,600,000.00","$150,000.00",2966.67%,Matt Miazga
132764,2016-01-29,15/16,358,164,Charlton,Blackburn,$0.00,"$1,500,000.00",-100.00%,Tony Watt
251106,2016-01-29,15/16,1184,281,Genk,Man City,$0.00,"$3,200,000.00",-100.00%,Enes Ünal
61842,2016-01-27,15/16,148,762,Tottenham,Newcastle,"$15,700,000.00","$8,000,000.00",96.25%,Andros Townsend
110864,2016-01-23,15/16,466,985,Preston,Man Utd,$0.00,"$250,000.00",-100.00%,Sam Johnstone
214056,2016-01-22,15/16,190,1003,FC Copenhagen,Leicester,"$6,600,000.00","$3,000,000.00",120.00%,Daniel Amartey
236953,2016-01-20,15/16,399,379,Leeds,West Ham,"$4,800,000.00","$3,500,000.00",37.14%,Sam Byram
226739,2016-01-15,15/16,6954,281,Central Coast,Man City,"$320,000.00","$350,000.00",-8.57%,Anthony Cáceres
160438,2016-01-14,15/16,26,11,Basel,Arsenal,"$12,500,000.00","$4,000,000.00",212.50%,Mohamed Elneny
71292,2016-01-12,15/16,2288,762,Swansea,Newcastle,"$16,000,000.00","$12,000,000.00",33.33%,Jonjo Shelvey
131758,2016-01-11,15/16,3684,931,Stevenage,Fulham,$0.00,"$250,000.00",-100.00%,Jesse Joronen
203026,2016-01-10,15/16,370,31,Aberdeen FC,Liverpool,$0.00,"$350,000.00",-100.00%,Danny Ward
262971,2016-01-08,15/16,327,5551,NK Osijek,Newcastle,$0.00,"$250,000.00",-100.00%,Steven Ugarkovic
177847,2016-01-07,15/16,16,985,Dortmund,Man Utd,$0.00,"$8,000,000.00",-100.00%,Adnan Januzaj
236510,2016-01-07,15/16,543,31,Wolves,Liverpool,$0.00,"$500,000.00",-100.00%,Sheyi Ojo
141573,2016-01-06,15/16,1028,543,Millwall,Wolves,$0.00,"$750,000.00",-100.00%,George Saville
222813,2016-01-06,15/16,159,31,Red Star,Liverpool,"$7,000,000.00","$3,000,000.00",133.33%,Marko Grujić
163744,2016-01-04,15/16,641,180,Middlesbrough,Southampton,$0.00,"$250,000.00",-100.00%,Jack Stephens
228791,2016-01-04,15/16,349,355,Barnsley FC,Bolton,$0.00,"$100,000.00",-100.00%,Conor Wilkinson
292417,2016-01-04,15/16,337,1003,Birmingham,Leicester,"$5,100,000.00","$4,000,000.00",27.50%,Demarai Gray
77001,2016-01-02,15/16,1237,543,Brighton,Wolves,$0.00,"$1,500,000.00",-100.00%,Rajiv van La Parra
115507,2016-01-02,15/16,641,281,Middlesbrough,Man City,$0.00,"$1,500,000.00",-100.00%,Bruno Zuculini
130164,2016-01-01,15/16,466,289,Preston,Sunderland,$0.00,"$500,000.00",-100.00%,Jordan Pickford
251664,2015-12-23,15/16,349,762,Barnsley,Newcastle,$0.00,"$500,000.00",-100.00%,Ivan Toney
114365,2015-12-21,15/16,355,281,Bolton,Man City,$0.00,"$500,000.00",-100.00%,Luke Brattan
171721,2015-12-14,15/16,1519,931,Dundee United,Fulham,$0.00,"$400,000.00",-100.00%,Adam Taggart
296454,2015-11-21,15/16,75,5551,Unknown,Newcastle,$0.00,"$50,000.00",-100.00%,Ryan Kitto
114365,2015-10-27,15/16,281,355,Man City,Bolton,$0.00,"$500,000.00",-100.00%,Luke Brattan
114365,2015-10-26,15/16,7831,281,Brisbane Roar,Man City,$0.00,"$500,000.00",-100.00%,Luke Brattan
115507,2015-10-26,15/16,281,641,Man City,Middlesbrough,$0.00,"$1,500,000.00",-100.00%,Bruno Zuculini
226049,2015-10-11,15/16,3537,762,Crawley Town,Newcastle,$0.00,"$250,000.00",-100.00%,Freddie Woodman
11111,2015-09-01,15/16,209,29,River Plate,Everton,"$12,200,000.00","$6,000,000.00",103.33%,Ramiro Funes Mori
59866,2015-09-01,15/16,631,379,Chelsea,West Ham,$0.00,"$7,500,000.00",-100.00%,Victor Moses
104124,2015-09-01,15/16,703,379,Nott'm Forest,West Ham,"$9,500,000.00","$2,500,000.00",280.00%,Michail Antonio
121276,2015-09-01,15/16,352,543,Swindon Town,Wolves,"$1,350,000.00","$300,000.00",350.00%,Nathan Byrne
136610,2015-09-01,15/16,995,631,FC Nantes,Chelsea,"$3,500,000.00","$6,500,000.00",-46.15%,Papy Djilobodji
139208,2015-09-01,15/16,371,180,Celtic,Southampton,"$15,700,000.00","$5,000,000.00",214.00%,Virgil van Dijk
182877,2015-09-01,15/16,162,985,Monaco,Man Utd,"$60,000,000.00","$8,000,000.00",650.00%,Anthony Martial
255916,2015-09-01,15/16,148,289,Tottenham,Sunderland,$0.00,"$1,500,000.00",-100.00%,DeAndre Yedlin
140191,2015-08-31,15/16,698,931,Bristol City,Fulham,"$250,000.00","$250,000.00",0.00%,Ryan Fredericks
88755,2015-08-30,15/16,82,281,Wolfsburg,Man City,"$76,000,000.00","$45,000,000.00",68.89%,Kevin De Bruyne
42412,2015-08-29,15/16,985,984,Man Utd,West Brom,"$8,300,000.00","$6,000,000.00",38.33%,Jonny Evans
85383,2015-08-28,15/16,4032,281,Ponferradina,Man City,"$550,000.00","$500,000.00",10.00%,Rubén Sobrino
127108,2015-08-28,15/16,12321,281,Girona,Man City,"$300,000.00","$800,000.00",-62.50%,Florian Lejeune
281404,2015-08-22,15/16,2462,631,Fluminense,Chelsea,"$8,000,000.00","$6,000,000.00",33.33%,Kenedy
229970,2015-08-21,15/16,1003,164,Leicester,Blackburn,$0.00,"$1,000,000.00",-100.00%,Tom Lawrence
54781,2015-08-20,15/16,1049,281,Valencia,Man City,"$44,500,000.00","$25,000,000.00",78.00%,Nicolás Otamendi
65278,2015-08-20,15/16,131,631,Barcelona,Chelsea,"$27,000,000.00","$20,000,000.00",35.00%,Pedro
145466,2015-08-20,15/16,355,931,Bolton,Fulham,"$1,700,000.00","$1,500,000.00",13.33%,Tim Ream
19041,2015-08-19,15/16,6195,1003,SSC Napoli,Leicester,"$7,000,000.00","$7,500,000.00",-6.67%,Gökhan Inler
184892,2015-08-19,15/16,244,762,Marseille,Newcastle,"$18,350,000.00","$12,000,000.00",52.92%,Florian Thauvin
224884,2015-08-16,15/16,167,631,Augsburg,Chelsea,"$26,000,000.00","$10,000,000.00",160.00%,Abdul Rahman Baba
204103,2015-08-14,15/16,2464,405,Barcelona B,Aston Villa,"$10,000,000.00","$5,000,000.00",100.00%,Adama Traoré
348623,2015-08-13,15/16,349,29,Barnsley,Everton,"$1,400,000.00","$75,000.00",1766.67%,Mason Holgate
66100,2015-08-12,15/16,631,180,Chelsea,Southampton,"$7,000,000.00","$2,500,000.00",180.00%,Oriol Romeu
86792,2015-08-11,15/16,46,512,Inter,Stoke City,"$17,000,000.00","$17,000,000.00",0.00%,Xherdan Shaqiri
111873,2015-08-11,15/16,11,543,Arsenal,Wolves,$0.00,"$1,500,000.00",-100.00%,Emiliano Martínez
80197,2015-08-10,15/16,964,984,Zenit S-Pb,West Brom,"$17,000,000.00","$15,000,000.00",13.33%,Salomón Rondón
189070,2015-08-10,15/16,2288,164,Swansea,Blackburn,$0.00,"$1,500,000.00",-100.00%,Modou Barrow
59323,2015-08-07,15/16,714,641,Espanyol,Middlesbrough,"$3,000,000.00","$4,000,000.00",-25.00%,Cristhian Stuani
159471,2015-08-07,15/16,11,984,Arsenal,West Brom,$0.00,"$3,500,000.00",-100.00%,Serge Gnabry
251664,2015-08-06,15/16,1302,762,Northampton,Newcastle,"$360,000.00","$150,000.00",140.00%,Ivan Toney
236510,2015-08-04,15/16,31,543,Liverpool,Wolves,$0.00,"$500,000.00",-100.00%,Sheyi Ojo
46106,2015-08-03,15/16,603,543,Cardiff,Wolves,$0.00,"$2,500,000.00",-100.00%,Adam Le Fondre
225083,2015-08-03,15/16,1162,1003,SM Caen,Leicester,"$9,000,000.00","$4,500,000.00",100.00%,N'Golo Kanté
163744,2015-07-31,15/16,180,641,Southampton,Middlesbrough,$0.00,"$250,000.00",-100.00%,Jack Stephens
164771,2015-07-31,15/16,995,405,FC Nantes,Aston Villa,"$10,000,000.00","$8,000,000.00",25.00%,Jordan Veretout
203348,2015-07-30,15/16,58,762,RSC Anderlecht,Newcastle,"$12,000,000.00","$8,000,000.00",50.00%,Chancel Mbemba
108354,2015-07-27,15/16,1158,405,FC Lorient,Aston Villa,"$12,000,000.00","$6,000,000.00",100.00%,Jordan Ayew
95976,2015-07-23,15/16,1039,873,QPR,Crystal Palace,"$4,900,000.00","$2,500,000.00",96.00%,Alex McCarthy
135853,2015-07-22,15/16,2524,379,Al-Jazira,West Ham,$0.00,"$6,000,000.00",-100.00%,Manuel Lanzini
51152,2015-07-21,15/16,58,762,RSC Anderlecht,Newcastle,"$18,500,000.00","$11,000,000.00",68.18%,Aleksandar Mitrović
79110,2015-07-21,15/16,1162,164,SM Caen,Blackburn,$0.00,"$1,000,000.00",-100.00%,Fodé Koita
241229,2015-07-18,15/16,417,405,OGC Nice,Aston Villa,"$11,000,000.00","$4,000,000.00",175.00%,Jordan Amavi
104223,2015-07-15,15/16,234,180,Feyenoord,Southampton,"$15,000,000.00","$10,000,000.00",50.00%,Jordy Clasie
134425,2015-07-14,15/16,31,281,Liverpool,Man City,"$63,700,000.00","$40,000,000.00",59.25%,Raheem Sterling
33873,2015-07-13,15/16,512,631,Stoke City,Chelsea,"$11,000,000.00","$12,000,000.00",-8.33%,Asmir Begovic
56818,2015-07-13,15/16,180,985,Southampton,Man Utd,"$35,000,000.00","$28,000,000.00",25.00%,Morgan Schneiderlin
49499,2015-07-11,15/16,383,762,PSV,Newcastle,"$20,000,000.00","$15,000,000.00",33.33%,Georginio Wijnaldum
54906,2015-07-11,15/16,416,985,Torino,Man Utd,"$18,000,000.00","$12,000,000.00",50.00%,Matteo Darmian
48002,2015-07-10,15/16,506,379,Juventus,West Ham,"$11,000,000.00","$9,000,000.00",22.22%,Angelo Ogbonna
126665,2015-07-10,15/16,1082,405,Lille,Aston Villa,"$9,000,000.00","$7,500,000.00",20.00%,Idrissa Gueye
147034,2015-07-10,15/16,631,512,Chelsea,Stoke City,$0.00,"$7,500,000.00",-100.00%,Marco van Ginkel
236510,2015-07-07,15/16,6922,31,Liverpool U18,Liverpool,,"$500,000.00",-100.00%,Sheyi Ojo
251106,2015-07-06,15/16,20,281,Bursaspor,Man City,"$4,400,000.00","$3,200,000.00",37.50%,Enes Ünal
39152,2015-07-03,15/16,162,631,Monaco,Chelsea,$0.00,"$35,000,000.00",-100.00%,Radamel Falcao
128901,2015-07-03,15/16,1110,543,Huddersfield,Wolves,"$2,800,000.00","$750,000.00",273.33%,Conor Coady
3333,2015-07-01,15/16,281,31,Man City,Liverpool,$0.00,"$14,000,000.00",-100.00%,James Milner
14044,2015-07-01,15/16,355,931,Bolton,Fulham,$0.00,"$500,000.00",-100.00%,Andy Lonergan
51321,2015-07-01,15/16,337,379,Birmingham,West Ham,$0.00,"$1,000,000.00",-100.00%,Darren Randolph
79642,2015-07-01,15/16,39,1003,1.FSV Mainz 05,Leicester,"$11,000,000.00","$8,000,000.00",37.50%,Shinji Okazaki
81999,2015-07-01,15/16,42,512,Hannover 96,Stoke City,"$8,000,000.00","$6,000,000.00",33.33%,Joselu
85177,2015-07-01,15/16,180,31,Southampton,Liverpool,"$17,700,000.00","$17,000,000.00",4.12%,Nathaniel Clyne
101213,2015-07-01,15/16,1038,379,Sampdoria,West Ham,"$6,000,000.00","$8,000,000.00",-25.00%,Pedro Obiang
102427,2015-07-01,15/16,31,289,Liverpool,Sunderland,"$2,800,000.00","$2,500,000.00",12.00%,Sebastián Coates
112988,2015-07-01,15/16,336,180,Sporting,Southampton,"$7,000,000.00","$9,500,000.00",-26.32%,Cédric Soares
123275,2015-07-01,15/16,164,931,Blackburn,Fulham,"$4,200,000.00","$3,000,000.00",40.00%,Tom Cairney
126737,2015-07-01,15/16,1084,180,Málaga CF,Southampton,"$7,000,000.00","$7,000,000.00",0.00%,Juanmi
129476,2015-07-01,15/16,131,29,Barcelona,Everton,"$6,000,000.00","$6,000,000.00",0.00%,Gerard Deulofeu
134294,2015-07-01,15/16,1132,31,Burnley,Liverpool,"$8,300,000.00","$12,000,000.00",-30.83%,Danny Ings
138335,2015-07-01,15/16,865,512,Midtjylland,Stoke City,"$600,000.00","$750,000.00",-20.00%,Jakob Haugaard
167850,2015-07-01,15/16,383,985,PSV,Man Utd,"$34,000,000.00","$28,000,000.00",21.43%,Memphis Depay
196948,2015-07-01,15/16,9250,631,Chelsea U21,Chelsea,,"$1,500,000.00",-100.00%,Andreas Christensen
197642,2015-07-01,15/16,9249,11,Arsenal U21,Arsenal,,"$1,000,000.00",-100.00%,Chuba Akpom
203394,2015-07-01,15/16,9251,985,Man Utd U21,Man Utd,,"$500,000.00",-100.00%,Andreas Pereira
256178,2015-07-01,15/16,358,31,Charlton,Liverpool,"$4,900,000.00","$2,500,000.00",96.00%,Joe Gomez
295330,2015-07-01,15/16,6930,281,Man City U18,Man City,,"$100,000.00",-100.00%,Kelechi Iheanacho
15185,2015-06-30,14/15,46,11,Inter,Arsenal,$0.00,"$7,500,000.00",-100.00%,Lukas Podolski
18644,2015-06-30,14/15,1049,281,Valencia,Man City,$0.00,"$22,000,000.00",-100.00%,Álvaro Negredo
33706,2015-06-30,14/15,336,985,Sporting,Man Utd,$0.00,"$16,000,000.00",-100.00%,Nani
66100,2015-06-30,14/15,79,631,Stuttgart,Chelsea,$0.00,"$3,500,000.00",-100.00%,Oriol Romeu
72047,2015-06-30,14/15,368,31,Sevilla FC,Liverpool,$0.00,"$4,000,000.00",-100.00%,Iago Aspas
74297,2015-06-30,14/15,367,631,Rayo Vallecano,Chelsea,$0.00,"$3,500,000.00",-100.00%,Gaël Kakuta
80702,2015-06-30,14/15,4361,5551,Varese,Newcastle,$0.00,"$200,000.00",-100.00%,Mark Birighitti
102132,2015-06-30,14/15,1053,405,Aalborg BK,Aston Villa,$0.00,"$1,250,000.00",-100.00%,Nicklas Helenius
102226,2015-06-30,14/15,18,631,Mönchengladbach,Chelsea,$0.00,"$10,000,000.00",-100.00%,Thorgan Hazard
115507,2015-06-30,14/15,993,281,Córdoba CF,Man City,$0.00,"$2,000,000.00",-100.00%,Bruno Zuculini
126516,2015-06-30,14/15,3522,405,Spezia Calcio,Aston Villa,$0.00,"$900,000.00",-100.00%,Antonio Luna
128220,2015-06-30,14/15,1084,31,Málaga CF,Liverpool,$0.00,"$3,500,000.00",-100.00%,Luis Alberto
129688,2015-06-30,14/15,317,11,FC Twente,Arsenal,$0.00,"$1,500,000.00",-100.00%,Ryo Miyaichi
131248,2015-06-30,14/15,1050,11,Villarreal,Arsenal,$0.00,"$6,000,000.00",-100.00%,Joel Campbell
131996,2015-06-30,14/15,499,631,Vitesse,Chelsea,$0.00,"$2,500,000.00",-100.00%,Bertrand Traoré
136647,2015-06-30,14/15,265,289,Panathinaikos,Sunderland,$0.00,"$1,500,000.00",-100.00%,Charalampos Mavrias
143559,2015-06-30,14/15,33,281,FC Schalke 04,Man City,$0.00,"$13,000,000.00",-100.00%,Matija Nastasić
147034,2015-06-30,14/15,5,631,AC Milan,Chelsea,$0.00,"$7,500,000.00",-100.00%,Marco van Ginkel
148368,2015-06-30,14/15,1082,31,LOSC Lille,Liverpool,$0.00,"$9,000,000.00",-100.00%,Divock Origi
148455,2015-06-30,14/15,430,631,Fiorentina,Chelsea,$0.00,"$12,000,000.00",-100.00%,Mohamed Salah
174694,2015-06-30,14/15,1082,281,Lille,Man City,$0.00,"$4,500,000.00",-100.00%,Rony Lopes
176485,2015-06-30,14/15,24,631,Frankfurt,Chelsea,$0.00,"$5,000,000.00",-100.00%,Lucas Piazón
186863,2015-06-30,14/15,1037,631,U. de Chile,Chelsea,$0.00,"$1,500,000.00",-100.00%,Cristian Cuevas
189740,2015-06-30,14/15,419,985,Dinamo Zagreb,Man Utd,$0.00,"$3,500,000.00",-100.00%,Ángelo Henríquez
205938,2015-06-30,14/15,1531,631,Elche CF,Chelsea,$0.00,"$3,000,000.00",-100.00%,Mario Pašalić
257474,2015-06-30,14/15,448,985,Vojvodina,Man Utd,$0.00,"$750,000.00",-100.00%,Vanja Milinković-Savić
59866,2015-05-31,14/15,512,631,Stoke City,Chelsea,$0.00,"$7,500,000.00",-100.00%,Victor Moses
99397,2015-05-31,14/15,703,762,Nott'm Forest,Newcastle,$0.00,"$3,000,000.00",-100.00%,Karl Darlow
102427,2015-05-31,14/15,289,31,Sunderland,Liverpool,$0.00,"$1,500,000.00",-100.00%,Sebastián Coates
110864,2015-05-31,14/15,466,985,Preston,Man Utd,$0.00,"$250,000.00",-100.00%,Sam Johnstone
131708,2015-05-31,14/15,641,631,Middlesbrough,Chelsea,$0.00,"$1,000,000.00",-100.00%,Kenneth Omeruo
141660,2015-05-31,14/15,22,985,Derby,Man Utd,$0.00,"$1,000,000.00",-100.00%,Jesse Lingard
163744,2015-05-31,14/15,352,180,Swindon Town,Southampton,$0.00,"$250,000.00",-100.00%,Jack Stephens
183318,2015-05-31,14/15,703,762,Nott'm Forest,Newcastle,$0.00,"$3,000,000.00",-100.00%,Jamaal Lascelles
228791,2015-05-31,14/15,1078,355,Oldham Athletic,Bolton,$0.00,"$100,000.00",-100.00%,Conor Wilkinson
255788,2015-05-31,14/15,2759,931,Ross County,Fulham,$0.00,"$500,000.00",-100.00%,Cameron Burgess
111873,2015-05-04,14/15,1194,11,Rotherham,Arsenal,$0.00,"$1,000,000.00",-100.00%,Emiliano Martínez
108725,2015-04-24,14/15,677,1003,Ipswich,Leicester,$0.00,"$1,000,000.00",-100.00%,Chris Wood
177476,2015-04-22,14/15,1032,631,Reading,Chelsea,$0.00,"$1,500,000.00",-100.00%,Nathan Aké
203026,2015-04-20,14/15,3697,31,Morecambe FC,Liverpool,$0.00,"$250,000.00",-100.00%,Danny Ward
156941,2015-04-19,14/15,2964,29,Scunthorpe Utd.,Everton,$0.00,"$500,000.00",-100.00%,John Lundstram
141573,2015-04-18,14/15,698,543,Bristol City,Wolves,$0.00,"$850,000.00",-100.00%,George Saville
130164,2015-03-09,14/15,1027,289,Bradford,Sunderland,$0.00,"$250,000.00",-100.00%,Jordan Pickford
156941,2015-02-18,14/15,1150,29,Leyton Orient,Everton,$0.00,"$500,000.00",-100.00%,John Lundstram
81801,2015-02-02,14/15,355,873,Bolton,Crystal Palace,,"$3,000,000.00",-100.00%,Chung-yong Lee
91970,2015-02-02,14/15,430,631,Fiorentina,Chelsea,"$31,000,000.00","$32,000,000.00",-3.13%,Juan Cuadrado
94307,2015-02-02,14/15,294,180,Benfica,Southampton,$0.00,"$5,000,000.00",-100.00%,Filip Djuricic
145988,2015-02-02,14/15,985,873,Man Utd,Crystal Palace,"$3,800,000.00","$8,000,000.00",-52.50%,Wilfried Zaha
125868,2015-02-01,14/15,1082,873,LOSC Lille,Crystal Palace,"$5,300,000.00","$3,500,000.00",51.43%,Pape Souaré
126516,2015-02-01,14/15,276,405,Hellas Verona,Aston Villa,$0.00,"$1,200,000.00",-100.00%,Antonio Luna
145988,2015-02-01,14/15,873,985,Crystal Palace,Man Utd,$0.00,"$8,000,000.00",-100.00%,Wilfried Zaha
115507,2015-01-30,14/15,1049,281,Valencia,Man City,$0.00,"$2,000,000.00",-100.00%,Bruno Zuculini
149498,2015-01-28,14/15,1050,11,Villarreal,Arsenal,"$15,000,000.00","$8,000,000.00",87.50%,Gabriel Paulista
245072,2015-01-28,14/15,132,631,NAC Breda,Chelsea,$0.00,"$1,000,000.00",-100.00%,Stipe Perica
46106,2015-01-26,14/15,603,355,Cardiff,Bolton,$0.00,"$3,500,000.00",-100.00%,Adam Le Fondre
59543,2015-01-25,14/15,1027,641,Bradford,Middlesbrough,$0.00,"$350,000.00",-100.00%,Andy Halliday
46580,2015-01-16,14/15,144,1003,HNK Rijeka,Leicester,"$9,000,000.00","$4,500,000.00",100.00%,Andrej Kramaric
127987,2015-01-13,14/15,1049,405,Valencia,Aston Villa,"$4,200,000.00","$6,000,000.00",-30.00%,Carles Gil
110864,2015-01-11,14/15,2454,985,Doncaster,Man Utd,$0.00,"$250,000.00",-100.00%,Sam Johnstone
132207,2015-01-05,14/15,903,29,Hibernian FC,Everton,$0.00,"$50,000.00",-100.00%,Matty Kennedy
169092,2015-01-05,14/15,1078,405,Oldham Athletic,Aston Villa,$0.00,"$100,000.00",-100.00%,Daniel Johnson
156941,2015-01-03,14/15,1181,29,Blackpool,Everton,$0.00,"$500,000.00",-100.00%,John Lundstram
193592,2015-01-03,14/15,865,11,FC Midtjylland,Arsenal,$0.00,"$100,000.00",-100.00%,Kristoffer Olsson
73564,2015-01-01,14/15,641,164,Middlesbrough,Blackburn,"$1,130,000.00","$1,000,000.00",13.00%,Jason Steele
202886,2015-01-01,14/15,9250,631,Chelsea U21,Chelsea,,"$150,000.00",-100.00%,Ruben Loftus-Cheek
73564,2014-12-31,14/15,164,641,Blackburn,Middlesbrough,$0.00,"$1,000,000.00",-100.00%,Jason Steele
229970,2014-12-30,14/15,1194,1003,Rotherham,Leicester,$0.00,"$1,000,000.00",-100.00%,Tom Lawrence
128907,2014-12-16,14/15,603,379,Cardiff,West Ham,$0.00,"$3,500,000.00",-100.00%,Ravel Morrison
74869,2014-12-12,14/15,358,11,Charlton,Arsenal,$0.00,"$3,000,000.00",-100.00%,Francis Coquelin
128899,2014-11-25,14/15,22,512,Derby,Stoke City,$0.00,"$5,000,000.00",-100.00%,Jack Butland
233124,2014-11-24,14/15,2814,543,Gillingham,Wolves,$0.00,"$75,000.00",-100.00%,Kortney Hause
131758,2014-11-17,14/15,3688,931,Accrington,Fulham,$0.00,"$250,000.00",-100.00%,Jesse Joronen
169092,2014-11-03,14/15,1219,405,Chesterfield,Aston Villa,$0.00,"$100,000.00",-100.00%,Daniel Johnson
228791,2014-10-12,14/15,1078,355,Oldham Athletic,Bolton,$0.00,"$100,000.00",-100.00%,Conor Wilkinson
12282,2014-09-01,14/15,610,985,Ajax,Man Utd,"$17,500,000.00","$12,000,000.00",45.83%,Daley Blind
39152,2014-09-01,14/15,162,985,Monaco,Man Utd,$0.00,"$55,000,000.00",-100.00%,Radamel Falcao
42710,2014-09-01,14/15,13,180,Atlético,Southampton,$0.00,"$10,000,000.00",-100.00%,Toby Alderweireld
42748,2014-09-01,14/15,1184,641,Genk,Middlesbrough,$0.00,"$5,000,000.00",-100.00%,Jelle Vossen
67063,2014-09-01,14/15,985,11,Man Utd,Arsenal,"$20,000,000.00","$17,000,000.00",17.65%,Danny Welbeck
73564,2014-09-01,14/15,641,164,Middlesbrough,Blackburn,$0.00,"$1,000,000.00",-100.00%,Jason Steele
102427,2014-09-01,14/15,31,289,Liverpool,Sunderland,$0.00,"$2,500,000.00",-100.00%,Sebastián Coates
200512,2014-09-01,14/15,409,180,Salzburg,Southampton,"$23,000,000.00","$7,500,000.00",206.67%,Sadio Mané
145988,2014-08-28,14/15,985,873,Man Utd,Crystal Palace,$0.00,"$8,000,000.00",-100.00%,Wilfried Zaha
45320,2014-08-26,14/15,418,985,Real Madrid,Man Utd,"$75,000,000.00","$50,000,000.00",50.00%,Ángel Di María
141573,2014-08-26,14/15,9250,543,Chelsea U21,Wolves,"$1,250,000.00","$1,000,000.00",25.00%,George Saville
45146,2014-08-25,14/15,5,31,AC Milan,Liverpool,"$20,000,000.00","$27,000,000.00",-25.93%,Mario Balotelli
93176,2014-08-20,14/15,336,985,Sporting,Man Utd,"$20,000,000.00","$12,000,000.00",66.67%,Marcos Rojo
244221,2014-08-20,14/15,1072,641,Peterborough,Middlesbrough,$0.00,"$50,000.00",-100.00%,Christian Burgess
59866,2014-08-16,14/15,631,512,Chelsea,Stoke City,$0.00,"$8,000,000.00",-100.00%,Victor Moses
207917,2014-08-13,14/15,368,31,Sevilla FC,Liverpool,"$18,000,000.00","$15,000,000.00",20.00%,Alberto Moreno
90681,2014-08-11,14/15,720,281,Porto,Man City,"$45,000,000.00","$28,000,000.00",60.71%,Eliaquim Mangala
52570,2014-08-09,14/15,371,180,Celtic,Southampton,"$12,500,000.00","$4,500,000.00",177.78%,Fraser Forster
99397,2014-08-09,14/15,703,762,Nott'm Forest,Newcastle,"$5,000,000.00","$1,000,000.00",400.00%,Karl Darlow
183318,2014-08-09,14/15,703,762,Nott'm Forest,Newcastle,"$5,000,000.00","$600,000.00",733.33%,Jamaal Lascelles
131708,2014-08-06,14/15,631,641,Chelsea,Middlesbrough,$0.00,"$1,000,000.00",-100.00%,Kenneth Omeruo
162029,2014-08-06,14/15,13,31,Atlético Madrid,Liverpool,$0.00,"$6,000,000.00",-100.00%,Javier Manquillo
121686,2014-08-05,14/15,195,984,Rosenborg,West Brom,"$2,400,000.00","$1,000,000.00",140.00%,Cristian Gamboa
137669,2014-08-05,14/15,1304,984,Heracles Almelo,West Brom,,"$400,000.00",-100.00%,Jason Davidson
96341,2014-07-30,14/15,631,29,Chelsea,Everton,"$35,360,000.00","$25,000,000.00",41.44%,Romelu Lukaku
148368,2014-07-29,14/15,1082,31,LOSC Lille,Liverpool,"$12,630,000.00","$1,000,000.00",1163.00%,Divock Origi
93905,2014-07-28,14/15,279,29,Ferencváros,Everton,"$4,800,000.00","$2,500,000.00",92.00%,Muhamed Besic
215118,2014-07-28,14/15,180,11,Southampton,Arsenal,"$20,230,000.00","$2,000,000.00",911.50%,Calum Chambers
37838,2014-07-27,14/15,180,31,Southampton,Liverpool,"$25,300,000.00","$12,000,000.00",110.83%,Dejan Lovren
73396,2014-07-27,14/15,417,11,Nice,Arsenal,"$4,000,000.00","$5,000,000.00",-20.00%,David Ospina
52119,2014-07-25,14/15,631,289,Chelsea,Sunderland,"$1,900,000.00","$3,500,000.00",-45.71%,Patrick van Aanholt
139503,2014-07-17,14/15,4035,379,Pachuca,West Ham,"$15,000,000.00","$1,600,000.00",837.50%,Enner Valencia
93936,2014-07-15,14/15,171,641,Real Murcia,Middlesbrough,"$2,250,000.00","$1,200,000.00",87.50%,Kike García
144303,2014-07-15,14/15,294,31,Benfica,Liverpool,"$25,000,000.00","$10,000,000.00",150.00%,Lazar Markovic
113707,2014-07-13,14/15,969,762,Montpellier,Newcastle,"$10,000,000.00","$10,000,000.00",0.00%,Rémy Cabella
40433,2014-07-10,14/15,131,11,Barcelona,Arsenal,"$42,500,000.00","$30,000,000.00",41.67%,Alexis Sánchez
205938,2014-07-09,14/15,447,631,Hajduk Split,Chelsea,"$2,500,000.00","$3,000,000.00",-16.67%,Mario Pašalić
36139,2014-07-08,14/15,317,180,FC Twente,Southampton,"$14,000,000.00","$10,000,000.00",40.00%,Dušan Tadić
92571,2014-07-03,14/15,677,379,Ipswich,West Ham,"$4,750,000.00","$1,500,000.00",216.67%,Aaron Cresswell
43530,2014-07-01,14/15,180,31,Southampton,Liverpool,"$31,000,000.00","$7,500,000.00",313.33%,Adam Lallana
51174,2014-07-01,14/15,720,281,FC Porto,Man City,"$15,000,000.00","$17,500,000.00",-14.29%,Fernando
66934,2014-07-01,14/15,58,379,RSC Anderlecht,West Ham,"$7,500,000.00","$7,000,000.00",7.14%,Cheikhou Kouyaté
77001,2014-07-01,14/15,306,543,Heerenveen,Wolves,$0.00,"$1,500,000.00",-100.00%,Rajiv van La Parra
99343,2014-07-01,14/15,621,985,Athletic Club,Man Utd,"$36,000,000.00","$20,000,000.00",80.00%,Ander Herrera
115507,2014-07-01,14/15,1444,281,Racing Club,Man City,"$2,500,000.00","$4,000,000.00",-37.50%,Bruno Zuculini
119296,2014-07-01,14/15,15,31,Leverkusen,Liverpool,"$12,000,000.00","$7,500,000.00",60.00%,Emre Can
141660,2014-07-01,14/15,9251,985,Man Utd U21,Man Utd,,"$1,000,000.00",-100.00%,Jesse Lingard
171721,2014-07-01,14/15,5551,931,Newcastle,Fulham,"$250,000.00","$750,000.00",-66.67%,Adam Taggart
183288,2014-07-01,14/15,180,985,Southampton,Man Utd,"$37,500,000.00","$13,000,000.00",188.46%,Luke Shaw
191217,2014-07-01,14/15,9249,11,Arsenal U21,Arsenal,,"$500,000.00",-100.00%,Héctor Bellerín
246968,2014-07-01,14/15,648,762,CD Tenerife,Newcastle,"$2,000,000.00","$1,000,000.00",100.00%,Ayoze Pérez
7825,2014-06-30,13/14,6195,31,SSC Napoli,Liverpool,$0.00,"$10,000,000.00",-100.00%,Pepe Reina
52119,2014-06-30,13/14,499,631,Vitesse,Chelsea,$0.00,"$3,500,000.00",-100.00%,Patrick van Aanholt
61887,2014-06-30,13/14,337,985,Birmingham,Man Utd,$0.00,"$1,500,000.00",-100.00%,Federico Macheda
66100,2014-06-30,13/14,1049,631,Valencia,Chelsea,$0.00,"$7,000,000.00",-100.00%,Oriol Romeu
74297,2014-06-30,13/14,398,631,Lazio,Chelsea,$0.00,"$3,000,000.00",-100.00%,Gaël Kakuta
74869,2014-06-30,13/14,60,11,Freiburg,Arsenal,$0.00,"$3,000,000.00",-100.00%,Francis Coquelin
102226,2014-06-30,13/14,3508,631,Zulte Waregem,Chelsea,$0.00,"$10,000,000.00",-100.00%,Thorgan Hazard
102427,2014-06-30,13/14,866,31,Nacional,Liverpool,$0.00,"$2,500,000.00",-100.00%,Sebastián Coates
108390,2014-06-30,13/14,13,631,Atlético,Chelsea,$0.00,"$25,000,000.00",-100.00%,Thibaut Courtois
111036,2014-06-30,13/14,265,762,Panathinaikos,Newcastle,$0.00,"$750,000.00",-100.00%,Mehdi Abeid
111961,2014-06-30,13/14,3302,31,UD Almería,Liverpool,$0.00,"$5,000,000.00",-100.00%,Suso
120095,2014-06-30,13/14,4,873,1.FC Nuremberg,Crystal Palace,$0.00,"$2,000,000.00",-100.00%,José Campaña
128907,2014-06-30,13/14,1039,379,QPR,West Ham,$0.00,"$4,000,000.00",-100.00%,Ravel Morrison
131248,2014-06-30,13/14,683,11,Olympiacos,Arsenal,$0.00,"$5,000,000.00",-100.00%,Joel Campbell
153427,2014-06-30,13/14,2995,985,Paços Ferreira,Man Utd,$0.00,"$1,000,000.00",-100.00%,Bebé
156941,2014-06-30,13/14,1150,29,Leyton Orient,Everton,$0.00,"$500,000.00",-100.00%,John Lundstram
157509,2014-06-30,13/14,618,631,Saint-Étienne,Chelsea,$0.00,"$10,000,000.00",-100.00%,Kurt Zouma
186863,2014-06-30,13/14,3892,631,FC Eindhoven,Chelsea,$0.00,"$1,500,000.00",-100.00%,Cristian Cuevas
189740,2014-06-30,13/14,142,985,Real Zaragoza,Man Utd,$0.00,"$2,800,000.00",-100.00%,Ángelo Henríquez
245072,2014-06-30,13/14,132,631,NAC Breda,Chelsea,$0.00,"$1,000,000.00",-100.00%,Stipe Perica
59543,2014-05-31,13/14,1181,641,Blackpool,Middlesbrough,$0.00,"$350,000.00",-100.00%,Andy Halliday
59866,2014-05-31,13/14,31,631,Liverpool,Chelsea,$0.00,"$11,000,000.00",-100.00%,Victor Moses
63422,2014-05-31,13/14,2553,289,Kilmarnock FC,Sunderland,$0.00,"$1,000,000.00",-100.00%,David Moberg Karlsson
70245,2014-05-31,13/14,1003,11,Leicester,Arsenal,$0.00,"$400,000.00",-100.00%,Ignasi Miquel
96341,2014-05-31,13/14,29,631,Everton,Chelsea,$0.00,"$25,000,000.00",-100.00%,Romelu Lukaku
110864,2014-05-31,13/14,2454,985,Doncaster,Man Utd,$0.00,"$250,000.00",-100.00%,Sam Johnstone
111873,2014-05-31,13/14,1035,11,Sheff Wed,Arsenal,$0.00,"$300,000.00",-100.00%,Emiliano Martínez
128909,2014-05-31,13/14,1181,31,Blackpool,Liverpool,$0.00,"$800,000.00",-100.00%,Jack Robinson
130164,2014-05-31,13/14,1220,289,Carlisle United,Sunderland,$0.00,"$250,000.00",-100.00%,Jordan Pickford
131708,2014-05-31,13/14,641,631,Middlesbrough,Chelsea,$0.00,"$1,000,000.00",-100.00%,Kenneth Omeruo
145988,2014-05-31,13/14,603,985,Cardiff,Man Utd,$0.00,"$8,000,000.00",-100.00%,Wilfried Zaha
244221,2014-05-31,13/14,2577,641,Hartlepool,Middlesbrough,$0.00,"$50,000.00",-100.00%,Christian Burgess
128899,2014-05-10,13/14,399,512,Leeds,Stoke City,$0.00,"$5,000,000.00",-100.00%,Jack Butland
176485,2014-05-07,13/14,499,631,Vitesse,Chelsea,$0.00,"$7,000,000.00",-100.00%,Lucas Piazón
203460,2014-05-04,13/14,1045,405,Notts County,Aston Villa,$0.00,"$250,000.00",-100.00%,Jack Grealish
163744,2014-05-03,13/14,352,180,Swindon Town,Southampton,$0.00,"$150,000.00",-100.00%,Jack Stephens
124495,2014-04-28,13/14,1181,29,Blackpool,Everton,$0.00,"$2,000,000.00",-100.00%,Apostolos Vellios
111426,2014-04-17,13/14,986,405,Cambridge Utd.,Aston Villa,$0.00,"$250,000.00",-100.00%,Benjamin Siegrist
156941,2014-03-10,13/14,972,29,Yeovil Town,Everton,$0.00,"$500,000.00",-100.00%,John Lundstram
118534,2014-03-07,13/14,9251,164,Man Utd U21,Blackburn,$0.00,"$500,000.00",-100.00%,Michael Keane
111426,2014-02-02,13/14,2963,405,Burton Albion,Aston Villa,$0.00,"$250,000.00",-100.00%,Benjamin Siegrist
45494,2014-01-31,13/14,543,873,Wolves,Crystal Palace,"$3,650,000.00","$2,500,000.00",46.00%,Wayne Hennessey
55508,2014-01-31,13/14,148,931,Tottenham,Fulham,$0.00,"$9,000,000.00",-100.00%,Lewis Holtby
157509,2014-01-31,13/14,618,631,Saint-Étienne,Chelsea,"$14,600,000.00","$7,500,000.00",94.67%,Kurt Zouma
181477,2014-01-31,13/14,714,984,Espanyol,West Brom,$0.00,"$3,000,000.00",-100.00%,Thievy Bifouma
186863,2014-01-31,13/14,499,631,Vitesse,Chelsea,$0.00,"$1,700,000.00",-100.00%,Cristian Cuevas
233124,2014-01-31,13/14,2805,543,Wycombe,Wolves,,"$50,000.00",-100.00%,Kortney Hause
72522,2014-01-29,13/14,18,762,Mönchengladbach,Newcastle,$0.00,"$7,500,000.00",-100.00%,Luuk de Jong
148455,2014-01-26,13/14,26,631,Basel,Chelsea,"$16,500,000.00","$8,500,000.00",94.12%,Mohamed Salah
44068,2014-01-24,13/14,631,985,Chelsea,Man Utd,"$44,730,000.00","$38,000,000.00",17.71%,Juan Mata
74683,2014-01-15,13/14,294,631,Benfica,Chelsea,"$25,000,000.00","$27,000,000.00",-7.41%,Nemanja Matić
173750,2014-01-13,13/14,1071,543,Wigan,Wolves,"$360,000.00","$250,000.00",44.00%,Nouha Dicko
171424,2014-01-11,13/14,738,1003,Le Havre AC,Leicester,"$500,000.00","$750,000.00",-33.33%,Riyad Mahrez
131708,2014-01-07,13/14,631,641,Chelsea,Middlesbrough,$0.00,"$1,000,000.00",-100.00%,Kenneth Omeruo
74297,2014-01-02,13/14,499,631,Vitesse,Chelsea,$0.00,"$4,000,000.00",-100.00%,Gaël Kakuta
123275,2014-01-02,13/14,3008,164,Hull City,Blackburn,,"$750,000.00",-100.00%,Tom Cairney
134270,2014-01-02,13/14,337,931,Birmingham,Fulham,$0.00,"$300,000.00",-100.00%,Dan Burn
112515,2014-01-01,13/14,430,289,Fiorentina,Sunderland,$0.00,"$2,000,000.00",-100.00%,Marcos Alonso
61887,2013-12-31,13/14,2454,985,Doncaster,Man Utd,$0.00,"$2,500,000.00",-100.00%,Federico Macheda
128899,2013-12-25,13/14,349,512,Barnsley,Stoke City,$0.00,"$5,000,000.00",-100.00%,Jack Butland
207037,2013-12-20,13/14,1020,379,Portsmouth,West Ham,$0.00,"$250,000.00",-100.00%,Dan Potts
130164,2013-11-22,13/14,2963,289,Burton Albion,Sunderland,$0.00,"$150,000.00",-100.00%,Jordan Pickford
45494,2013-11-17,13/14,972,543,Yeovil Town,Wolves,$0.00,"$2,500,000.00",-100.00%,Wayne Hennessey
77715,2013-10-02,13/14,3054,641,Shrewsbury,Middlesbrough,$0.00,"$300,000.00",-100.00%,Curtis Main
41384,2013-09-02,13/14,86,512,Werder Bremen,Stoke City,"$2,800,000.00","$7,000,000.00",-60.00%,Marko Arnautovic
45333,2013-09-02,13/14,1071,29,Wigan,Everton,"$15,300,000.00","$7,500,000.00",104.00%,James McCarthy
47713,2013-09-02,13/14,583,31,Paris SG,Liverpool,"$19,000,000.00","$15,000,000.00",26.67%,Mamadou Sakho
59866,2013-09-02,13/14,631,31,Chelsea,Liverpool,$0.00,"$15,000,000.00",-100.00%,Victor Moses
96341,2013-09-02,13/14,631,29,Chelsea,Everton,$0.00,"$24,000,000.00",-100.00%,Romelu Lukaku
81796,2013-08-31,13/14,2288,289,Swansea,Sunderland,$0.00,"$8,000,000.00",-100.00%,Sung-yueng Ki
52769,2013-08-28,13/14,2700,631,Anzhi,Chelsea,"$35,500,000.00","$30,000,000.00",18.33%,Willian
136647,2013-08-22,13/14,265,289,Panathinaikos,Sunderland,"$3,000,000.00","$2,000,000.00",50.00%,Charalampos Mavrias
110864,2013-08-21,13/14,972,985,Yeovil Town,Man Utd,$0.00,"$250,000.00",-100.00%,Sam Johnstone
101500,2013-08-13,13/14,410,984,Udinese,West Brom,$0.00,"$3,000,000.00",-100.00%,Matej Vydra
70245,2013-08-09,13/14,11,1003,Arsenal,Leicester,$0.00,"$400,000.00",-100.00%,Ignasi Miquel
123275,2013-08-02,13/14,3008,164,Hull City,Blackburn,$0.00,"$750,000.00",-100.00%,Tom Cairney
245072,2013-08-01,13/14,2566,631,NK Zadar,Chelsea,"$2,450,000.00","$400,000.00",512.50%,Stipe Perica
182912,2013-07-25,13/14,826,931,Lens,Fulham,$0.00,"$500,000.00",-100.00%,Ange-Freddy Plumain
186863,2013-07-23,13/14,11470,631,O'Higgins,Chelsea,"$1,900,000.00","$75,000.00",2433.33%,Cristian Cuevas
46104,2013-07-19,13/14,430,281,Fiorentina,Man City,"$26,000,000.00","$28,000,000.00",-7.14%,Stevan Jovetić
120095,2013-07-18,13/14,368,873,Sevilla FC,Crystal Palace,"$2,000,000.00","$2,500,000.00",-20.00%,José Campaña
18644,2013-07-17,13/14,368,281,Sevilla FC,Man City,"$25,000,000.00","$20,000,000.00",25.00%,Álvaro Negredo
129476,2013-07-10,13/14,131,29,Barcelona,Everton,$0.00,"$15,000,000.00",-100.00%,Gerard Deulofeu
101118,2013-07-09,13/14,13,29,Atlético,Everton,"$4,000,000.00","$3,000,000.00",33.33%,Joel Robles
147034,2013-07-04,13/14,499,631,Vitesse,Chelsea,"$9,400,000.00","$8,000,000.00",17.50%,Marco van Ginkel
33781,2013-07-03,13/14,11,289,Arsenal,Sunderland,"$2,400,000.00","$1,000,000.00",140.00%,Vito Mannone
196522,2013-07-03,13/14,1072,873,Peterborough,Crystal Palace,"$5,300,000.00","$750,000.00",606.67%,Dwight Gayle
74228,2013-07-02,13/14,2464,512,Barcelona B,Stoke City,$0.00,"$2,000,000.00",-100.00%,Marc Muniesa
15956,2013-07-01,13/14,368,281,Sevilla FC,Man City,"$20,000,000.00","$20,000,000.00",0.00%,Jesús Navas
37838,2013-07-01,13/14,1041,180,Lyon,Southampton,"$10,000,000.00","$7,000,000.00",42.86%,Dejan Lovren
50219,2013-07-01,13/14,289,31,Sunderland,Liverpool,"$10,600,000.00","$5,500,000.00",92.73%,Simon Mignolet
63422,2013-07-01,13/14,801,289,IFK Göteborg,Sunderland,"$1,750,000.00","$1,000,000.00",75.00%,David Moberg Karlsson
71271,2013-07-01,13/14,150,379,Real Betis,West Ham,$0.00,"$2,000,000.00",-100.00%,Adrián San Miguel
72047,2013-07-01,13/14,940,31,Celta de Vigo,Liverpool,"$10,800,000.00","$9,000,000.00",20.00%,Iago Aspas
102132,2013-07-01,13/14,1053,405,Aalborg BK,Aston Villa,"$1,500,000.00","$1,500,000.00",0.00%,Nicklas Helenius
126516,2013-07-01,13/14,368,405,Sevilla FC,Aston Villa,"$2,000,000.00","$1,500,000.00",33.33%,Antonio Luna
128220,2013-07-01,13/14,368,31,Sevilla FC,Liverpool,"$8,000,000.00","$5,000,000.00",60.00%,Luis Alberto
28285,2013-06-30,12/13,5358,31,SD Huesca,Liverpool,$0.00,"$500,000.00",-100.00%,Dani Pacheco
61887,2013-06-30,12/13,79,985,Stuttgart,Man Utd,$0.00,"$2,500,000.00",-100.00%,Federico Macheda
88721,2013-06-30,12/13,41,631,Hamburger SV,Chelsea,$0.00,"$2,250,000.00",-100.00%,Jeffrey Bruma
88755,2013-06-30,12/13,86,631,Werder Bremen,Chelsea,$0.00,"$10,000,000.00",-100.00%,Kevin De Bruyne
128907,2013-06-30,12/13,337,379,Birmingham,West Ham,$0.00,"$750,000.00",-100.00%,Ravel Morrison
130108,2013-06-30,12/13,434,931,FC Luzern,Fulham,$0.00,"$2,000,000.00",-100.00%,Pajtim Kasami
131248,2013-06-30,12/13,150,11,Real Betis,Arsenal,$0.00,"$2,500,000.00",-100.00%,Joel Campbell
131708,2013-06-30,12/13,1268,631,ADO Den Haag,Chelsea,$0.00,"$1,000,000.00",-100.00%,Kenneth Omeruo
153427,2013-06-30,12/13,2425,985,Rio Ave,Man Utd,$0.00,"$1,000,000.00",-100.00%,Bebé
164265,2013-06-30,12/13,167,289,Augsburg,Sunderland,$0.00,"$2,500,000.00",-100.00%,Dong-won Ji
176485,2013-06-30,12/13,1084,631,Málaga CF,Chelsea,$0.00,"$5,000,000.00",-100.00%,Lucas Piazón
96341,2013-05-31,12/13,984,631,West Brom,Chelsea,$0.00,"$19,000,000.00",-100.00%,Romelu Lukaku
103819,2013-05-31,12/13,43,31,Heart of Midl.,Liverpool,$0.00,"$1,500,000.00",-100.00%,Danny Wilson
111036,2013-05-31,12/13,2578,762,St. Johnstone,Newcastle,$0.00,"$50,000.00",-100.00%,Mehdi Abeid
128899,2013-05-31,12/13,337,512,Birmingham,Stoke City,$0.00,"$5,000,000.00",-100.00%,Jack Butland
129688,2013-05-31,12/13,1071,11,Wigan,Arsenal,$0.00,"$2,500,000.00",-100.00%,Ryo Miyaichi
145988,2013-05-31,12/13,873,985,Crystal Palace,Man Utd,$0.00,"$12,000,000.00",-100.00%,Wilfried Zaha
170321,2013-05-31,12/13,465,762,St. Mirren,Newcastle,$0.00,"$200,000.00",-100.00%,Paul Dummett
189740,2013-05-31,12/13,1071,985,Wigan,Man Utd,$0.00,"$4,000,000.00",-100.00%,Ángelo Henríquez
121477,2013-04-27,12/13,355,984,Bolton,West Brom,$0.00,"$1,500,000.00",-100.00%,Craig Dawson
132098,2013-02-21,12/13,148,1003,Tottenham,Leicester,$0.00,"$500,000.00",-100.00%,Harry Kane
131978,2013-02-11,12/13,399,29,Leeds,Everton,$0.00,"$4,500,000.00",-100.00%,Ross Barkley
128899,2013-01-31,12/13,337,512,Birmingham,Stoke City,"$3,800,000.00","$1,000,000.00",280.00%,Jack Butland
183321,2013-01-31,12/13,61,762,Servette FC,Newcastle,"$1,000,000.00","$50,000.00",1900.00%,Kevin Mbabu
186590,2013-01-31,12/13,349,29,Barnsley,Everton,"$3,500,000.00","$100,000.00",3400.00%,John Stones
80444,2013-01-30,12/13,46,31,Inter,Liverpool,"$13,000,000.00","$9,000,000.00",44.44%,Philippe Coutinho
145988,2013-01-26,12/13,985,873,Man Utd,Crystal Palace,$0.00,"$3,500,000.00",-100.00%,Wilfried Zaha
121477,2013-01-25,12/13,984,355,West Brom,Bolton,$0.00,"$1,500,000.00",-100.00%,Craig Dawson
145988,2013-01-25,12/13,873,985,Crystal Palace,Man Utd,"$11,750,000.00","$3,500,000.00",235.71%,Wilfried Zaha
170929,2013-01-24,12/13,1159,762,AS Nancy,Newcastle,"$2,500,000.00","$2,000,000.00",25.00%,Massadio Haïdara
46001,2013-01-21,12/13,415,762,Toulouse,Newcastle,"$2,000,000.00","$10,000,000.00",-80.00%,Moussa Sissoko
103819,2013-01-17,12/13,698,31,Bristol City,Liverpool,$0.00,"$1,500,000.00",-100.00%,Danny Wilson
88262,2013-01-08,12/13,317,281,FC Twente,Man City,$0.00,"$2,000,000.00",-100.00%,Dedryck Boyata
170321,2013-01-04,12/13,465,762,St. Mirren,Newcastle,$0.00,"$50,000.00",-100.00%,Paul Dummett
171679,2013-01-04,12/13,2413,543,Bury,Wolves,$0.00,"$150,000.00",-100.00%,Matt Doherty
207037,2013-01-03,12/13,1060,379,Colchester Utd.,West Ham,$0.00,"$250,000.00",-100.00%,Dan Potts
108725,2013-01-01,12/13,984,1003,West Brom,Leicester,"$1,230,000.00","$1,000,000.00",23.00%,Chris Wood
108725,2012-12-28,12/13,1028,984,Millwall,West Brom,$0.00,"$1,000,000.00",-100.00%,Chris Wood
131978,2012-11-19,12/13,1035,29,Sheff Wed,Everton,$0.00,"$4,500,000.00",-100.00%,Ross Barkley
73734,2012-08-31,12/13,164,512,Blackburn,Stoke City,"$4,400,000.00","$4,500,000.00",-2.22%,Steven Nzonzi
132207,2012-08-31,12/13,2553,29,Kilmarnock FC,Everton,"$250,000.00","$150,000.00",66.67%,Matty Kennedy
143559,2012-08-31,12/13,430,281,Fiorentina,Man City,"$15,200,000.00","$5,500,000.00",176.36%,Matija Nastasić
81789,2012-08-30,12/13,1426,180,VVV-Venlo,Southampton,"$2,800,000.00","$1,250,000.00",124.00%,Maya Yoshida
57500,2012-08-24,12/13,244,631,Marseille,Chelsea,"$8,800,000.00","$7,500,000.00",17.33%,César Azpilicueta
59866,2012-08-24,12/13,1071,631,Wigan,Chelsea,"$11,500,000.00","$6,500,000.00",76.92%,Victor Moses
75471,2012-08-24,12/13,698,873,Bristol City,Crystal Palace,"$630,000.00","$250,000.00",152.00%,Yannick Bolasie
189740,2012-08-15,12/13,1037,985,U. de Chile,Man Utd,"$5,500,000.00","$150,000.00",3566.67%,Ángelo Henríquez
51452,2012-08-10,12/13,2288,31,Swansea,Liverpool,"$19,000,000.00","$4,000,000.00",375.00%,Joe Allen
96341,2012-08-10,12/13,631,984,Chelsea,West Brom,$0.00,"$14,000,000.00",-100.00%,Romelu Lukaku
15799,2012-08-07,12/13,1084,11,Málaga CF,Arsenal,"$19,000,000.00","$20,000,000.00",-5.00%,Santi Cazorla
102226,2012-07-24,12/13,826,631,Lens,Chelsea,"$500,000.00","$500,000.00",0.00%,Thorgan Hazard
85177,2012-07-18,12/13,873,180,Crystal Palace,Southampton,"$3,200,000.00","$2,000,000.00",60.00%,Nathaniel Clyne
14044,2012-07-17,12/13,399,355,Leeds,Bolton,"$320,000.00","$500,000.00",-36.00%,Andy Lonergan
37934,2012-07-12,12/13,1071,931,Wigan,Fulham,$0.00,"$4,500,000.00",-100.00%,Hugo Rodallega
28973,2012-07-06,12/13,124,180,Rangers,Southampton,"$1,000,000.00","$5,000,000.00",-80.00%,Steven Davis
15185,2012-07-01,12/13,3,11,1.FC Köln,Arsenal,"$15,000,000.00","$20,000,000.00",-25.00%,Lukas Podolski
53360,2012-07-01,12/13,1132,180,Burnley,Southampton,"$8,650,000.00","$5,000,000.00",73.00%,Jay Rodríguez
55687,2012-07-01,12/13,985,1003,Man Utd,Leicester,"$1,250,000.00","$1,250,000.00",0.00%,Ritchie De Laet
80702,2012-07-01,12/13,875,5551,Adelaide United,Newcastle,,"$250,000.00",-100.00%,Mark Birighitti
81785,2012-07-01,12/13,16,985,Dortmund,Man Utd,"$16,000,000.00","$22,000,000.00",-27.27%,Shinji Kagawa
82442,2012-07-01,12/13,969,11,Montpellier,Arsenal,"$12,000,000.00","$13,000,000.00",-7.69%,Olivier Giroud
92572,2012-07-01,12/13,1020,873,Portsmouth,Crystal Palace,"$650,000.00","$1,000,000.00",-35.00%,Joel Ward
171307,2012-07-01,12/13,15889,5551,Gold Coast Utd.,Newcastle,$0.00,"$100,000.00",-100.00%,Joshua Brillante
171721,2012-07-01,12/13,970,5551,Perth Glory,Newcastle,,"$100,000.00",-100.00%,Adam Taggart
181579,2012-07-01,12/13,6893,180,Southampton U18,Southampton,,"$50,000.00",-100.00%,James Ward-Prowse
197838,2012-07-01,12/13,11177,1003,Fleetwood,Leicester,"$1,240,000.00","$100,000.00",1140.00%,Jamie Vardy
214798,2012-07-01,12/13,25580,5551,Melbourne Heart,Newcastle,,"$50,000.00",-100.00%,Craig Goodwin
28285,2012-06-30,11/12,13,31,Atlético,Liverpool,$0.00,"$600,000.00",-100.00%,Dani Pacheco
74297,2012-06-30,11/12,2969,631,Dijon,Chelsea,$0.00,"$4,000,000.00",-100.00%,Gaël Kakuta
88755,2012-06-30,11/12,1184,631,Genk,Chelsea,$0.00,"$9,000,000.00",-100.00%,Kevin De Bruyne
131248,2012-06-30,11/12,1158,11,FC Lorient,Arsenal,$0.00,"$1,500,000.00",-100.00%,Joel Campbell
153427,2012-06-30,11/12,114,985,Besiktas,Man Utd,$0.00,"$1,000,000.00",-100.00%,Bebé
52570,2012-05-31,11/12,371,762,Celtic,Newcastle,$0.00,"$2,000,000.00",-100.00%,Fraser Forster
110866,2012-05-31,11/12,2455,1003,Bristol Rovers,Leicester,$0.00,"$50,000.00",-100.00%,Tom Parkes
171679,2012-05-20,11/12,903,543,Hibernian FC,Wolves,$0.00,"$50,000.00",-100.00%,Matt Doherty
88262,2012-05-17,11/12,355,281,Bolton,Man City,$0.00,"$2,000,000.00",-100.00%,Dedryck Boyata
129688,2012-05-17,11/12,355,11,Bolton,Arsenal,$0.00,"$2,500,000.00",-100.00%,Ryo Miyaichi
33781,2012-05-01,11/12,3008,11,Hull City,Arsenal,$0.00,"$750,000.00",-100.00%,Vito Mannone
59543,2012-05-01,11/12,899,641,Walsall,Middlesbrough,$0.00,"$500,000.00",-100.00%,Andy Halliday
103819,2012-05-01,11/12,1181,31,Blackpool,Liverpool,$0.00,"$2,000,000.00",-100.00%,Danny Wilson
108725,2012-05-01,11/12,698,984,Bristol City,West Brom,$0.00,"$750,000.00",-100.00%,Chris Wood
62094,2012-04-05,11/12,991,762,MK Dons,Newcastle,$0.00,"$75,000.00",-100.00%,James Tavernier
41131,2012-04-01,11/12,2413,289,Bury,Sunderland,$0.00,"$250,000.00",-100.00%,Trevor Carson
61887,2012-03-28,11/12,1039,985,QPR,Man Utd,$0.00,"$3,000,000.00",-100.00%,Federico Macheda
41131,2012-02-01,11/12,3008,289,Hull City,Sunderland,$0.00,"$250,000.00",-100.00%,Trevor Carson
110866,2012-02-01,11/12,2963,1003,Burton Albion,Leicester,$0.00,"$50,000.00",-100.00%,Tom Parkes
88755,2012-01-31,11/12,1184,631,Genk,Chelsea,"$8,000,000.00","$9,000,000.00",-11.11%,Kevin De Bruyne
129688,2012-01-31,11/12,11,355,Arsenal,Bolton,$0.00,"$2,000,000.00",-100.00%,Ryo Miyaichi
145466,2012-01-26,11/12,623,355,New York,Bolton,"$3,100,000.00","$250,000.00",1140.00%,Tim Ream
176485,2012-01-20,11/12,585,631,São Paulo,Chelsea,"$7,500,000.00","$7,500,000.00",0.00%,Lucas Piazón
74810,2012-01-16,11/12,1132,281,Burnley,Man City,$0.00,"$100,000.00",-100.00%,Ben Mee
52119,2012-01-06,11/12,1071,631,Wigan,Chelsea,$0.00,"$1,500,000.00",-100.00%,Patrick van Aanholt
108725,2012-01-03,11/12,337,984,Birmingham,West Brom,$0.00,"$750,000.00",-100.00%,Chris Wood
55687,2011-12-31,11/12,1123,985,Norwich,Man Utd,$0.00,"$1,000,000.00",-100.00%,Ritchie De Laet
74297,2011-12-31,11/12,355,631,Bolton,Chelsea,$0.00,"$4,500,000.00",-100.00%,Gaël Kakuta
71292,2011-12-01,11/12,1181,31,Blackpool,Liverpool,$0.00,"$2,000,000.00",-100.00%,Jonjo Shelvey
41131,2011-10-01,11/12,2413,289,Bury,Sunderland,$0.00,"$250,000.00",-100.00%,Trevor Carson
49693,2011-09-23,11/12,1010,405,Watford,Aston Villa,$0.00,"$300,000.00",-100.00%,Andreas Weimann
88262,2011-09-01,11/12,281,355,Man City,Bolton,$0.00,"$2,500,000.00",-100.00%,Dedryck Boyata
110866,2011-09-01,11/12,2963,1003,Burton Albion,Leicester,$0.00,"$50,000.00",-100.00%,Tom Parkes
74297,2011-08-31,11/12,631,355,Chelsea,Bolton,$0.00,"$4,500,000.00",-100.00%,Gaël Kakuta
102427,2011-08-31,11/12,866,31,Nacional,Liverpool,"$12,000,000.00","$2,500,000.00",380.00%,Sebastián Coates
44068,2011-08-24,11/12,1049,631,Valencia,Chelsea,"$26,700,000.00","$26,000,000.00",2.69%,Juan Mata
96341,2011-08-08,11/12,58,631,RSC Anderlecht,Chelsea,"$15,000,000.00","$15,000,000.00",0.00%,Romelu Lukaku
143424,2011-08-08,11/12,180,11,Southampton,Arsenal,"$13,800,000.00","$2,500,000.00",452.00%,Alex Oxlade-Chamberlain
66100,2011-08-04,11/12,2464,631,Barcelona B,Chelsea,"$4,600,000.00","$2,500,000.00",84.00%,Oriol Romeu
108390,2011-07-26,11/12,1184,631,Genk,Chelsea,"$8,950,000.00","$4,000,000.00",123.75%,Thibaut Courtois
130108,2011-07-25,11/12,458,931,US Palermo,Fulham,"$1,600,000.00","$2,100,000.00",-23.81%,Pajtim Kasami
40613,2011-07-07,11/12,9250,180,Chelsea Res.,Southampton,"$840,000.00","$1,000,000.00",-16.00%,Jack Cork
107010,2011-07-06,11/12,669,281,Partizan,Man City,"$12,000,000.00","$6,000,000.00",100.00%,Stefan Savic
14086,2011-07-01,11/12,405,985,Aston Villa,Man Utd,"$18,000,000.00","$18,000,000.00",0.00%,Ashley Young
16911,2011-07-01,11/12,399,1003,Leeds,Leicester,"$1,680,000.00","$1,000,000.00",68.00%,Kasper Schmeichel
59377,2011-07-01,11/12,13,985,Atlético,Man Utd,"$25,000,000.00","$12,000,000.00",108.33%,David de Gea
61651,2011-07-01,11/12,289,31,Sunderland,Liverpool,"$18,000,000.00","$8,500,000.00",111.76%,Jordan Henderson
74869,2011-07-01,11/12,9249,11,Arsenal Res.,Arsenal,,"$1,300,000.00",-100.00%,Francis Coquelin
77715,2011-07-01,11/12,1089,641,Darlington,Middlesbrough,$0.00,"$75,000.00",-100.00%,Curtis Main
134270,2011-07-01,11/12,1089,931,Darlington,Fulham,,"$25,000.00",-100.00%,Dan Burn
164265,2011-07-01,11/12,6503,289,Chunnam Dragons,Sunderland,"$2,400,000.00","$900,000.00",166.67%,Dong-won Ji
55687,2011-06-30,10/11,1020,985,Portsmouth,Man Utd,$0.00,"$1,250,000.00",-100.00%,Ritchie De Laet
61887,2011-06-30,10/11,1038,985,Sampdoria,Man Utd,$0.00,"$2,800,000.00",-100.00%,Federico Macheda
74683,2011-06-30,10/11,499,631,Vitesse,Chelsea,$0.00,"$3,000,000.00",-100.00%,Nemanja Matić
129688,2011-06-30,10/11,234,11,Feyenoord,Arsenal,$0.00,"$2,000,000.00",-100.00%,Ryo Miyaichi
52119,2011-05-31,10/11,1003,631,Leicester,Chelsea,$0.00,"$1,000,000.00",-100.00%,Patrick van Aanholt
52570,2011-05-31,10/11,371,762,Celtic,Newcastle,$0.00,"$2,000,000.00",-100.00%,Fraser Forster
67063,2011-05-31,10/11,289,985,Sunderland,Man Utd,$0.00,"$6,000,000.00",-100.00%,Danny Welbeck
74297,2011-05-31,10/11,931,631,Fulham,Chelsea,$0.00,"$3,000,000.00",-100.00%,Gaël Kakuta
88721,2011-05-31,10/11,1003,631,Leicester,Chelsea,$0.00,"$2,000,000.00",-100.00%,Jeffrey Bruma
108725,2011-05-31,10/11,1237,984,Brighton,West Brom,$0.00,"$750,000.00",-100.00%,Chris Wood
121477,2011-05-31,10/11,1088,984,Rochdale,West Brom,$0.00,"$200,000.00",-100.00%,Craig Dawson
157506,2011-05-31,10/11,1148,1003,Brentford,Leicester,$0.00,"$50,000.00",-100.00%,Jeffrey Schlupp
33781,2011-05-08,10/11,3008,11,Hull City,Arsenal,$0.00,"$1,000,000.00",-100.00%,Vito Mannone
28285,2011-05-01,10/11,1123,31,Norwich,Liverpool,$0.00,"$100,000.00",-100.00%,Dani Pacheco
110866,2011-05-01,10/11,2963,1003,Burton Albion,Leicester,$0.00,"$50,000.00",-100.00%,Tom Parkes
41131,2011-04-01,10/11,1148,289,Brentford,Sunderland,$0.00,"$250,000.00",-100.00%,Trevor Carson
91340,2011-02-21,10/11,9249,180,Arsenal Res.,Southampton,$0.00,"$50,000.00",-100.00%,James Shea
88721,2011-02-11,10/11,631,1003,Chelsea,Leicester,$0.00,"$2,000,000.00",-100.00%,Jeffrey Bruma
41131,2011-02-01,10/11,1198,289,Lincoln City,Sunderland,$0.00,"$250,000.00",-100.00%,Trevor Carson
44352,2011-01-31,10/11,610,31,Ajax,Liverpool,"$26,500,000.00","$25,000,000.00",6.00%,Luis Suárez
124495,2011-01-28,10/11,47,29,Iraklis,Everton,"$300,000.00","$600,000.00",-50.00%,Apostolos Vellios
52119,2011-01-26,10/11,631,1003,Chelsea,Leicester,$0.00,"$1,000,000.00",-100.00%,Patrick van Aanholt
74297,2011-01-25,10/11,631,931,Chelsea,Fulham,$0.00,"$1,000,000.00",-100.00%,Gaël Kakuta
28396,2011-01-07,10/11,82,281,Wolfsburg,Man City,"$37,000,000.00","$30,000,000.00",23.33%,Edin Dzeko
95424,2011-01-05,10/11,148,405,Tottenham,Aston Villa,$0.00,"$2,000,000.00",-100.00%,Kyle Walker
110866,2011-01-01,10/11,972,1003,Yeovil Town,Leicester,$0.00,"$25,000.00",-100.00%,Tom Parkes
55687,2010-12-30,10/11,466,985,Preston,Man Utd,$0.00,"$1,250,000.00",-100.00%,Ritchie De Laet
108725,2010-11-14,10/11,349,984,Barnsley,West Brom,$0.00,"$750,000.00",-100.00%,Chris Wood
55687,2010-10-24,10/11,350,985,Sheff Utd,Man Utd,$0.00,"$1,250,000.00",-100.00%,Ritchie De Laet
121477,2010-08-31,10/11,1088,984,Rochdale,West Brom,"$300,000.00","$200,000.00",50.00%,Craig Dawson
61838,2010-08-20,10/11,148,873,Tottenham,Crystal Palace,$0.00,"$125,000.00",-100.00%,Jonathan Obika
3333,2010-08-17,10/11,405,281,Aston Villa,Man City,"$22,000,000.00","$20,000,000.00",10.00%,James Milner
45146,2010-08-12,10/11,46,281,Inter,Man City,"$29,500,000.00","$26,000,000.00",13.46%,Mario Balotelli
67063,2010-08-12,10/11,985,289,Man Utd,Sunderland,$0.00,"$2,500,000.00",-100.00%,Danny Welbeck
153427,2010-08-01,10/11,2420,985,Vit. Guimarães,Man Utd,"$8,800,000.00","$100,000.00",8700.00%,Bebé
26485,2010-07-01,10/11,41,281,Hamburger SV,Man City,"$12,500,000.00","$15,000,000.00",-16.67%,Jérôme Boateng
50219,2010-07-01,10/11,475,289,Sint-Truiden,Sunderland,"$2,500,000.00","$2,500,000.00",0.00%,Simon Mignolet
59543,2010-07-01,10/11,1241,641,Livingston FC,Middlesbrough,"$225,000.00","$150,000.00",50.00%,Andy Halliday
71292,2010-07-01,10/11,358,31,Charlton,Liverpool,"$2,000,000.00","$950,000.00",110.53%,Jonjo Shelvey
74810,2010-07-01,10/11,9265,281,Man City Res.,Man City,,"$50,000.00",-100.00%,Ben Mee
88262,2010-07-01,10/11,9265,281,Man City Res.,Man City,,"$500,000.00",-100.00%,Dedryck Boyata
103427,2010-07-01,10/11,931,985,Fulham,Man Utd,"$8,000,000.00","$2,000,000.00",300.00%,Chris Smalling
103819,2010-07-01,10/11,124,31,Rangers,Liverpool,"$2,750,000.00","$1,000,000.00",175.00%,Danny Wilson
143424,2010-07-01,10/11,6893,180,Southampton U18,Southampton,,"$50,000.00",-100.00%,Alex Oxlade-Chamberlain
46180,2010-06-30,09/10,3,985,1.FC Köln,Man Utd,$0.00,"$5,500,000.00",-100.00%,Zoran Tosic
34130,2010-05-31,09/10,2805,985,Wycombe,Man Utd,$0.00,"$1,500,000.00",-100.00%,Tom Heaton
40204,2010-05-31,09/10,337,281,Birmingham,Man City,$0.00,"$7,000,000.00",-100.00%,Joe Hart
52570,2010-05-31,09/10,1123,762,Norwich,Newcastle,$0.00,"$400,000.00",-100.00%,Fraser Forster
68390,2010-05-31,09/10,1181,29,Blackpool,Everton,$0.00,"$1,000,000.00",-100.00%,Séamus Coleman
73564,2010-05-31,09/10,1302,641,Northampton,Middlesbrough,$0.00,"$250,000.00",-100.00%,Jason Steele
44058,2010-05-30,09/10,1148,11,Brentford,Arsenal,$0.00,"$475,000.00",-100.00%,Wojciech Szczesny
29712,2010-05-01,09/10,987,29,Motherwell FC,Everton,$0.00,"$750,000.00",-100.00%,John Ruddy
110866,2010-05-01,09/10,2963,1003,Burton Albion,Leicester,$0.00,"$25,000.00",-100.00%,Tom Parkes
67063,2010-03-16,09/10,466,985,Preston,Man Utd,$0.00,"$2,500,000.00",-100.00%,Danny Welbeck
68327,2010-03-01,09/10,337,641,Birmingham,Middlesbrough,$0.00,"$700,000.00",-100.00%,Jay O'Shea
52119,2010-02-28,09/10,762,631,Newcastle,Chelsea,$0.00,"$50,000.00",-100.00%,Patrick van Aanholt
33873,2010-02-01,09/10,1020,512,Portsmouth,Stoke City,"$3,750,000.00","$1,500,000.00",150.00%,Asmir Begovic
34130,2010-01-31,09/10,1088,985,Rochdale,Man Utd,$0.00,"$1,500,000.00",-100.00%,Tom Heaton
52119,2010-01-29,09/10,631,762,Chelsea,Newcastle,$0.00,"$50,000.00",-100.00%,Patrick van Aanholt
33829,2010-01-09,09/10,873,180,Crystal Palace,Southampton,"$1,400,000.00","$1,500,000.00",-6.67%,José Fonte
34130,2009-11-08,09/10,1039,985,QPR,Man Utd,$0.00,"$1,500,000.00",-100.00%,Tom Heaton
52570,2009-08-27,09/10,2455,762,Bristol Rovers,Newcastle,$0.00,"$400,000.00",-100.00%,Fraser Forster
74683,2009-08-18,09/10,779,631,MFK Kosice,Chelsea,"$1,750,000.00","$1,500,000.00",16.67%,Nemanja Matić
81801,2009-08-14,09/10,6500,355,FC Seoul,Bolton,"$2,500,000.00","$2,000,000.00",25.00%,Chung-yong Lee
28285,2009-07-01,09/10,6922,31,Liverpool U18,Liverpool,,"$100,000.00",-100.00%,Dani Pacheco
58993,2009-07-01,09/10,9258,164,Blackburn Res.,Blackburn,,"$1,000,000.00",-100.00%,Junior Hoilett
73734,2009-07-01,09/10,1416,164,Amiens SC,Blackburn,"$580,000.00","$700,000.00",-17.14%,Steven Nzonzi
29712,2009-06-30,08/09,1042,29,Crewe Alexandra,Everton,$0.00,"$450,000.00",-100.00%,John Ruddy
34130,2009-05-31,08/09,603,985,Cardiff,Man Utd,$0.00,"$1,500,000.00",-100.00%,Tom Heaton
41131,2009-05-01,08/09,1219,289,Chesterfield,Sunderland,$0.00,"$100,000.00",-100.00%,Trevor Carson
61651,2009-04-06,08/09,990,289,Coventry,Sunderland,$0.00,"$50,000.00",-100.00%,Jordan Henderson
52380,2009-02-01,08/09,3371,1003,Cheltenham,Leicester,$0.00,"$50,000.00",-100.00%,Jonny Hayes
33027,2009-01-21,08/09,1220,762,Carlisle United,Newcastle,$0.00,"$900,000.00",-100.00%,Tim Krul
55687,2009-01-08,08/09,512,985,Stoke City,Man Utd,"$250,000.00","$300,000.00",-16.67%,Ritchie De Laet
46180,2009-01-01,08/09,669,985,Partizan,Man Utd,"$7,000,000.00","$4,250,000.00",64.71%,Zoran Tosic
68390,2009-01-01,08/09,8780,29,Sligo Rovers,Everton,"$70,000.00","$125,000.00",-44.00%,Séamus Coleman
61592,2008-12-31,08/09,22,379,Derby,West Ham,$0.00,"$800,000.00",-100.00%,James Tomkins
55687,2008-12-01,08/09,1112,512,Wrexham,Stoke City,$0.00,"$300,000.00",-100.00%,Ritchie De Laet
52570,2008-11-02,08/09,1098,762,Stockport,Newcastle,$0.00,"$400,000.00",-100.00%,Fraser Forster
3333,2008-08-29,08/09,762,405,Newcastle,Aston Villa,"$15,000,000.00","$8,750,000.00",71.43%,James Milner
38746,2008-08-26,08/09,148,180,Tottenham,Southampton,$0.00,"$500,000.00",-100.00%,Tomas Pekhart
40613,2008-08-21,08/09,9250,180,Chelsea Res.,Southampton,$0.00,"$600,000.00",-100.00%,Jack Cork
14555,2008-07-18,08/09,31,984,Liverpool,West Brom,"$4,000,000.00","$6,000,000.00",-33.33%,Scott Carson
33027,2008-07-01,08/09,9253,762,Newcastle Res.,Newcastle,,"$900,000.00",-100.00%,Tim Krul
44058,2008-07-01,08/09,5679,11,Arsenal U18,Arsenal,,"$100,000.00",-100.00%,Wojciech Szczesny
56818,2008-07-01,08/09,667,180,R. Strasbourg,Southampton,"$1,500,000.00","$1,200,000.00",25.00%,Morgan Schneiderlin
14555,2008-06-30,07/08,405,31,Aston Villa,Liverpool,$0.00,"$5,250,000.00",-100.00%,Scott Carson
16911,2008-05-31,07/08,990,281,Coventry,Man City,$0.00,"$1,000,000.00",-100.00%,Kasper Schmeichel
52380,2008-05-31,07/08,1302,1003,Northampton,Leicester,$0.00,"$50,000.00",-100.00%,Jonny Hayes
42412,2008-05-12,07/08,289,985,Sunderland,Man Utd,$0.00,"$500,000.00",-100.00%,Jonny Evans
28140,2008-05-04,07/08,989,1003,Bournemouth,Leicester,$0.00,"$200,000.00",-100.00%,Max Gradel
28973,2008-05-01,07/08,124,931,Rangers,Fulham,$0.00,"$4,500,000.00",-100.00%,Steven Davis
29712,2008-05-01,07/08,1098,29,Stockport,Everton,$0.00,"$500,000.00",-100.00%,John Ruddy
52495,2008-05-01,07/08,1088,355,Rochdale,Bolton,$0.00,"$50,000.00",-100.00%,Chris Basham
42412,2008-01-04,07/08,985,289,Man Utd,Sunderland,$0.00,"$500,000.00",-100.00%,Jonny Evans
16911,2008-01-02,07/08,603,281,Cardiff,Man City,$0.00,"$500,000.00",-100.00%,Kasper Schmeichel
43530,2007-11-08,07/08,989,180,Bournemouth,Southampton,$0.00,"$50,000.00",-100.00%,Adam Lallana
55687,2007-08-31,07/08,1096,512,Royal Antwerp,Stoke City,"$150,000.00","$300,000.00",-50.00%,Ritchie De Laet
14555,2007-08-10,07/08,31,405,Liverpool,Aston Villa,$0.00,"$2,500,000.00",-100.00%,Scott Carson
12589,2007-08-08,07/08,43,289,Heart of Midl.,Sunderland,"$10,820,000.00","$6,000,000.00",80.33%,Craig Gordon
14555,2007-07-08,06/07,358,31,Charlton,Liverpool,$0.00,"$2,500,000.00",-100.00%,Scott Carson
33706,2007-07-02,07/08,336,985,Sporting,Man Utd,"$25,500,000.00","$25,000,000.00",2.00%,Nani
16911,2007-07-01,07/08,9265,281,Man City Res.,Man City,,"$250,000.00",-100.00%,Kasper Schmeichel
28140,2007-07-01,07/08,14389,1003,Leicester U18,Leicester,,"$200,000.00",-100.00%,Max Gradel
28973,2007-07-01,07/08,405,931,Aston Villa,Fulham,"$5,900,000.00","$4,600,000.00",28.26%,Steven Davis
29692,2007-07-01,07/08,255,11,Legia Warszawa,Arsenal,"$4,350,000.00","$2,500,000.00",74.00%,Lukasz Fabianski
33829,2007-07-01,07/08,294,873,Benfica,Crystal Palace,$0.00,"$500,000.00",-100.00%,José Fonte
29712,2007-05-01,06/07,698,29,Bristol City,Everton,$0.00,"$500,000.00",-100.00%,John Ruddy
40204,2007-05-01,06/07,1181,281,Blackpool,Man City,$0.00,"$250,000.00",-100.00%,Joe Hart
24846,2007-04-01,06/07,2805,931,Wycombe,Fulham,$0.00,"$1,000,000.00",-100.00%,Ricardo Batista
29712,2007-03-01,06/07,1112,29,Wrexham,Everton,$0.00,"$500,000.00",-100.00%,John Ruddy
40204,2007-02-01,06/07,1074,281,Tranmere Rovers,Man City,$0.00,"$250,000.00",-100.00%,Joe Hart
14086,2007-01-23,06/07,1010,405,Watford,Aston Villa,"$13,200,000.00","$6,500,000.00",103.08%,Ashley Young
27807,2007-01-01,06/07,1038,31,Sampdoria,Liverpool,$0.00,"$50,000.00",-100.00%,Daniele Padelli
24846,2006-12-01,06/07,2805,931,Wycombe,Fulham,$0.00,"$1,000,000.00",-100.00%,Ricardo Batista
29712,2006-11-01,06/07,1098,29,Stockport,Everton,$0.00,"$350,000.00",-100.00%,John Ruddy
33781,2006-10-23,06/07,349,11,Barnsley FC,Arsenal,$0.00,"$500,000.00",-100.00%,Vito Mannone
40204,2006-07-01,06/07,3054,281,Shrewsbury,Man City,"$900,000.00","$250,000.00",260.00%,Joe Hart
3333,2006-05-08,05/06,405,762,Aston Villa,Newcastle,$0.00,"$4,700,000.00",-100.00%,James Milner
14555,2006-05-01,05/06,1035,31,Sheff Wed,Liverpool,$0.00,"$1,750,000.00",-100.00%,Scott Carson
34130,2006-05-01,05/06,1096,985,Royal Antwerp,Man Utd,$0.00,"$100,000.00",-100.00%,Tom Heaton
24846,2006-04-01,05/06,991,931,MK Dons,Fulham,$0.00,"$1,000,000.00",-100.00%,Ricardo Batista
29712,2006-02-01,05/06,3613,29,Chester City,Everton,$0.00,"$350,000.00",-100.00%,John Ruddy
29712,2005-12-01,05/06,3536,29,Rush. & Diamon.,Everton,$0.00,"$350,000.00",-100.00%,John Ruddy
29712,2005-10-01,05/06,899,29,Walsall,Everton,$0.00,"$350,000.00",-100.00%,John Ruddy
3333,2005-08-31,05/06,762,405,Newcastle,Aston Villa,$0.00,"$5,500,000.00",-100.00%,James Milner
7825,2005-07-04,05/06,1050,31,Villarreal,Liverpool,"$9,800,000.00","$4,500,000.00",117.78%,Pepe Reina
29712,2005-07-01,05/06,986,29,Cambridge Utd.,Everton,"$375,000.00","$350,000.00",7.14%,John Ruddy
14555,2005-01-21,04/05,399,31,Leeds,Liverpool,"$1,400,000.00","$750,000.00",86.67%,Scott Carson
